model,benchmark_cop,benchmark_run,n_bootstrap,block_length,n_usable,n_qvarma_converged,qvarma_mean_iterations,lowest_loss_cop,d,sigma2,sigma2_star,s,v,s_star,v_star
qvarma,1,0,50,25,50,7,3761.3,1,0.007639099684,0.00122037812,0.0004253038305,0.2186729032,0.8205647285,0.3704183818,0.7297041643
qvarma,2,0,50,25,50,9,3680.0,533,0.01536257216,0.009706818364,0.01412094308,0.155928494,0.8651054154,0.1292802207,0.8855198043
qvarma,3,0,50,25,50,9,3605.8,634,0.0122069624,0.001903876062,0.001149993969,0.2797617076,0.7813954692,0.3599646269,0.7353132429
qvarma,4,0,50,25,50,17,3022.0,320,0.01690849703,0.002497374319,0.0008190678678,0.3383476659,0.7471900056,0.590806223,0.6286120745
qvarma,5,0,50,25,50,13,3542.9,5,0.007996021153,0.0008762370556,0.0009466722825,0.2701239717,0.7873247197,0.2598807453,0.7937259171
qvarma,6,0,50,25,50,16,3374.1,741,0.01267531994,0.001505878097,0.0009304096392,0.32663598,0.7537862798,0.4155486059,0.706439889
qvarma,7,0,50,25,50,13,3254.0,80,0.01865285569,0.000959894095,0.002273981707,0.6020515381,0.6241996442,0.3911576668,0.7188257836
qvarma,8,0,50,25,50,27,2932.6,620,0.01487399518,0.0008425615617,0.0003336214633,0.5124208768,0.6611916136,0.8143303946,0.5511675288
qvarma,9,0,50,25,50,31,2831.1,603,0.01060105189,0.0004253703108,0.0003866701601,0.5140026677,0.6605008177,0.5391115436,0.6497254888
qvarma,10,0,50,25,50,3,3919.5,199,0.02470090748,0.01230546599,0.004632622995,0.2226711114,0.8178814325,0.3629104131,0.7337239414
qvarma,11,0,50,25,50,26,2993.0,565,0.0098098662,0.0007643001299,0.0008435418697,0.3548388126,0.738095182,0.3377612024,0.7475175676
qvarma,12,0,50,25,50,13,3622.9,98,0.0168391206,0.00593775881,0.001274907973,0.2185285233,0.8206619549,0.4716067243,0.6795293766
qvarma,13,0,50,25,50,20,3368.7,724,0.01066576329,0.001004577809,0.0008852307833,0.3365116862,0.7482164281,0.3584789733,0.7361173928
qvarma,14,0,50,25,50,3,3896.8,504,0.01214457635,0.002760462554,0.0002734851555,0.2311486916,0.8122495738,0.7343709526,0.5765779221
qvarma,15,0,50,25,50,13,3551.7,77,0.008591762526,0.004766248597,0.001347598497,0.1244497188,0.8893238918,0.2340464218,0.8103422873
qvarma,16,0,50,25,50,6,3836.3,335,0.01462995085,0.003997850919,0.0022245594,0.2313819994,0.8120956783,0.310185051,0.7632509615
qvarma,17,0,50,25,50,1,3996.2,624,0.01216571864,0.003394111629,0.001001980545,0.2088212578,0.8272521628,0.3843333963,0.7223693387
qvarma,18,0,50,25,50,35,2662.0,603,0.01532046651,0.0008389690261,0.00168373287,0.5289310059,0.65405175,0.3733665395,0.728137734
qvarma,19,0,50,25,50,7,3715.1,666,0.009935759539,0.002684882793,0.004990233455,0.1917513396,0.8391012175,0.1406502928,0.8766928885
qvarma,20,0,50,25,50,5,3776.8,704,0.0146643984,0.004316519072,0.0006967498794,0.2232016593,0.8175266869,0.5555533872,0.642858039
qvarma,21,0,50,25,50,0,4000.0,127,0.01728187206,0.0130782958,0.003751166721,0.1511176557,0.8687209296,0.2821678976,0.7799290576
qvarma,22,0,50,25,50,19,3294.5,22,0.008031398472,0.0004308886311,0.0004221667041,0.386908843,0.7210279212,0.3908851618,0.7189666174
qvarma,23,0,50,25,50,12,3387.9,741,0.008329593393,0.004018134,0.000798542249,0.1314049103,0.8838568676,0.2947642792,0.7723413567
qvarma,24,0,50,25,50,13,3571.4,850,0.01283801524,0.001096291162,0.001842698443,0.3877349329,0.7205987082,0.2990685551,0.7697823153
qvarma,25,0,50,25,50,11,3646.1,64,0.009885967046,0.001235752263,0.0002419689381,0.2812246929,0.7805032213,0.635534819,0.6114207955
qvarma,26,0,50,25,50,5,3814.4,850,0.01175630967,0.008153706287,0.01792033386,0.1301947541,0.8848032575,0.0878209173,0.919268957
qvarma,27,0,50,25,50,2,3902.3,634,0.00964626896,0.001160645199,0.0006302844562,0.2831454761,0.77933486,0.384229821,0.7224233901
qvarma,28,0,50,25,50,12,3360.4,788,0.0149360976,0.002887261833,0.0008504030832,0.2779675235,0.7824924981,0.5121824931,0.6612958453
qvarma,29,0,50,25,50,6,3698.3,767,0.01535066147,0.009430154163,0.005141233571,0.1580766406,0.8635007088,0.2140885432,0.8236631551
qvarma,30,0,50,25,50,18,3244.6,741,0.008126076303,0.001394681581,0.0003692503575,0.2175922201,0.8212930269,0.4228832016,0.7027983737
qvarma,31,0,50,25,50,6,3760.3,850,0.009291242007,0.001076500618,0.0006688477664,0.2831826428,0.779312287,0.3592610473,0.7356938551
qvarma,32,0,50,25,50,28,2839.4,642,0.01373009277,0.0009136752395,0.001054337629,0.454231809,0.6876482785,0.4228473549,0.7028160797
qvarma,33,0,50,25,50,7,3618.4,799,0.01877151664,0.006117759494,0.006104092788,0.2399955355,0.8064545164,0.2402640533,0.8062799187
qvarma,34,0,50,25,50,12,3588.1,924,0.01249884165,0.003440940371,0.001998843839,0.21307436,0.8243517735,0.2795634125,0.7815165628
qvarma,35,0,50,25,50,29,2872.4,828,0.01270809132,0.001757370968,0.001153202691,0.3031437392,0.7673750561,0.3742204385,0.7276852912
qvarma,36,0,50,25,50,11,3350.8,191,0.01119174625,0.001338037293,0.001830143545,0.3059593614,0.7657206109,0.2616105644,0.7926376239
qvarma,37,0,50,25,50,0,4000.0,24,0.0114766628,0.001557153022,0.0003121111483,0.2908372136,0.7746910218,0.6496223839,0.6061993398
qvarma,38,0,50,25,50,7,3722.6,504,0.01274389496,0.003333296456,0.0008642092997,0.2207319566,0.8191806519,0.4335036071,0.6975915478
qvarma,39,0,50,25,50,10,3749.1,256,0.01431703115,0.005099517275,0.007706526927,0.2004880243,0.8329945653,0.1630886057,0.8597797237
qvarma,40,0,50,25,50,23,2688.6,505,0.01158831943,0.0007594056585,0.0004381045007,0.4205169865,0.7039690546,0.5536452784,0.6436475648
qvarma,41,0,50,25,50,1,3973.3,647,0.0126982584,0.0007478149647,0.001573150688,0.4643517478,0.6828960333,0.3201540485,0.7574873562
qvarma,42,0,50,25,50,22,3089.6,18,0.02514915862,0.001095001123,0.001258000317,0.7600045245,0.5681803575,0.7090601608,0.5851169098
qvarma,43,0,50,25,50,30,2694.0,603,0.01874797775,0.002092571447,0.0003827672862,0.4098399424,0.7093003751,0.958268082,0.5106553128
qvarma,44,0,50,25,50,24,3033.3,320,0.01965110015,0.001653694004,0.002289357992,0.4832360137,0.6742015369,0.4107050228,0.708865414
qvarma,45,0,50,25,50,32,2766.0,189,0.01203037529,0.000991251321,0.001670038002,0.3821090167,0.7235319269,0.2943852178,0.7725675373
qvarma,46,0,50,25,50,0,4000.0,77,0.01311251522,0.002340247489,0.0007273255226,0.2710535573,0.7867489094,0.4862074302,0.6728535867
qvarma,47,0,50,25,50,9,3556.8,534,0.01378255841,0.002373092259,0.001082249843,0.2829257855,0.7794683148,0.4189537441,0.7047446079
qvarma,48,0,50,25,50,27,2838.2,9,0.01582880342,0.0009088876974,0.0003821017636,0.5250407034,0.6557202032,0.809764185,0.5525581776
qvarma,49,0,50,25,50,22,3249.5,924,0.01009067028,0.00162591708,0.0005358380461,0.2502481173,0.7998412364,0.435916434,0.6964193572
qvarma,50,0,50,25,50,2,3918.6,770,0.01611001084,0.0007426403663,0.000106273096,0.5911620641,0.6284714943,1.56273078,0.39020876
qvarma,51,0,50,25,50,20,3027.8,590,0.0224426818,0.003414312901,0.0006475340301,0.3840812376,0.7225009434,0.881948962,0.5313640381
qvarma,52,0,50,25,50,29,2716.3,704,0.02387090738,0.0122536141,0.001007394838,0.2156437265,0.8226094358,0.7520887064,0.5707473579
qvarma,53,0,50,25,50,8,3842.3,504,0.009880047266,0.003117676289,0.0001990176226,0.1769471256,0.8496558411,0.700346972,0.5881152591
qvarma,54,0,50,25,50,18,3234.9,191,0.01470528426,0.001117269559,0.001659137697,0.4399410033,0.6944728969,0.361020787,0.7347426355
qvarma,55,0,50,25,50,10,3693.8,739,0.01444156157,0.01048278598,0.002420993243,0.1410508789,0.87638511,0.2935062593,0.7730925094
qvarma,56,0,50,25,50,12,3605.8,924,0.01296144592,0.001326518133,0.0006349353348,0.3558744891,0.7375313925,0.5143854835,0.6603338522
qvarma,57,0,50,25,50,13,3441.0,395,0.02515217656,0.0006640503845,0.0006056536635,0.976056722,0.5060583479,1.022029423,0.4945526453
qvarma,58,0,50,25,50,14,3593.4,58,0.007072156864,0.0002650348606,0.0001248512496,0.4344105704,0.6971504677,0.6329296462,0.612396255
qvarma,59,0,50,25,50,6,3792.2,656,0.00871180022,0.001168288661,0.0002326916632,0.2548782794,0.7968900382,0.5711070162,0.6364938796
qvarma,60,0,50,25,50,11,3236.2,22,0.008771857519,0.001097852708,0.001474191344,0.264739979,0.7906763577,0.2284623504,0.8140257613
qvarma,61,0,50,25,50,10,3584.5,205,0.01529773041,0.001340903368,0.001155423144,0.4177613543,0.7053373242,0.4500455502,0.6896335083
qvarma,62,0,50,25,50,21,3243.0,620,0.01842668547,0.003093220055,0.002289390002,0.3313155459,0.7511367257,0.3851122487,0.7219631484
qvarma,63,0,50,25,50,19,2626.4,168,0.0400158969,0.008421819542,0.003377700733,0.4360432719,0.6963578463,0.688528579,0.5922316107
qvarma,64,0,50,25,50,26,2823.1,799,0.01004153202,0.002191571788,0.0001970914275,0.2144974467,0.8233858397,0.7152635765,0.5830007782
qvarma,65,0,50,25,50,31,2756.0,603,0.01442815209,0.000698575991,0.0005720315745,0.5458884228,0.6468772165,0.6032546956,0.6237312155
qvarma,66,0,50,25,50,31,2634.9,505,0.02310640886,0.001450988539,0.0007258705306,0.6065972858,0.6224335176,0.8576357407,0.5383186693
qvarma,67,0,50,25,50,2,3950.7,536,0.01544380803,0.003884394024,0.0004412001941,0.2477951238,0.8014136142,0.7352525632,0.5762849865
qvarma,68,0,50,25,50,5,3928.5,349,0.01345432747,0.0008657474796,0.001072702386,0.4572633313,0.6862177745,0.4107923721,0.7088215245
qvarma,69,0,50,25,50,22,3061.2,249,0.01322598253,0.0005161278999,0.0005279420447,0.5821692692,0.6320436248,0.5756186011,0.6346713598
qvarma,70,0,50,25,50,18,3181.8,554,0.01152976416,0.001156636656,0.001216802654,0.3390173681,0.7468163026,0.3305295937,0.7515804269
qvarma,71,0,50,25,50,32,2863.8,934,0.013535399,0.0007291064481,0.0003787605628,0.5012744775,0.6661007131,0.6954864705,0.5898012266
qvarma,72,0,50,25,50,2,3900.8,127,0.0133129626,0.001611544614,0.0005158323649,0.3316297973,0.7509594649,0.5861657221,0.6304511477
qvarma,73,0,50,25,50,9,3771.8,80,0.01551679844,0.001026444742,0.001318250349,0.4843221501,0.6737081973,0.4273691523,0.7005896116
qvarma,74,0,50,25,50,23,3093.8,603,0.01199695018,0.001930175444,0.002240633653,0.2730690392,0.7855033539,0.2534459922,0.7978006282
qvarma,75,0,50,25,50,23,2899.5,724,0.01570415517,0.007240244931,0.002452642635,0.184560156,0.8441952018,0.3171008755,0.7592432885
qvarma,76,0,50,25,50,19,3349.9,799,0.009412430572,0.0009264320636,0.0001572909665,0.3092395247,0.7638021776,0.7504986153,0.5712658046
qvarma,77,0,50,25,50,6,3691.2,77,0.009234319574,0.001960265025,0.0003575889005,0.2085679174,0.8274255717,0.488329415,0.6718942661
qvarma,78,0,50,25,50,31,2802.3,78,0.01370320054,0.0005438079076,0.0007430248199,0.5876236335,0.6298722058,0.5027132741,0.6654629444
qvarma,79,0,50,25,50,1,3983.4,374,0.02123529185,0.002660586261,0.001457500466,0.4116892834,0.7083711775,0.5562293268,0.6425788171
qvarma,80,0,50,25,50,7,3781.7,924,0.01075272999,0.0007665736638,0.0005175174551,0.3883665286,0.7202708935,0.4726680413,0.6790396559
qvarma,81,0,50,25,50,24,3036.6,620,0.01119798924,0.001041742754,0.001666174724,0.3469443359,0.7424211776,0.2743340878,0.7847235741
qvarma,82,0,50,25,50,14,3363.0,127,0.01743186942,0.00705838914,0.002461969917,0.2074871307,0.8281661763,0.3513197727,0.7400172929
qvarma,83,0,50,25,50,1,3995.3,624,0.01544126741,0.001496097445,0.002028050188,0.3992114633,0.7146882557,0.3428811379,0.7446675449
qvarma,84,0,50,25,50,7,3732.3,666,0.01403909278,0.007433229073,0.001604695723,0.1628359476,0.8599665345,0.3504634215,0.7404865501
qvarma,85,0,50,25,50,10,3683.5,799,0.01050470306,0.0006011150427,0.0004014451124,0.4284547703,0.7000571672,0.5242889363,0.6560435992
qvarma,86,0,50,25,50,1,3965.2,77,0.01587579692,0.007276740797,0.002890152452,0.1861088743,0.8430929248,0.2953079637,0.7720171789
qvarma,87,0,50,25,50,5,3799.8,647,0.007860224215,0.002498835625,0.0003349243924,0.1572411061,0.8641241611,0.4294983952,0.6995460809
qvarma,88,0,50,25,50,28,2752.2,745,0.00852531295,0.006362601887,0.0005307320708,0.1068791411,0.9034410017,0.3700604429,0.7298948051
qvarma,89,0,50,25,50,5,3928.6,637,0.146964316,0.01688755575,0.02110991155,1.130911186,0.469282815,1.01150653,0.4971398228
qvarma,90,0,50,25,50,26,2834.8,799,0.007799717528,0.0004216975148,0.0001646372368,0.3798204587,0.7247319705,0.6078757809,0.6219385924
qvarma,91,0,50,25,50,12,3205.7,249,0.01238991356,0.000693426455,0.001250702152,0.4705091496,0.6800365712,0.3503412925,0.7405535219
qvarma,92,0,50,25,50,2,3973.4,672,0.07275490578,0.001492498561,0.03572657033,1.883238491,0.3468322177,0.3849165807,0.722065151
qvarma,93,0,50,25,50,16,3496.7,223,0.009472620281,0.009220459074,0.0006243552223,0.09864926556,0.910208591,0.3791004101,0.7251103637
qvarma,94,0,50,25,50,6,3820.6,24,0.01140074605,0.001550131509,0.0005530255682,0.2895669554,0.7754541133,0.4847978293,0.6734923639
qvarma,95,0,50,25,50,2,3939.2,80,0.0450360258,0.003977877031,0.003658616717,0.7140594688,0.5834103298,0.7445632594,0.5732093661
qvarma,96,0,50,25,50,3,3942.5,996,0.01780584773,0.007931548569,0.002821921377,0.1999326218,0.8333801264,0.3351893416,0.7489574466
qvarma,97,0,50,25,50,12,3670.8,782,0.008735170506,0.003668510686,0.0002427151943,0.1442203325,0.8739575514,0.5606901212,0.6407421861
qvarma,98,0,50,25,50,2,3925.9,189,0.008066207103,0.0004320305508,0.0002682100791,0.3880718483,0.7204238031,0.4925290166,0.6700037245
qvarma,99,0,50,25,50,2,3974.9,666,0.01101211453,0.001830664788,0.001271293126,0.2573749679,0.795307705,0.3088501882,0.7640293817
qvarma,100,0,50,25,50,25,3083.5,642,0.01533761572,0.001720802408,0.00239685573,0.3697365205,0.7300674144,0.3132830552,0.7614504703
lp_lin,1,0,50,25,50,7,3761.3,729,1.791947035,10.53850739,0.3681914921,0.551995601,0.6443317232,2.953168957,0.2529616141
lp_lin,2,0,50,25,50,9,3680.0,191,1.054446336,6.203811575,0.2818176172,0.423345729,0.7025699938,1.98627974,0.3348648108
lp_lin,3,0,50,25,50,9,3605.8,855,1.693608266,6.123396351,0.2001854608,0.6844106819,0.5936794457,3.785268569,0.2089746867
lp_lin,4,0,50,25,50,17,3022.0,410,0.9173399182,1.837082155,0.2528818954,0.6768088096,0.5963709126,1.824195682,0.3540831135
lp_lin,5,0,50,25,50,13,3542.9,191,1.077553689,4.29707125,0.4842943674,0.5198195879,0.657972833,1.548403731,0.392402502
lp_lin,6,0,50,25,50,16,3374.1,850,0.9254650082,4.316775856,0.6351509122,0.4454308098,0.6918352599,1.161238804,0.4626975966
lp_lin,7,0,50,25,50,13,3254.0,252,1.397077646,12.159756,0.2395596918,0.4006435114,0.713957543,2.854392364,0.2594442666
lp_lin,8,0,50,25,50,27,2932.6,620,1.261009977,4.804451678,0.3158730294,0.5753029591,0.6347985283,2.243686888,0.3082911621
lp_lin,9,0,50,25,50,31,2831.1,9,13.41232085,1006.99555,0.4742252195,0.4226590362,0.7029091121,19.4765312,0.04883639666
lp_lin,10,0,50,25,50,3,3919.5,878,1.34238165,11.0401665,0.2796600281,0.4040063538,0.712247489,2.538404379,0.2826132609
lp_lin,11,0,50,25,50,26,2993.0,874,0.982892696,3.018188378,0.4025785446,0.5657609087,0.6386671135,1.549104784,0.3922945837
lp_lin,12,0,50,25,50,13,3622.9,475,2.898574999,89.90851092,1.159068146,0.3056920466,0.7658773771,2.692340949,0.2708308939
lp_lin,13,0,50,25,50,20,3368.7,13,5.426087974,194.723824,0.6712325777,0.3888456867,0.7200223967,6.622932328,0.1311831139
lp_lin,14,0,50,25,50,3,3896.8,641,2.404433578,26.9719419,1.057664264,0.4629740791,0.68353911,2.337969648,0.2995833112
lp_lin,15,0,50,25,50,13,3551.7,134,2.215876199,37.73422019,0.7683319372,0.3607262965,0.7349016496,2.527964959,0.2834495273
lp_lin,16,0,50,25,50,6,3836.3,172,1.024483918,3.244506245,0.2353225405,0.5687623477,0.6374451819,2.111900151,0.3213470714
lp_lin,17,0,50,25,50,1,3996.2,875,1.193888467,7.206255132,0.3555349905,0.4447428143,0.6921647162,2.002269733,0.3330813314
lp_lin,18,0,50,25,50,35,2662.0,627,1.908205211,31.39719662,0.3917905431,0.3405490249,0.7459630207,3.048583558,0.2469999657
lp_lin,19,0,50,25,50,7,3715.1,914,1.248761092,10.61033952,0.2234157591,0.3833669929,0.7228739771,2.641936999,0.2745791595
lp_lin,20,0,50,25,50,5,3776.8,307,2.806427857,81.34890523,0.8211584419,0.3111558899,0.7626858161,3.096994268,0.2440813764
lp_lin,21,0,50,25,50,0,4000.0,392,2.817428379,41.60660388,0.8643546382,0.4367890584,0.6959963915,3.030448454,0.2481113482
lp_lin,22,0,50,25,50,19,3294.5,337,1.422414264,7.926240277,0.7714273858,0.5052338989,0.6643485778,1.619491126,0.3817535361
lp_lin,23,0,50,25,50,12,3387.9,673,1.326587653,10.47572544,0.9162732749,0.4098678911,0.7092863142,1.385873023,0.4191337889
lp_lin,24,0,50,25,50,13,3571.4,914,0.9963384545,3.700137373,0.3159335522,0.5179620827,0.6587779836,1.772592949,0.3606732104
lp_lin,25,0,50,25,50,11,3646.1,678,2.90743293,114.4028553,3.847035491,0.2718261744,0.7862709701,1.482335838,0.4028463775
lp_lin,26,0,50,25,50,5,3814.4,688,2.429127816,37.35282529,0.7092556109,0.3974556169,0.7155862325,2.884356765,0.2574428819
lp_lin,27,0,50,25,50,2,3902.3,220,1.216666245,5.906854022,0.3151859416,0.5006028758,0.6663988295,2.167145349,0.3157417453
lp_lin,28,0,50,25,50,12,3360.4,731,1.56887908,20.63029545,0.4241343562,0.3454114646,0.7432670423,2.409005244,0.2933407045
lp_lin,29,0,50,25,50,6,3698.3,789,3.002950961,70.74346769,0.6966886743,0.3570302944,0.7369032247,3.597732463,0.2174985187
lp_lin,30,0,50,25,50,18,3244.6,598,0.8517445332,2.831748619,0.485684215,0.5061532224,0.6639430737,1.222172086,0.4500101528
lp_lin,31,0,50,25,50,6,3760.3,285,0.8592470295,1.987260572,0.2980430325,0.6095237484,0.6213017987,1.573905136,0.3885147071
lp_lin,32,0,50,25,50,28,2839.4,172,0.9550765453,2.744184768,0.3042533358,0.5765427365,0.634299329,1.731492065,0.3661002764
lp_lin,33,0,50,25,50,7,3618.4,555,2.217704015,31.49235236,0.3582770459,0.3951855278,0.716750554,3.705050147,0.212537586
lp_lin,34,0,50,25,50,12,3588.1,515,2.207244259,54.91368792,0.9479009105,0.2978585632,0.7704999823,2.267090858,0.3060827028
lp_lin,35,0,50,25,50,29,2872.4,255,1.128053084,6.111245417,0.2342807033,0.4563149262,0.6866646644,2.330565309,0.3002493292
lp_lin,36,0,50,25,50,11,3350.8,437,0.7906887352,1.635623805,0.1415470061,0.6182495945,0.6179516457,2.101624911,0.3224116483
lp_lin,37,0,50,25,50,0,4000.0,597,1.182014232,3.161186947,0.3658140983,0.6648101106,0.6006691055,1.954305644,0.3384890125
lp_lin,38,0,50,25,50,7,3722.6,605,5.095136359,128.823843,1.702234999,0.4489083524,0.6901747777,3.905224934,0.2038642495
lp_lin,39,0,50,25,50,10,3749.1,226,1.104494643,7.458291365,0.338243615,0.4044305379,0.7120323668,1.89910427,0.3449341269
lp_lin,40,0,50,25,50,23,2688.6,717,0.812853512,4.214897056,0.2456444533,0.3959303561,0.7163681165,1.640056484,0.3787797747
lp_lin,41,0,50,25,50,1,3973.3,233,2.68469997,37.77124077,1.937096338,0.4368326913,0.6959752559,1.928946346,0.3414197058
lp_lin,42,0,50,25,50,22,3089.6,875,1.262298437,11.48781423,0.3619409605,0.3724288727,0.7286352101,2.098182098,0.3227699239
lp_lin,43,0,50,25,50,30,2694.0,754,4.598789715,200.9503742,0.2789818822,0.3244136668,0.755051103,8.706739511,0.1030212049
lp_lin,44,0,50,25,50,24,3033.3,437,0.7493278425,1.336426719,0.1537468292,0.6481854751,0.606727832,1.911035637,0.3435203565
lp_lin,45,0,50,25,50,32,2766.0,875,1.173648471,12.03900527,0.3642182694,0.3382538396,0.7472423919,1.944720419,0.3395908127
lp_lin,46,0,50,25,50,0,4000.0,810,6.759851539,334.7297336,2.479320928,0.3694792148,0.7302045837,4.293097827,0.1889252821
lp_lin,47,0,50,25,50,9,3556.8,410,0.7028475558,1.71002215,0.2420815419,0.5374774784,0.6504160315,1.428500183,0.4117767859
lp_lin,48,0,50,25,50,27,2838.2,56,13.33560407,924.0805151,0.4820401875,0.4386900523,0.695076746,19.20751007,0.0494865521
lp_lin,49,0,50,25,50,22,3249.5,262,23.6922103,3488.033526,2.489560352,0.4011578117,0.7136954821,15.0156539,0.06243891174
lp_lin,50,0,50,25,50,2,3918.6,948,0.9241760582,3.086388863,0.4447905765,0.526052867,0.6552852929,1.385724593,0.4191598657
lp_lin,51,0,50,25,50,20,3027.8,754,4.978024907,170.7345039,0.2077617104,0.3809749465,0.7241260984,10.9212993,0.08388347401
lp_lin,52,0,50,25,50,29,2716.3,98,4.74393734,252.5148601,3.317786931,0.2985351505,0.7700985219,2.604442046,0.2774354497
lp_lin,53,0,50,25,50,8,3842.3,673,1.860403902,15.11761467,1.1444367,0.4784820014,0.6763694107,1.739047136,0.3650904677
lp_lin,54,0,50,25,50,18,3234.9,437,0.7630787947,1.394973493,0.1598456956,0.6460801638,0.6075038276,1.908617547,0.3438059435
lp_lin,55,0,50,25,50,10,3693.8,758,3.338842666,136.0472916,1.055338134,0.2862536311,0.7774516439,3.250125559,0.2352871665
lp_lin,56,0,50,25,50,12,3605.8,412,9.113225192,777.9790395,1.378392132,0.3267293538,0.7537332291,7.762215741,0.1141263842
lp_lin,57,0,50,25,50,13,3441.0,717,0.7674600492,2.039418443,0.1884524144,0.5374061176,0.6504462214,1.767888718,0.3612862012
lp_lin,58,0,50,25,50,14,3593.4,58,12.63321295,1477.432574,6.842047908,0.3286699372,0.7526323672,4.829706743,0.1715352151
lp_lin,59,0,50,25,50,6,3792.2,261,3.360965716,79.44108474,0.8411734034,0.3770869471,0.7261705603,3.664555607,0.2143826946
lp_lin,60,0,50,25,50,11,3236.2,620,1.409399161,13.85488664,0.6722001828,0.3786452562,0.7253497558,1.719034907,0.3677775514
lp_lin,61,0,50,25,50,10,3584.5,911,0.9399861892,3.16644929,0.2330723625,0.5282447678,0.6543454433,1.947045424,0.3393229001
lp_lin,62,0,50,25,50,21,3243.0,863,1.485025759,5.041181792,0.2405510062,0.6614055082,0.6019000148,3.027822403,0.2482731114
lp_lin,63,0,50,25,50,19,2626.4,724,2.746595426,75.31939776,1.97072258,0.3164763587,0.7596034622,1.956509433,0.338236702
lp_lin,64,0,50,25,50,26,2823.1,60,2.82833068,87.9386146,2.60069567,0.3016062763,0.7682814828,1.753821611,0.363131728
lp_lin,65,0,50,25,50,31,2756.0,603,4.258544441,146.0118737,0.4070747358,0.3524253151,0.7394123645,6.674582554,0.1303002467
lp_lin,66,0,50,25,50,31,2634.9,44,0.8974550552,3.02168915,0.1629199488,0.5162829889,0.6595074978,2.223440826,0.3102275035
lp_lin,67,0,50,25,50,2,3950.7,423,1.139815076,6.885074359,0.8683192378,0.4343902606,0.6971603388,1.223192151,0.4498036752
lp_lin,68,0,50,25,50,5,3928.5,555,1.347246994,5.429802312,0.4603720188,0.5781695486,0.6336454793,1.985604569,0.3349405378
lp_lin,69,0,50,25,50,22,3061.2,69,1.428826746,7.316465333,0.3122072999,0.528237114,0.6543487204,2.557160836,0.2811230771
lp_lin,70,0,50,25,50,18,3181.8,519,0.8507959579,2.535669106,0.2772568444,0.5342925619,0.6517661786,1.615787634,0.3822940315
lp_lin,71,0,50,25,50,32,2863.8,749,1.624591077,15.58301815,0.2084613177,0.4115458961,0.7084431351,3.558207938,0.2193844628
lp_lin,72,0,50,25,50,2,3900.8,519,0.8589539092,4.59337276,0.3198387356,0.4007781306,0.7138889294,1.518813087,0.3970123886
lp_lin,73,0,50,25,50,9,3771.8,432,1.712145585,12.28603679,0.4628528663,0.4884665003,0.6718323857,2.516629085,0.2843632285
lp_lin,74,0,50,25,50,23,3093.8,71,1.788669322,31.66456877,0.3855645276,0.317865409,0.7588028285,2.88059049,0.257692741
lp_lin,75,0,50,25,50,23,2899.5,239,2.13388795,15.87637648,0.3141031665,0.5355449353,0.6512346054,3.807460914,0.2080100115
lp_lin,76,0,50,25,50,19,3349.9,643,1.362032724,8.251623296,0.8726121618,0.4741522823,0.6783559691,1.458065088,0.4068240524
lp_lin,77,0,50,25,50,6,3691.2,554,1.772317629,26.19179755,0.927206762,0.3463051138,0.7427736772,1.840573913,0.3520415348
lp_lin,78,0,50,25,50,31,2802.3,320,1.165163488,5.012474378,0.2010698306,0.5204281555,0.6577094724,2.598444295,0.2778978686
lp_lin,79,0,50,25,50,1,3983.4,426,1.015425241,1.628002615,0.2452746776,0.7958301817,0.5568455248,2.050319763,0.3278344822
lp_lin,80,0,50,25,50,7,3781.7,46,8.870791496,1271.231394,2.158974822,0.2487998228,0.8007688516,6.037241972,0.1421011248
lp_lin,81,0,50,25,50,24,3036.6,911,1.182696016,6.248898978,0.3386381537,0.4731200815,0.6788312864,2.032381299,0.3297738317
lp_lin,82,0,50,25,50,14,3363.0,598,1.212670377,6.008550118,0.7125153961,0.4947182422,0.6690224096,1.436632352,0.4104024964
lp_lin,83,0,50,25,50,1,3995.3,671,1.906220087,13.19463779,0.6413801783,0.5247764113,0.6558338604,2.380209995,0.295839608
lp_lin,84,0,50,25,50,7,3732.3,131,3.303256931,44.70302209,0.9990438075,0.4940534233,0.6693201089,3.304837339,0.2322968143
lp_lin,85,0,50,25,50,10,3683.5,783,4.750806083,129.9445419,1.11081134,0.4167621623,0.7058347735,4.507618489,0.1815666793
lp_lin,86,0,50,25,50,1,3965.2,86,56.37861791,31800.94026,5.544154809,0.3161509162,0.7597912882,23.9440026,0.04008979698
lp_lin,87,0,50,25,50,5,3799.8,226,1.048072444,4.019451881,0.6391008805,0.5227666642,0.6566994297,1.311011782,0.4327109051
lp_lin,88,0,50,25,50,28,2752.2,167,7.783488757,305.9082892,0.4577948415,0.4450191294,0.6920323611,11.50373464,0.07997610546
lp_lin,89,0,50,25,50,5,3928.6,402,4.422846802,441.0161449,5.852341654,0.2106078974,0.8260312874,1.828256224,0.3535747544
lp_lin,90,0,50,25,50,26,2834.8,947,1.756370613,20.5477974,0.7016143269,0.3874659333,0.7207384167,2.096847942,0.3229089767
lp_lin,91,0,50,25,50,12,3205.7,914,1.10948505,3.902160657,0.2807730758,0.5616540329,0.6403466958,2.093841122,0.3232228032
lp_lin,92,0,50,25,50,2,3973.4,957,1.894455896,26.76913392,2.165636381,0.3661569981,0.7319802932,1.287335453,0.4371899184
lp_lin,93,0,50,25,50,16,3496.7,191,3.21791588,137.1516805,1.675028154,0.274773041,0.7844533637,2.48635783,0.2868322899
lp_lin,94,0,50,25,50,6,3820.6,31,0.915266844,2.896703112,0.3724827612,0.5377689674,0.650292743,1.49966633,0.4000533943
lp_lin,95,0,50,25,50,2,3939.2,967,12.62383875,1106.135622,1.532108482,0.3795659528,0.7248656709,10.19874375,0.08929573015
lp_lin,96,0,50,25,50,3,3942.5,752,5.696010817,481.5871296,1.759284488,0.2595573727,0.7939296944,4.294402714,0.1888787185
lp_lin,97,0,50,25,50,12,3670.8,31,0.9486699829,4.676980654,0.4595865273,0.4386643818,0.6950891484,1.399366635,0.416776655
lp_lin,98,0,50,25,50,2,3925.9,669,2.96679237,49.04055476,1.242326218,0.4236522002,0.7024187508,2.661762658,0.2730925222
lp_lin,99,0,50,25,50,2,3974.9,426,1.08415382,5.823408757,0.2984157488,0.4492646696,0.6900050909,1.984632207,0.335049658
lp_lin,100,0,50,25,50,25,3083.5,240,0.8470259297,1.966139313,0.1396933353,0.6040731909,0.62341295,2.266255453,0.3061609891
lp_s1,1,0,50,25,50,7,3761.3,554,2.415023281,36.0159178,1.905436626,0.4024149239,0.7130557319,1.749540769,0.3636970985
lp_s1,2,0,50,25,50,9,3680.0,191,1.845308163,27.51788775,1.67710337,0.3517720709,0.7397696857,1.424915095,0.4123855727
lp_s1,3,0,50,25,50,9,3605.8,556,3.052315424,32.38980775,1.261478627,0.5363215233,0.6509054158,2.717624586,0.2689889678
lp_s1,4,0,50,25,50,17,3022.0,717,1.594246967,8.336533917,1.360311624,0.552157326,0.6442645879,1.366898902,0.4224937529
lp_s1,5,0,50,25,50,13,3542.9,191,1.922432636,16.79447511,2.862928265,0.4691026789,0.6806876159,1.136176749,0.4681260577
lp_s1,6,0,50,25,50,16,3374.1,410,1.852419336,21.91942356,3.188596623,0.3956623637,0.7165056721,1.037383927,0.4908255076
lp_s1,7,0,50,25,50,13,3254.0,31,3.68284126,55.82678406,1.434566202,0.4929032647,0.6698357647,3.074841279,0.2454083316
lp_s1,8,0,50,25,50,27,2932.6,437,1.60859217,25.16397293,1.422292344,0.3206685336,0.7571922663,1.348812289,0.4257470913
lp_s1,9,0,50,25,50,31,2831.1,388,19.13684144,1455.690353,2.081857621,0.5015748553,0.6659674651,13.2630909,0.07011103041
lp_s1,10,0,50,25,50,3,3919.5,31,2.304618231,45.9325549,1.687253978,0.3400467996,0.7462425942,1.774225279,0.3604609934
lp_s1,11,0,50,25,50,26,2993.0,437,1.885550211,11.93176133,2.009951315,0.5458657216,0.646886716,1.329980682,0.4291881077
lp_s1,12,0,50,25,50,13,3622.9,249,4.324352979,469.3624921,7.106748982,0.1996029455,0.8336091569,1.62212997,0.3813693491
lp_s1,13,0,50,25,50,20,3368.7,603,6.800110084,331.7116155,3.689892515,0.3733667192,0.7281376387,3.540047469,0.2202620142
lp_s1,14,0,50,25,50,3,3896.8,772,2.95092958,90.26887254,5.852266617,0.3105916935,0.7630141447,1.219822933,0.4504863812
lp_s1,15,0,50,25,50,13,3551.7,165,3.574778181,125.6440884,4.070008214,0.3189172927,0.7581976562,1.77194997,0.3607568718
lp_s1,16,0,50,25,50,6,3836.3,437,1.858110581,13.92514076,1.423390336,0.4979339744,0.6675861668,1.557433636,0.391016989
lp_s1,17,0,50,25,50,1,3996.2,437,2.022672687,38.06596881,1.8609975,0.3278363957,0.7531048277,1.482698046,0.402787605
lp_s1,18,0,50,25,50,35,2662.0,556,3.178915681,61.41000711,2.160408468,0.4056574299,0.7114108877,2.162773667,0.3161781731
lp_s1,19,0,50,25,50,7,3715.1,191,2.137867667,40.99611311,1.269017809,0.3338946633,0.7496843848,1.897784786,0.34509119
lp_s1,20,0,50,25,50,5,3776.8,239,7.093360403,327.7031738,4.443110445,0.3918426478,0.7184720209,3.365181338,0.2290855574
lp_s1,21,0,50,25,50,0,4000.0,553,4.667446341,236.4916448,5.950631568,0.3035089015,0.7671600852,1.913364901,0.3432457087
lp_s1,22,0,50,25,50,19,3294.5,410,1.89637874,32.66119424,4.228528601,0.3318249577,0.7508494223,0.9222113048,0.5202341686
lp_s1,23,0,50,25,50,12,3387.9,410,2.749124789,44.1887815,4.809776995,0.4135599183,0.7074337544,1.253522066,0.443749815
lp_s1,24,0,50,25,50,13,3571.4,437,2.103444426,16.19819731,1.690907956,0.5226340487,0.6567566257,1.617599703,0.3820293833
lp_s1,25,0,50,25,50,11,3646.1,235,7.835710587,378.9131787,24.18732471,0.4025395268,0.7129923834,1.593251989,0.3856162086
lp_s1,26,0,50,25,50,5,3814.4,879,4.107138294,155.7847951,4.03616549,0.3290612876,0.7524107498,2.044348087,0.3284775497
lp_s1,27,0,50,25,50,2,3902.3,615,2.696868082,25.56907796,1.789199812,0.53333756,0.6521721153,2.016184545,0.3315446999
lp_s1,28,0,50,25,50,12,3360.4,191,3.480162842,77.3274203,2.303584642,0.3957608268,0.7164551267,2.292965279,0.3036776629
lp_s1,29,0,50,25,50,6,3698.3,410,5.089205117,166.9131093,3.68323996,0.393917007,0.717402826,2.651764476,0.2738402234
lp_s1,30,0,50,25,50,18,3244.6,717,1.75456925,12.59389653,2.349207386,0.494413651,0.6691587696,1.144747846,0.4662552765
lp_s1,31,0,50,25,50,6,3760.3,437,1.297369177,7.775306725,1.394262084,0.4652697427,0.6824681974,1.098730972,0.4764784116
lp_s1,32,0,50,25,50,28,2839.4,437,2.094899278,8.582852686,1.682917054,0.715067958,0.5830672746,1.614848526,0.3824313302
lp_s1,33,0,50,25,50,7,3618.4,717,3.05732488,89.35803601,2.215882886,0.3234258909,0.7556146565,2.053847477,0.3274557775
lp_s1,34,0,50,25,50,12,3588.1,799,4.655991153,222.9912928,6.64708522,0.311794316,0.762314631,1.805911747,0.3563903964
lp_s1,35,0,50,25,50,29,2872.4,437,1.788677628,27.00783027,1.472997126,0.3441812656,0.7439472827,1.473774797,0.4042405159
lp_s1,36,0,50,25,50,11,3350.8,437,1.521918051,6.690674919,0.7432088976,0.5883778344,0.6295731269,1.765370308,0.3616152227
lp_s1,37,0,50,25,50,0,4000.0,437,1.780167228,15.55070707,1.83582033,0.4514251295,0.6889780118,1.313849784,0.432180173
lp_s1,38,0,50,25,50,7,3722.6,216,7.221241213,511.5032945,10.03526818,0.3192917039,0.7579824819,2.279540752,0.3049207421
lp_s1,39,0,50,25,50,10,3749.1,191,2.306771269,34.05444301,1.939981931,0.3952916521,0.7166960388,1.656172965,0.3764815067
lp_s1,40,0,50,25,50,23,2688.6,437,1.601381898,18.98599994,1.462803897,0.3675176301,0.7312519985,1.324042302,0.4302847669
lp_s1,41,0,50,25,50,1,3973.3,935,4.178454545,133.8296049,11.76272756,0.3611932156,0.7346495623,1.218320811,0.4507914252
lp_s1,42,0,50,25,50,22,3089.6,133,3.502313191,48.73129092,1.848768895,0.5017079949,0.6659084212,2.575809064,0.2796569901
lp_s1,43,0,50,25,50,30,2694.0,754,4.928788238,298.8906018,1.273479771,0.2850913429,0.7781548024,4.367612841,0.1863025575
lp_s1,44,0,50,25,50,24,3033.3,717,1.521827809,6.434554314,0.7120318736,0.5999378748,0.6250242686,1.803498554,0.3566971699
lp_s1,45,0,50,25,50,32,2766.0,519,2.953505397,60.54619624,2.27584917,0.3795721473,0.7248624162,1.957789661,0.3380903021
lp_s1,46,0,50,25,50,0,4000.0,810,10.24254827,1026.579411,18.09759183,0.3196772602,0.75776103,2.407673678,0.2934553289
lp_s1,47,0,50,25,50,9,3556.8,191,1.679741093,7.2734003,1.45934745,0.6228358493,0.6162052683,1.390474392,0.4183270079
lp_s1,48,0,50,25,50,27,2838.2,926,20.28691295,1320.052522,2.341351466,0.5583677932,0.6416970399,13.25814181,0.07013536641
lp_s1,49,0,50,25,50,22,3249.5,572,22.94093621,4780.604713,14.52779792,0.3317949103,0.7508663626,6.018818431,0.1424741229
lp_s1,50,0,50,25,50,2,3918.6,410,1.943492647,13.9470839,2.44367557,0.5204046819,0.6577196268,1.243257616,0.4457802763
lp_s1,51,0,50,25,50,20,3027.8,754,4.689641107,306.7732859,0.9317387511,0.2677508381,0.788798532,4.858391729,0.1706953113
lp_s1,52,0,50,25,50,29,2716.3,656,10.73622149,1229.439143,19.27326659,0.3061948941,0.7655825364,2.445534524,0.29023073
lp_s1,53,0,50,25,50,8,3842.3,410,2.951869821,54.07612306,4.865518989,0.4014157672,0.7135641138,1.338235711,0.4276728796
lp_s1,54,0,50,25,50,18,3234.9,437,1.619832128,6.784084581,0.8153624108,0.6219054771,0.6165587416,1.793885277,0.3579245033
lp_s1,55,0,50,25,50,10,3693.8,191,4.798774417,326.1004931,7.403543288,0.2657385783,0.7900525568,1.763642374,0.3618413183
lp_s1,56,0,50,25,50,12,3605.8,810,14.23777183,1344.813625,7.410612528,0.3882495656,0.7203315778,5.230160009,0.1605095212
lp_s1,57,0,50,25,50,13,3441.0,410,1.485039995,9.197313253,0.9626616622,0.4896746944,0.671287499,1.513565821,0.3978411831
lp_s1,58,0,50,25,50,14,3593.4,579,21.12305988,5439.702833,53.45555443,0.2863975132,0.7773646869,2.889085609,0.2571298502
lp_s1,59,0,50,25,50,6,3792.2,935,4.544886176,272.0105195,4.355482708,0.2755688736,0.7839639401,2.177734163,0.3146896338
lp_s1,60,0,50,25,50,11,3236.2,410,2.720679642,59.1207431,3.716178192,0.3538404387,0.7386394817,1.411331848,0.4147085773
lp_s1,61,0,50,25,50,10,3584.5,437,1.512089417,15.83040785,1.140921739,0.3800418485,0.7246157072,1.415629311,0.4139708007
lp_s1,62,0,50,25,50,21,3243.0,832,2.026084666,24.49794649,1.376092708,0.4093480716,0.7095479251,1.727164659,0.3666811964
lp_s1,63,0,50,25,50,19,2626.4,416,7.894888267,408.9364014,12.54010878,0.3904074554,0.7192136349,2.229437676,0.3096514317
lp_s1,64,0,50,25,50,26,2823.1,935,6.909421151,329.5466574,15.81950281,0.3806126424,0.7243161255,1.737181718,0.3653392807
lp_s1,65,0,50,25,50,31,2756.0,522,4.589721889,215.3925364,1.958213747,0.3127310805,0.7617706436,3.279867678,0.2336520835
lp_s1,66,0,50,25,50,31,2634.9,437,1.859472739,11.75723657,0.9493262849,0.5422969818,0.6483835551,1.90845561,0.3438250859
lp_s1,67,0,50,25,50,2,3950.7,772,2.675181788,34.11341799,4.560284704,0.4580265798,0.6858585528,1.252729546,0.4439059281
lp_s1,68,0,50,25,50,5,3928.5,832,1.970191405,16.07606901,2.242289501,0.4913811464,0.6705194057,1.31571728,0.431831644
lp_s1,69,0,50,25,50,22,3061.2,437,1.758417776,23.59749529,1.520224092,0.3619837805,0.7342231342,1.426160028,0.4121739656
lp_s1,70,0,50,25,50,18,3181.8,191,1.431424822,11.22568854,1.535708591,0.4272303036,0.7006577688,1.155085513,0.4640187101
lp_s1,71,0,50,25,50,32,2863.8,692,2.202192692,29.73402623,1.239069021,0.4038577831,0.7123228663,1.978370227,0.3357540949
lp_s1,72,0,50,25,50,2,3900.8,191,1.74961467,19.17903146,1.856901362,0.3995113074,0.7145351343,1.283949653,0.4378380228
lp_s1,73,0,50,25,50,9,3771.8,717,2.224583329,59.64546921,2.575963197,0.2880447398,0.7763705476,1.386049854,0.4191027268
lp_s1,74,0,50,25,50,23,3093.8,692,2.992219676,118.8528578,1.763519955,0.2744660676,0.7846423105,2.253218381,0.3073879104
lp_s1,75,0,50,25,50,23,2899.5,615,3.665315579,61.72053097,1.48950106,0.4665482299,0.6818732447,3.003246396,0.2497972648
lp_s1,76,0,50,25,50,19,3349.9,293,3.230611037,32.05973576,5.438386836,0.5705644428,0.6367137653,1.38531847,0.4192312317
lp_s1,77,0,50,25,50,6,3691.2,554,3.584844229,111.5043404,5.014026762,0.3394879804,0.7465539181,1.600947039,0.384475341
lp_s1,78,0,50,25,50,31,2802.3,320,2.094966496,12.85264197,0.9094028658,0.5843605336,0.6311694711,2.196842504,0.3128086538
lp_s1,79,0,50,25,50,1,3983.4,191,1.608082028,7.589087602,1.145430266,0.5837318836,0.6314200089,1.502532487,0.3995952121
lp_s1,80,0,50,25,50,7,3781.7,655,12.79825587,1917.123397,15.11697259,0.2922979402,0.7738153633,3.291685814,0.2330086692
lp_s1,81,0,50,25,50,24,3036.6,717,2.763850432,29.41061392,1.834307585,0.509638809,0.6624101037,2.040696672,0.3288720014
lp_s1,82,0,50,25,50,14,3363.0,410,2.056534988,23.99860548,3.693556009,0.419800643,0.7043242338,1.070073867,0.4830745491
lp_s1,83,0,50,25,50,1,3995.3,615,2.732111087,45.98463279,3.302412777,0.4028951063,0.7128116675,1.503428143,0.3994522482
lp_s1,84,0,50,25,50,7,3732.3,139,5.752292367,243.8308213,6.764650931,0.368380515,0.7307908795,2.211659453,0.3113655151
lp_s1,85,0,50,25,50,10,3683.5,822,6.194585857,275.501167,5.362796509,0.3732076654,0.7282219763,2.674955845,0.2721121129
lp_s1,86,0,50,25,50,1,3965.2,297,65.01951313,44763.1576,37.37503468,0.3073147152,0.7649267528,10.63537753,0.08594478324
lp_s1,87,0,50,25,50,5,3799.8,191,2.206384347,15.26927841,3.061192131,0.5646403509,0.6391245116,1.261060358,0.4422703695
lp_s1,88,0,50,25,50,28,2752.2,379,9.507068179,677.3178765,2.914985949,0.3653005612,0.7324394558,5.568373726,0.1522446867
lp_s1,89,0,50,25,50,5,3928.6,908,9.102556779,2589.489318,44.98928543,0.1788777546,0.8482643735,1.357090621,0.424251826
lp_s1,90,0,50,25,50,26,2834.8,249,3.1587622,95.62394994,3.03345759,0.323023109,0.7558446963,1.813626983,0.3554131397
lp_s1,91,0,50,25,50,12,3205.7,931,2.389405338,17.61098145,1.769293314,0.5693745483,0.6371965195,1.79634567,0.3576095798
lp_s1,92,0,50,25,50,2,3973.4,410,4.171114656,136.2947679,11.37193142,0.3572831508,0.7367659426,1.236901203,0.4470470124
lp_s1,93,0,50,25,50,16,3496.7,199,7.565128217,400.4300671,7.784765461,0.3780532301,0.7256613737,2.711399594,0.2694401329
lp_s1,94,0,50,25,50,6,3820.6,654,1.670358535,13.72337184,2.102689641,0.4508990134,0.6892278448,1.151919454,0.4647014079
lp_s1,95,0,50,25,50,2,3939.2,51,14.0449144,3037.12618,6.261688505,0.2548517845,0.7969068637,5.612719867,0.1512237052
lp_s1,96,0,50,25,50,3,3942.5,718,8.624519565,1830.389079,9.250899712,0.2015873166,0.8322324863,2.835586665,0.2607163095
lp_s1,97,0,50,25,50,12,3670.8,772,2.043391405,16.85763835,1.80851077,0.4976834466,0.6676978384,1.519466091,0.3969094895
lp_s1,98,0,50,25,50,2,3925.9,822,4.520497855,116.1781921,7.271686065,0.4193956876,0.7045251784,1.676365471,0.3736410482
lp_s1,99,0,50,25,50,2,3974.9,410,2.242208353,29.03211931,1.518065196,0.4161372532,0.7061462424,1.819829725,0.3546313422
lp_s1,100,0,50,25,50,25,3083.5,437,1.492095361,8.46739739,0.6815938514,0.5127688197,0.6610395369,1.807314563,0.3562123081
lp_s2,1,0,50,25,50,7,3761.3,410,2.410528959,39.13013585,1.895114012,0.3853511642,0.7218386398,1.751034415,0.3634996329
lp_s2,2,0,50,25,50,9,3680.0,717,1.956026181,33.30540979,1.636835655,0.3389356667,0.7468618731,1.528875514,0.3954326714
lp_s2,3,0,50,25,50,9,3605.8,717,2.461972818,33.86054154,1.134818435,0.4230934519,0.702694541,2.311107051,0.3020137931
lp_s2,4,0,50,25,50,17,3022.0,437,1.617488288,9.078510302,1.351465898,0.5368263801,0.6506915894,1.391357069,0.4181725986
lp_s2,5,0,50,25,50,13,3542.9,191,2.372151517,21.595299,2.791061466,0.5104612911,0.6620494056,1.419899888,0.4132402357
lp_s2,6,0,50,25,50,16,3374.1,702,2.144083653,23.84701192,4.013328456,0.4390608777,0.6948976346,1.070260195,0.4830310714
lp_s2,7,0,50,25,50,13,3254.0,642,2.970037066,57.76230889,1.74996418,0.3907865402,0.7190175998,2.245159966,0.3081512192
lp_s2,8,0,50,25,50,27,2932.6,410,2.14670721,27.51580891,2.052284498,0.4092433891,0.7096006323,1.498490633,0.4002416446
lp_s2,9,0,50,25,50,31,2831.1,388,19.53675286,1450.638666,2.436720042,0.5129473118,0.6609615498,12.51553921,0.07398890897
lp_s2,10,0,50,25,50,3,3919.5,148,2.622563284,48.41625118,1.710619521,0.3769036967,0.7262672055,2.005161073,0.3327608656
lp_s2,11,0,50,25,50,26,2993.0,191,1.737012151,12.38386635,1.968245895,0.4935995196,0.6695235148,1.238121255,0.4468033167
lp_s2,12,0,50,25,50,13,3622.9,673,6.779088239,573.1037224,7.604806506,0.2831748455,0.7793170225,2.458256536,0.2891630478
lp_s2,13,0,50,25,50,20,3368.7,603,6.85740021,349.0752302,3.423048335,0.3670286615,0.731513558,3.706405917,0.2124763604
lp_s2,14,0,50,25,50,3,3896.8,397,2.761523763,99.42378496,6.242391655,0.276951447,0.7831151312,1.10528246,0.4749956451
lp_s2,15,0,50,25,50,13,3551.7,673,5.045726153,137.48757,4.408788221,0.4303204231,0.6991440406,2.403056918,0.2938534453
lp_s2,16,0,50,25,50,6,3836.3,717,2.123919953,14.85439001,1.189178086,0.5510750309,0.644714137,1.947666956,0.3392513519
lp_s2,17,0,50,25,50,1,3996.2,410,1.953091961,41.2692443,1.722789303,0.304025096,0.7668564072,1.488012602,0.4019272247
lp_s2,18,0,50,25,50,35,2662.0,78,2.798640876,61.2414951,2.081404833,0.3576220437,0.7365820293,1.939853326,0.3401530244
lp_s2,19,0,50,25,50,7,3715.1,717,2.39196448,42.18463013,1.664987506,0.3682795497,0.7308448045,1.853741774,0.3504171293
lp_s2,20,0,50,25,50,5,3776.8,935,7.345596115,365.2780343,3.813110374,0.384339718,0.7223660399,3.761727721,0.2100078078
lp_s2,21,0,50,25,50,0,4000.0,543,6.627892879,250.0514501,7.061978746,0.4191416242,0.7046513068,2.494090899,0.2861974771
lp_s2,22,0,50,25,50,19,3294.5,410,2.23027419,35.90883607,4.232831818,0.3721839102,0.7287652862,1.084033621,0.4798387079
lp_s2,23,0,50,25,50,12,3387.9,519,2.553087503,46.32356441,5.378538169,0.3751152455,0.7272117761,1.100863753,0.4759946944
lp_s2,24,0,50,25,50,13,3571.4,410,2.097448914,18.25888874,1.803552924,0.4908561319,0.6707555334,1.561805494,0.3903496976
lp_s2,25,0,50,25,50,11,3646.1,2,6.85457671,421.2112218,28.67708781,0.3339878549,0.7496320122,1.280009279,0.4385947062
lp_s2,26,0,50,25,50,5,3814.4,615,3.205101684,171.6404851,3.797484616,0.2446425223,0.8034435447,1.64472692,0.3781108713
lp_s2,27,0,50,25,50,2,3902.3,437,2.659653882,28.02340198,2.204283631,0.5024174263,0.6655939837,1.791395112,0.3582438027
lp_s2,28,0,50,25,50,12,3360.4,777,3.194377222,73.70449561,2.752639155,0.3720824714,0.7288191642,1.925358288,0.3418384695
lp_s2,29,0,50,25,50,6,3698.3,594,5.026660112,172.5944675,3.991137158,0.3826186062,0.7232652559,2.516119097,0.2844044733
lp_s2,30,0,50,25,50,18,3244.6,410,1.776920057,13.42560318,3.051205635,0.4849544917,0.6734213106,1.017260428,0.4957218146
lp_s2,31,0,50,25,50,6,3760.3,832,1.744366935,8.545807131,1.525434064,0.5967072332,0.6262888895,1.41234607,0.4145342215
lp_s2,32,0,50,25,50,28,2839.4,832,2.214134712,8.753113335,1.841272036,0.7483810202,0.5719577074,1.63171784,0.3799799449
lp_s2,33,0,50,25,50,7,3618.4,772,3.534349859,95.87219036,1.863407024,0.3609634364,0.7347735973,2.589140829,0.2786182119
lp_s2,34,0,50,25,50,12,3588.1,935,4.661367388,227.2164032,4.840139228,0.3092384537,0.7638028024,2.118772884,0.3206389299
lp_s2,35,0,50,25,50,29,2872.4,142,1.828990232,29.07289155,1.488375719,0.3392089261,0.7467094794,1.49918455,0.4001305146
lp_s2,36,0,50,25,50,11,3350.8,356,1.583347452,6.764847054,0.7516166449,0.6087615813,0.6215961468,1.826324869,0.353816368
lp_s2,37,0,50,25,50,0,4000.0,664,2.176473656,16.37995157,1.841527119,0.5377706651,0.6502920251,1.603852241,0.3840463695
lp_s2,38,0,50,25,50,7,3722.6,18,7.669480273,547.6471082,10.15567392,0.3277294999,0.7531654603,2.406642383,0.2935441668
lp_s2,39,0,50,25,50,10,3749.1,862,2.793348809,37.56107635,1.823910769,0.4557809356,0.6869165378,2.068346883,0.3259083924
lp_s2,40,0,50,25,50,23,2688.6,437,1.811030744,18.78887626,1.153595205,0.417806719,0.705314756,1.68616124,0.3722784713
lp_s2,41,0,50,25,50,1,3973.3,249,4.248789273,140.3458443,11.58445397,0.3586455224,0.7360271561,1.248324252,0.4447757032
lp_s2,42,0,50,25,50,22,3089.6,320,3.103508819,52.94521448,2.346595219,0.4265202232,0.7010065358,2.025974119,0.3304720929
lp_s2,43,0,50,25,50,30,2694.0,754,5.218312249,317.3496723,1.443644286,0.2929281005,0.7734382133,4.343101352,0.1871572209
lp_s2,44,0,50,25,50,24,3033.3,356,1.782509988,6.583030413,0.9219594496,0.6947347801,0.5900628297,1.856419245,0.3500886649
lp_s2,45,0,50,25,50,32,2766.0,832,2.875823126,65.43876465,2.146992042,0.3555041098,0.7377329163,1.96266851,0.3375335434
lp_s2,46,0,50,25,50,0,4000.0,810,12.55899436,1308.6663,13.44401949,0.3471685743,0.7422976004,3.425234414,0.2259767295
lp_s2,47,0,50,25,50,9,3556.8,717,1.558680849,7.726991196,1.317130104,0.560727674,0.6407267691,1.35813475,0.4240639769
lp_s2,48,0,50,25,50,27,2838.2,926,20.98114022,1317.681096,2.475249127,0.5779947964,0.6337156512,13.33581703,0.06975535458
lp_s2,49,0,50,25,50,22,3249.5,695,25.77973835,4745.027998,14.48579031,0.3742476789,0.727670867,6.773410677,0.12864366
lp_s2,50,0,50,25,50,2,3918.6,437,1.459484208,15.14417038,2.854327157,0.375039194,0.7272519972,0.8638682756,0.5365186012
lp_s2,51,0,50,25,50,20,3027.8,754,7.058017852,327.8488158,1.073506671,0.3898036872,0.7195260807,6.812090024,0.1280067174
lp_s2,52,0,50,25,50,29,2716.3,935,8.944824565,1268.057795,19.71936942,0.2511899752,0.7992391402,2.014305393,0.3317513886
lp_s2,53,0,50,25,50,8,3842.3,905,3.3330214,60.85036743,6.887755989,0.4272740327,0.7006363019,1.269986854,0.4405311855
lp_s2,54,0,50,25,50,18,3234.9,437,1.520244578,7.038637331,0.9684748713,0.5730191932,0.6357201516,1.544789414,0.3929598238
lp_s2,55,0,50,25,50,10,3693.8,758,5.282464431,334.6930243,6.214106392,0.2887441878,0.7759491833,2.119079446,0.3206074155
lp_s2,56,0,50,25,50,12,3605.8,810,16.46144379,1389.219979,8.178891885,0.4416542492,0.6936475931,5.755998733,0.1480166056
lp_s2,57,0,50,25,50,13,3441.0,717,1.473724083,9.826944218,1.009669352,0.4701180599,0.6802174786,1.466650362,0.4054080851
lp_s2,58,0,50,25,50,14,3593.4,810,27.99279873,5905.86603,36.84337635,0.3642541647,0.7330012441,4.611759068,0.178197244
lp_s2,59,0,50,25,50,6,3792.2,417,5.70875137,277.5789609,4.180067911,0.3426477276,0.7447970003,2.792218885,0.2636978588
lp_s2,60,0,50,25,50,11,3236.2,78,3.118709883,66.29744185,3.669739742,0.3830245323,0.7230529731,1.628011034,0.3805159062
lp_s2,61,0,50,25,50,10,3584.5,832,2.074091218,16.24262791,1.423911484,0.5146354573,0.6602248714,1.738146412,0.3652105657
lp_s2,62,0,50,25,50,21,3243.0,604,3.340828477,26.72132605,1.327517936,0.6462866362,0.6074276362,2.899572553,0.2564383625
lp_s2,63,0,50,25,50,19,2626.4,133,6.647813085,465.8725805,12.28800081,0.3079961054,0.7645282703,1.896435971,0.3452518923
lp_s2,64,0,50,25,50,26,2823.1,239,5.437749855,376.7626187,13.03055217,0.2801465781,0.7811605461,1.506391359,0.3989799903
lp_s2,65,0,50,25,50,31,2756.0,754,4.764483658,223.4552505,2.151002147,0.3187282512,0.7583063448,3.248593865,0.2353719917
lp_s2,66,0,50,25,50,31,2634.9,356,1.439820067,12.23525638,0.9296804223,0.4116249444,0.7084034637,1.49328045,0.4010780255
lp_s2,67,0,50,25,50,2,3950.7,356,1.732826861,37.35007374,5.886292701,0.283536804,0.7790972545,0.714223679,0.5833544433
lp_s2,68,0,50,25,50,5,3928.5,443,2.286260459,19.16498604,2.237724981,0.522241586,0.65692595,1.528348342,0.3955151208
lp_s2,69,0,50,25,50,22,3061.2,717,2.396350846,25.22363123,1.819521567,0.4771408485,0.6769835124,1.776526945,0.360162181
lp_s2,70,0,50,25,50,18,3181.8,931,1.690504251,11.94689159,1.475905552,0.4890900254,0.6715510701,1.39151209,0.4181454922
lp_s2,71,0,50,25,50,32,2863.8,320,2.565815656,34.66558071,1.283184453,0.4357889469,0.6964811939,2.265066235,0.3062725004
lp_s2,72,0,50,25,50,2,3900.8,437,1.817543492,20.70425223,1.766841964,0.3994432043,0.7145699067,1.367369722,0.4224097278
lp_s2,73,0,50,25,50,9,3771.8,316,3.462690363,62.15690711,3.052624205,0.4392067037,0.6948272249,1.981878318,0.3353590902
lp_s2,74,0,50,25,50,23,3093.8,133,3.485836628,120.0623632,1.97393774,0.3181292381,0.758650951,2.481077349,0.2872673887
lp_s2,75,0,50,25,50,23,2899.5,410,2.727886662,69.84515469,1.703137086,0.3264060355,0.7539169555,2.090265822,0.3235967576
lp_s2,76,0,50,25,50,19,3349.9,604,3.197785572,34.3691662,4.126534558,0.5454624271,0.6470555236,1.574187993,0.3884720163
lp_s2,77,0,50,25,50,6,3691.2,974,3.17223312,130.7898484,4.956157081,0.2773818733,0.7828512529,1.42492683,0.412383577
lp_s2,78,0,50,25,50,31,2802.3,437,2.258853721,13.72319519,1.020029101,0.6097621848,0.6212097721,2.236566556,0.3089693917
lp_s2,79,0,50,25,50,1,3983.4,356,2.074194336,8.061384982,1.39118796,0.7305410307,0.5778539672,1.758557361,0.362508322
lp_s2,80,0,50,25,50,7,3781.7,810,13.22509552,1923.141368,13.46392611,0.3015735251,0.7683008149,3.604233821,0.2171914023
lp_s2,81,0,50,25,50,24,3036.6,832,2.605121414,31.18979336,2.006386028,0.4664678537,0.6819106177,1.839165118,0.352216218
lp_s2,82,0,50,25,50,14,3363.0,410,2.357304618,26.5457577,3.520513065,0.4575284916,0.6860929346,1.256356025,0.44319247
lp_s2,83,0,50,25,50,1,3995.3,859,4.14338867,56.92858192,4.680215326,0.549149372,0.6455155443,1.915238031,0.3430251627
lp_s2,84,0,50,25,50,7,3732.3,569,9.075272982,270.6494141,6.399272462,0.5516405105,0.6444791775,3.587520543,0.2179826751
lp_s2,85,0,50,25,50,10,3683.5,522,5.172572528,310.927582,5.979578728,0.2933438342,0.7731895986,2.115296714,0.3209967113
lp_s2,86,0,50,25,50,1,3965.2,562,70.46746737,46198.87431,37.38569548,0.3278483228,0.7530980631,11.52486723,0.07984116569
lp_s2,87,0,50,25,50,5,3799.8,538,2.062912079,17.24857903,3.747131758,0.4967113197,0.668131514,1.065690849,0.4840995449
lp_s2,88,0,50,25,50,28,2752.2,402,8.44949655,761.2692022,2.392936771,0.3062398496,0.7655561881,5.462170109,0.1547467775
lp_s2,89,0,50,25,50,5,3928.6,149,10.26470346,3097.021008,43.38676383,0.1844481619,0.8442750237,1.558359951,0.3908754121
lp_s2,90,0,50,25,50,26,2834.8,191,3.343825979,106.1538861,3.452776185,0.3245455949,0.754975898,1.799531503,0.3572026245
lp_s2,91,0,50,25,50,12,3205.7,717,1.907453857,17.69611077,1.604959582,0.4534350909,0.6880252213,1.505642935,0.3990991637
lp_s2,92,0,50,25,50,2,3973.4,904,4.574797901,152.3119249,13.55119644,0.3706849551,0.7295622501,1.242748057,0.445881559
lp_s2,93,0,50,25,50,16,3496.7,134,5.500767132,510.9209565,9.952441458,0.2433584338,0.8042733075,1.743646507,0.3644784404
lp_s2,94,0,50,25,50,6,3820.6,832,1.776584863,14.54781028,1.986786406,0.4657867638,0.6822274731,1.260405726,0.4423984546
lp_s2,95,0,50,25,50,2,3939.2,405,21.08560109,3075.704217,10.67737501,0.3802013915,0.724531946,6.452882213,0.1341762786
lp_s2,96,0,50,25,50,3,3942.5,946,16.74758492,2239.501149,14.52412582,0.3538967251,0.7386087738,4.394476915,0.1853747853
lp_s2,97,0,50,25,50,12,3670.8,717,1.75503585,19.25308578,2.410558056,0.3999777374,0.714297073,1.130387105,0.46939826
lp_s2,98,0,50,25,50,2,3925.9,908,5.682907309,141.7263606,6.449130239,0.4773591539,0.6768834764,2.237793452,0.308852314
lp_s2,99,0,50,25,50,2,3974.9,631,3.079423888,29.78139139,1.774932856,0.5642830204,0.6392705073,2.311418102,0.3019854242
lp_s2,100,0,50,25,50,25,3083.5,717,1.64509603,8.249559526,0.7451163887,0.5727642118,0.6358232165,1.905808223,0.3441383337
lp_nl,1,0,50,25,50,7,3761.3,410,2.44958513,37.57302683,1.900275319,0.399626653,0.7144762483,1.776987092,0.360102502
lp_nl,2,0,50,25,50,9,3680.0,410,1.921818593,30.41164877,1.656969512,0.3484916749,0.7415692797,1.492983926,0.4011257311
lp_nl,3,0,50,25,50,9,3605.8,615,2.827931349,33.12517465,1.198148531,0.4913486577,0.6705340129,2.58353014,0.279054441
lp_nl,4,0,50,25,50,17,3022.0,437,1.619225716,8.707522109,1.355888761,0.5487317628,0.6456896049,1.390578025,0.4183088732
lp_nl,5,0,50,25,50,13,3542.9,191,2.147292077,19.19488705,2.826994866,0.4901153915,0.6710889678,1.277110901,0.4391529634
lp_nl,6,0,50,25,50,16,3374.1,191,2.007781752,22.88321774,3.60096254,0.4197183494,0.7043650598,1.058052459,0.4858962634
lp_nl,7,0,50,25,50,13,3254.0,642,3.367543586,56.79454647,1.592265191,0.4468480917,0.6911575623,2.668735453,0.2725734829
lp_nl,8,0,50,25,50,27,2932.6,437,1.928895503,26.33989092,1.737288421,0.375838888,0.7268292884,1.463432643,0.4059376265
lp_nl,9,0,50,25,50,31,2831.1,388,19.33679715,1453.16451,2.259288831,0.5072559501,0.6634573245,12.86467039,0.07212576798
lp_nl,10,0,50,25,50,3,3919.5,148,2.475219898,47.17440304,1.69893675,0.3603799171,0.73508877,1.899000951,0.3449464201
lp_nl,11,0,50,25,50,26,2993.0,437,1.823541064,12.15781384,1.989098605,0.5229832781,0.6566060274,1.292966853,0.4361162041
lp_nl,12,0,50,25,50,13,3622.9,642,5.583364575,521.2331072,7.355777744,0.2445569392,0.8034987942,2.05864607,0.3269420447
lp_nl,13,0,50,25,50,20,3368.7,603,6.828755147,340.3934229,3.556470425,0.3701271651,0.7298592609,3.621028475,0.2164020424
lp_nl,14,0,50,25,50,3,3896.8,510,2.874240269,94.84632875,6.047329136,0.2951296258,0.7721234849,1.168802862,0.4610838622
lp_nl,15,0,50,25,50,13,3551.7,554,4.338867403,131.5658292,4.239398217,0.3782725478,0.7255459028,2.107289833,0.3218238574
lp_nl,16,0,50,25,50,6,3836.3,437,2.034447926,14.38976538,1.306284211,0.5363147256,0.6509082959,1.780031711,0.3597081271
lp_nl,17,0,50,25,50,1,3996.2,437,2.01995368,39.66760656,1.791893401,0.320718057,0.7571638736,1.5089864,0.3985673259
lp_nl,18,0,50,25,50,35,2662.0,712,3.067643894,61.32575111,2.12090665,0.3917269988,0.7185317241,2.106416104,0.3219143754
lp_nl,19,0,50,25,50,7,3715.1,191,2.315085091,41.59037162,1.467002657,0.3589802517,0.7358458659,1.911399675,0.3434774031
lp_nl,20,0,50,25,50,5,3776.8,134,7.283699047,346.4906041,4.128110409,0.391296769,0.7187539152,3.584894182,0.2181075419
lp_nl,21,0,50,25,50,0,4000.0,594,5.85613583,243.2715475,6.506305157,0.3754615619,0.7270286773,2.295852206,0.3034116634
lp_nl,22,0,50,25,50,19,3294.5,410,2.063326465,34.28501515,4.23068021,0.3523836712,0.7394351332,1.003143005,0.4992154816
lp_nl,23,0,50,25,50,12,3387.9,410,2.664127874,45.25617296,5.094157582,0.3960191194,0.7163225676,1.180371945,0.4586373449
lp_nl,24,0,50,25,50,13,3571.4,437,2.148221055,17.22854303,1.74723044,0.5175528362,0.6589556397,1.625189004,0.3809249538
lp_nl,25,0,50,25,50,11,3646.1,758,7.589306654,400.0622002,26.43220626,0.3794358326,0.7249340465,1.476166666,0.4038500372
lp_nl,26,0,50,25,50,5,3814.4,615,3.677660954,163.7126401,3.916825053,0.2874289992,0.7767418635,1.85825197,0.3498641864
lp_nl,27,0,50,25,50,2,3902.3,32,2.715465304,26.79623997,1.996741721,0.5245746855,0.6559206378,1.921689919,0.3422676697
lp_nl,28,0,50,25,50,12,3360.4,191,3.362383869,75.51595795,2.528111898,0.3869260105,0.7210189963,2.114701859,0.3210580162
lp_nl,29,0,50,25,50,6,3698.3,664,5.113805419,169.7537884,3.837188559,0.3924953008,0.7181352781,2.610583739,0.2769635251
lp_nl,30,0,50,25,50,18,3244.6,410,1.769445402,13.00974986,2.70020651,0.4905719285,0.6708834246,1.076809,0.4815079288
lp_nl,31,0,50,25,50,6,3760.3,437,1.542946452,8.160556928,1.459848074,0.5401208653,0.6492996897,1.277018014,0.4391708779
lp_nl,32,0,50,25,50,28,2839.4,437,2.159908862,8.667983011,1.762094545,0.7336288483,0.5768247344,1.627124644,0.3806442919
lp_nl,33,0,50,25,50,7,3618.4,410,3.299530634,92.61511319,2.039644955,0.3428555894,0.7446817125,2.310334573,0.3020842692
lp_nl,34,0,50,25,50,12,3588.1,935,4.783982567,225.103848,5.743612224,0.3188585956,0.7582314005,1.996167741,0.3337596846
lp_nl,35,0,50,25,50,29,2872.4,832,1.823498367,28.04036091,1.480686423,0.3443606978,0.7438479879,1.49855895,0.400230701
lp_nl,36,0,50,25,50,11,3350.8,437,1.565169811,6.727760986,0.7474127713,0.6034290106,0.6236634072,1.810427782,0.3558177181
lp_nl,37,0,50,25,50,0,4000.0,142,2.037817958,15.96532932,1.838673725,0.5100073611,0.6622484272,1.502841053,0.3995459475
lp_nl,38,0,50,25,50,7,3722.6,216,7.538350932,529.5752013,10.09547105,0.3275763438,0.7532523494,2.372537347,0.2965126542
lp_nl,39,0,50,25,50,10,3749.1,410,2.60027279,35.80775968,1.88194635,0.4345405767,0.6970872879,1.895462916,0.3453679183
lp_nl,40,0,50,25,50,23,2688.6,437,1.706206321,18.8874381,1.308199551,0.3925952308,0.718083746,1.491744855,0.4013251991
lp_nl,41,0,50,25,50,1,3973.3,935,4.228814654,137.0877246,11.67359077,0.3611764015,0.7346586371,1.237702928,0.4468868442
lp_nl,42,0,50,25,50,22,3089.6,692,3.336734241,50.8382527,2.097682057,0.4679789409,0.6812086823,2.303837199,0.3026783524
lp_nl,43,0,50,25,50,30,2694.0,754,5.073550244,308.120137,1.358562028,0.2890359908,0.7757735293,4.352835247,0.1868168837
lp_nl,44,0,50,25,50,24,3033.3,717,1.658909052,6.508792364,0.8169956616,0.6502380331,0.6059731869,1.835323822,0.3526934004
lp_nl,45,0,50,25,50,32,2766.0,191,2.943197717,62.99248044,2.211420606,0.3708301895,0.7294849557,1.979173019,0.3356636199
lp_nl,46,0,50,25,50,0,4000.0,810,11.40077131,1167.622856,15.77080566,0.3336437089,0.7498254544,2.870828798,0.2583426062
lp_nl,47,0,50,25,50,9,3556.8,437,1.62702521,7.500195748,1.388238777,0.5940978533,0.6273140623,1.380899895,0.4200092587
lp_nl,48,0,50,25,50,27,2838.2,926,20.63402659,1318.866809,2.408300297,0.5681768261,0.6376831894,13.29623451,0.06994848884
lp_nl,49,0,50,25,50,22,3249.5,572,24.6073437,4762.816356,14.50679411,0.3565601609,0.7371586081,6.460691614,0.134035831
lp_nl,50,0,50,25,50,2,3918.6,717,1.731805203,14.54562714,2.649001363,0.454080461,0.6877198524,1.064039987,0.4844867378
lp_nl,51,0,50,25,50,20,3027.8,754,5.873829479,317.3110509,1.002622711,0.3297453924,0.7520236623,5.866141918,0.1456421979
lp_nl,52,0,50,25,50,29,2716.3,908,9.914169261,1248.748469,19.49631801,0.2805555373,0.780911074,2.245329225,0.3081351477
lp_nl,53,0,50,25,50,8,3842.3,832,3.183675752,57.46324525,5.876637489,0.4199849763,0.7042328029,1.313301315,0.4322826402
lp_nl,54,0,50,25,50,18,3234.9,437,1.570038353,6.911360956,0.891918641,0.5972119289,0.6260909914,1.662446359,0.3755944215
lp_nl,55,0,50,25,50,10,3693.8,191,5.123904108,330.3967587,6.80882484,0.2818922295,0.7800967796,1.963653756,0.3374213327
lp_nl,56,0,50,25,50,12,3605.8,810,15.34960781,1367.016802,7.794752206,0.4151550807,0.7066363352,5.497891017,0.1538960868
lp_nl,57,0,50,25,50,13,3441.0,717,1.484064611,9.512128736,0.9861655069,0.4811870705,0.6751341677,1.49443801,0.4008919027
lp_nl,58,0,50,25,50,14,3593.4,655,25.44672553,5672.784431,45.14946539,0.3378576565,0.7474636746,3.787089766,0.2088951845
lp_nl,59,0,50,25,50,6,3792.2,673,5.231291874,274.7947402,4.267775309,0.3155765644,0.7601229963,2.532259321,0.2831049221
lp_nl,60,0,50,25,50,11,3236.2,717,2.964920043,62.70909248,3.692958967,0.3744102486,0.7275847957,1.542857247,0.3932584108
lp_nl,61,0,50,25,50,10,3584.5,832,1.806273274,16.03651788,1.282416612,0.4510538765,0.6891542872,1.59503012,0.385351982
lp_nl,62,0,50,25,50,21,3243.0,717,2.731255876,25.60963627,1.351805322,0.5397102716,0.6494728381,2.349120597,0.298585844
lp_nl,63,0,50,25,50,19,2626.4,935,7.583907236,437.4044909,12.4140548,0.3626196992,0.7338804808,2.15246542,0.3172120441
lp_nl,64,0,50,25,50,26,2823.1,948,6.26813313,353.154638,14.42502749,0.3335460138,0.7498803863,1.650364553,0.3773065855
lp_nl,65,0,50,25,50,31,2756.0,522,4.697464905,219.4238935,2.054607947,0.3171185052,0.759233126,3.277170693,0.2337994136
lp_nl,66,0,50,25,50,31,2634.9,717,1.655030221,11.99624647,0.9395033536,0.4778408106,0.6766628671,1.707484465,0.3693465329
lp_nl,67,0,50,25,50,2,3950.7,717,2.219338174,35.73174587,5.223288702,0.3712755628,0.729248028,0.9710720807,0.5073381181
lp_nl,68,0,50,25,50,5,3928.5,642,2.17115822,17.62052752,2.240007241,0.5172279915,0.6590967248,1.450663761,0.4080527145
lp_nl,69,0,50,25,50,22,3061.2,437,2.111632475,24.41056326,1.66987283,0.4273949951,0.7005769275,1.634092487,0.3796373912
lp_nl,70,0,50,25,50,18,3181.8,717,1.593069726,11.58629007,1.505807072,0.4680180319,0.6811905428,1.298225449,0.4351183215
lp_nl,71,0,50,25,50,32,2863.8,692,2.406414697,32.19980347,1.261126737,0.4240761621,0.7022096336,2.142846711,0.3181828743
lp_nl,72,0,50,25,50,2,3900.8,191,1.799582867,19.94164185,1.811871663,0.4029873316,0.7127648108,1.336928352,0.4279121348
lp_nl,73,0,50,25,50,9,3771.8,717,2.996415887,60.90118816,2.814293701,0.3839628514,0.7225627472,1.786147754,0.3589185099
lp_nl,74,0,50,25,50,23,3093.8,133,3.317051669,119.4576105,1.868728847,0.3034906563,0.7671708233,2.426493273,0.2918435614
lp_nl,75,0,50,25,50,23,2899.5,36,3.261214216,65.78284283,1.596319073,0.4020897552,0.7132211018,2.581187038,0.279237021
lp_nl,76,0,50,25,50,19,3349.9,686,3.346305484,33.21445098,4.782460697,0.5806334425,0.6326577517,1.530170695,0.3952302514
lp_nl,77,0,50,25,50,6,3691.2,702,3.439774308,121.1470944,4.985091922,0.3125168564,0.7618949769,1.540612307,0.3936059024
lp_nl,78,0,50,25,50,31,2802.3,437,2.198778063,13.28791858,0.9647159836,0.6031883101,0.6237570432,2.238626592,0.3087728614
lp_nl,79,0,50,25,50,1,3983.4,717,1.87054911,7.825236292,1.268309113,0.6686831576,0.5992749405,1.660949997,0.3758056337
lp_nl,80,0,50,25,50,7,3781.7,810,13.73787245,1920.132383,14.29044935,0.3135118017,0.7613178646,3.634097186,0.2157917627
lp_nl,81,0,50,25,50,24,3036.6,832,2.712174721,30.30020364,1.920346806,0.492713986,0.6699207011,1.957166755,0.3381615184
lp_nl,82,0,50,25,50,14,3363.0,410,2.206919803,25.27218159,3.607034537,0.4390006719,0.6949267082,1.162014109,0.4625316716
lp_nl,83,0,50,25,50,1,3995.3,615,3.505109017,51.45660735,3.991314051,0.4886309318,0.6717581763,1.754460438,0.3630475088
lp_nl,84,0,50,25,50,7,3732.3,149,7.648902851,257.2401177,6.581961696,0.4769027153,0.6770926681,2.981408393,0.2511674014
lp_nl,85,0,50,25,50,10,3683.5,522,5.710469111,293.2143745,5.671187619,0.3334871913,0.7499134649,2.397920492,0.2942976454
lp_nl,86,0,50,25,50,1,3965.2,562,68.63294034,45481.01596,37.38036508,0.3218233316,0.7565307527,11.2256329,0.08179535638
lp_nl,87,0,50,25,50,5,3799.8,142,2.180509945,16.25892872,3.404161945,0.5407693995,0.6490263892,1.181824436,0.4583320194
lp_nl,88,0,50,25,50,28,2752.2,402,9.058998258,719.2935394,2.65396136,0.337774684,0.7475100344,5.560743699,0.1524217445
lp_nl,89,0,50,25,50,5,3928.6,149,10.26782296,2843.255163,44.18802463,0.1925619404,0.8385308688,1.544635736,0.392983556
lp_nl,90,0,50,25,50,26,2834.8,443,3.358117186,100.888918,3.243116888,0.3343290507,0.7494403269,1.86472394,0.349073775
lp_nl,91,0,50,25,50,12,3205.7,717,2.180990453,17.65354611,1.687126448,0.5190841719,0.6582913696,1.679113092,0.3732578528
lp_nl,92,0,50,25,50,2,3973.4,30,4.404265837,144.3033464,12.46156393,0.3666361834,0.731723638,1.247634139,0.444912267
lp_nl,93,0,50,25,50,16,3496.7,554,6.578469157,455.6755118,8.86860346,0.3081747113,0.7644238888,2.209007673,0.3116228136
lp_nl,94,0,50,25,50,6,3820.6,437,1.727989769,14.13559106,2.044738023,0.4596044029,0.6851171441,1.208432315,0.4528098929
lp_nl,95,0,50,25,50,2,3939.2,813,18.12963833,3056.415198,8.469531758,0.3279313713,0.7530509645,6.229589648,0.1383204371
lp_nl,96,0,50,25,50,3,3942.5,745,12.95941268,2034.945114,11.88751277,0.2872823666,0.7768303412,3.758718674,0.2101406006
lp_nl,97,0,50,25,50,12,3670.8,410,1.909898598,18.05536207,2.109534413,0.4494767262,0.689904144,1.314973506,0.4319703865
lp_nl,98,0,50,25,50,2,3925.9,920,5.14164425,128.9522763,6.860408152,0.452780295,0.6883353274,1.9630305,0.3374923073
lp_nl,99,0,50,25,50,2,3974.9,410,2.789149428,29.40675535,1.646499026,0.5143375454,0.6603547558,2.173657145,0.3150938978
lp_nl,100,0,50,25,50,25,3083.5,832,1.584583576,8.358478458,0.7133551201,0.5480895685,0.6459574564,1.876127109,0.3476897794
