model,mean_loss,tr_pvalue,tr_in_set,tr_elimination_round,tmax_pvalue,tmax_in_set,tmax_elimination_round
cop_0001_qvarma_p1q1r2,3940.8501770329026,0,0,858,0,0,897
cop_0002_qvarma_p1q1r2,42926.785740097206,0,0,558,0,0,342
cop_0003_qvarma_p1q1r2,27537.540514290667,0,0,183,0,0,261
cop_0004_qvarma_p1q1r2,8495.1842524245239,0,0,879,0,0,829
cop_0005_qvarma_p1q1r2,7870.9477537616031,0,0,790,0,0,784
cop_0006_qvarma_p1q1r2,7233.2707702030848,0,0,705,0,0,759
cop_0007_qvarma_p1q1r2,27176.133006718919,0,0,291,0,0,299
cop_0008_qvarma_p1q1r2,8114.273931697664,0,0,740,0,0,741
cop_0009_qvarma_p1q1r2,12318.432217663096,0,0,644,0,0,639
cop_0010_qvarma_p1q1r2,38582.419631589277,0,0,170,0,0,183
cop_0011_qvarma_p1q1r2,2324.6549946005334,0.00059999999999999995,0,984,0.35809999999999997,1,988
cop_0012_qvarma_p1q1r2,49627.982192773685,0,0,106,0,0,104
cop_0013_qvarma_p1q1r2,12688.219377544914,0,0,467,0,0,563
cop_0014_qvarma_p1q1r2,9412.0834004238459,0,0,536,0,0,654
cop_0015_qvarma_p1q1r2,20951.228151818501,0,0,139,0,0,332
cop_0016_qvarma_p1q1r2,6436.9958454990083,0,0,829,0,0,834
cop_0017_qvarma_p1q1r2,28459.891990385811,0,0,456,0,0,359
cop_0018_qvarma_p1q1r2,28364.125602063665,0,0,409,0,0,336
cop_0019_qvarma_p1q1r2,23958.096406522571,0,0,343,0,0,352
cop_0020_qvarma_p1q1r2,67492.240939486015,0,0,83,0,0,64
cop_0021_qvarma_p1q1r2,48864.513468161713,0,0,92,0,0,103
cop_0022_qvarma_p1q1r2,8483.3262675583519,0,0,596,0,0,692
cop_0023_qvarma_p1q1r2,7427.5690757718276,0,0,658,0,0,729
cop_0024_qvarma_p1q1r2,8870.0921487079995,0,0,782,0,0,747
cop_0025_qvarma_p1q1r2,12938.484165372511,0,0,388,0,0,538
cop_0026_qvarma_p1q1r2,40430.074721060708,0,0,336,0,0,225
cop_0027_qvarma_p1q1r2,11656.818962598822,0,0,626,0,0,637
cop_0028_qvarma_p1q1r2,55563.07026258525,0,0,117,0,0,91
cop_0029_qvarma_p1q1r2,56870.220701430175,0,0,13,0,0,53
cop_0030_qvarma_p1q1r2,3478.7127433895898,0,0,915,0,0,926
cop_0031_qvarma_p1q1r2,2263.918021141209,0.0402,0,993,0.39200000000000002,1,993
cop_0032_qvarma_p1q1r2,4837.4044744372268,0,0,857,0,0,884
cop_0033_qvarma_p1q1r2,39218.698336351626,0,0,135,0,0,160
cop_0034_qvarma_p1q1r2,43364.17401794227,0,0,172,0,0,155
cop_0035_qvarma_p1q1r2,11390.017328430167,0,0,597,0,0,632
cop_0036_qvarma_p1q1r2,8429.7742908067266,0,0,900,0,0,843
cop_0037_qvarma_p1q1r2,8309.6770494105422,0,0,731,0,0,734
cop_0038_qvarma_p1q1r2,41993.396679316967,0,0,241,0,0,187
cop_0039_qvarma_p1q1r2,16982.469001283222,0,0,600,0,0,549
cop_0040_qvarma_p1q1r2,9518.9292613176276,0,0,627,0,0,675
cop_0041_qvarma_p1q1r2,14806.791411895232,0,0,424,0,0,511
cop_0042_qvarma_p1q1r2,18365.094220000396,0,0,556,0,0,506
cop_0043_qvarma_p1q1r2,27607.591287186009,0,0,446,0,0,363
cop_0044_qvarma_p1q1r2,10133.119608581812,0,0,745,0,0,711
cop_0045_qvarma_p1q1r2,38345.245023327392,0,0,366,0,0,247
cop_0046_qvarma_p1q1r2,30381.113696035482,0,0,109,0,0,209
cop_0047_qvarma_p1q1r2,3751.6500501228825,0,0,935,0,0,931
cop_0048_qvarma_p1q1r2,22361.145885047015,0,0,553,0,0,456
cop_0049_qvarma_p1q1r2,33415.988435910403,0,0,179,0,0,212
cop_0050_qvarma_p1q1r2,4132.1530602410057,0,0,876,0,0,900
cop_0051_qvarma_p1q1r2,51868.144784921082,0,0,146,0,0,120
cop_0052_qvarma_p1q1r2,109502.95128409147,0,0,50,0,0,22
cop_0053_qvarma_p1q1r2,7523.9975205133742,0,0,611,0,0,717
cop_0054_qvarma_p1q1r2,24548.356821899688,0,0,709,0,0,571
cop_0055_qvarma_p1q1r2,48394.922212386751,0,0,37,0,0,86
cop_0056_qvarma_p1q1r2,21086.368726402652,0,0,258,0,0,361
cop_0057_qvarma_p1q1r2,4021.2288683675424,0,0,916,0,0,918
cop_0058_qvarma_p1q1r2,14192.543267828723,0,0,298,0,0,487
cop_0059_qvarma_p1q1r2,18131.826864633851,0,0,373,0,0,436
cop_0060_qvarma_p1q1r2,11514.414536939283,0,0,563,0,0,613
cop_0061_qvarma_p1q1r2,7758.5199166989223,0,0,749,0,0,757
cop_0062_qvarma_p1q1r2,29880.089328309801,0,0,476,0,0,360
cop_0063_qvarma_p1q1r2,103459.75915751058,0,0,35,0,0,20
cop_0064_qvarma_p1q1r2,13371.090009480118,0,0,221,0,0,496
cop_0065_qvarma_p1q1r2,23603.972722992956,0,0,568,0,0,446
cop_0066_qvarma_p1q1r2,4630.5305924308841,0,0,847,0,0,882
cop_0067_qvarma_p1q1r2,10003.011253186201,0,0,631,0,0,670
cop_0068_qvarma_p1q1r2,12331.719132167545,0,0,610,0,0,618
cop_0069_qvarma_p1q1r2,8882.7684521989249,0,0,734,0,0,723
cop_0070_qvarma_p1q1r2,3017.8560430953212,0,0,952,0,0,956
cop_0071_qvarma_p1q1r2,20303.903725577416,0,0,582,0,0,492
cop_0072_qvarma_p1q1r2,6462.4848642697325,0,0,814,0,0,824
cop_0073_qvarma_p1q1r2,12301.25351136517,0,0,459,0,0,569
cop_0074_qvarma_p1q1r2,26018.259265827077,0,0,430,0,0,368
cop_0075_qvarma_p1q1r2,18683.783326816898,0,0,432,0,0,448
cop_0076_qvarma_p1q1r2,6041.9575999362451,0,0,730,0,0,804
cop_0077_qvarma_p1q1r2,21357.381885788996,0,0,199,0,0,344
cop_0078_qvarma_p1q1r2,13443.5426060967,0,0,659,0,0,630
cop_0079_qvarma_p1q1r2,35594.044915466744,0,0,823,0,0,673
cop_0080_qvarma_p1q1r2,20199.94862277183,0,0,283,0,0,381
cop_0081_qvarma_p1q1r2,21829.035127509942,0,0,510,0,0,440
cop_0082_qvarma_p1q1r2,9525.1050021804822,0,0,767,0,0,727
cop_0083_qvarma_p1q1r2,23364.373864176549,0,0,534,0,0,434
cop_0084_qvarma_p1q1r2,37881.380020912424,0,0,133,0,0,171
cop_0085_qvarma_p1q1r2,18251.492752057173,0,0,227,0,0,398
cop_0086_qvarma_p1q1r2,92694.371736069879,0,0,34,0,0,25
cop_0087_qvarma_p1q1r2,4143.2356162809801,0,0,870,0,0,898
cop_0088_qvarma_p1q1r2,31729.462024839358,0,0,280,0,0,253
cop_0089_qvarma_p1q1r2,155262.39563134298,0,0,10,0,0,2
cop_0090_qvarma_p1q1r2,12786.30415160166,0,0,462,0,0,561
cop_0091_qvarma_p1q1r2,9130.2236600872675,0,0,708,0,0,714
cop_0092_qvarma_p1q1r2,20164.484337120906,0,0,210,0,0,366
cop_0093_qvarma_p1q1r2,28754.678478153692,0,0,171,0,0,250
cop_0094_qvarma_p1q1r2,4099.4596693748599,0,0,906,0,0,909
cop_0095_qvarma_p1q1r2,77327.154434316588,0,0,114,0,0,61
cop_0096_qvarma_p1q1r2,106356.82310718982,0,0,69,0,0,28
cop_0097_qvarma_p1q1r2,2590.6111064942806,0,0,975,0.0037000000000000002,0,974
cop_0098_qvarma_p1q1r2,16499.582650070464,0,0,361,0,0,461
cop_0099_qvarma_p1q1r2,25631.627054633027,0,0,190,0,0,292
cop_0100_qvarma_p1q1r2,7628.8204667796181,0,0,861,0,0,831
cop_0101_qvarma_p1q1r2,21045.210696727041,0,0,746,0,0,619
cop_0102_qvarma_p1q1r2,3553.0012694752345,0,0,950,0,0,941
cop_0103_qvarma_p1q1r2,2898.1595400682213,0,0,959,0,0,961
cop_0104_qvarma_p1q1r2,101140.7484608612,0,0,4,0,0,11
cop_0105_qvarma_p1q1r2,74892.343932795542,0,0,546,0,0,268
cop_0106_qvarma_p1q1r2,2847.6589799829931,0,0,971,0,0,971
cop_0107_qvarma_p1q1r2,23050.542413072428,0,0,620,0,0,493
cop_0108_qvarma_p1q1r2,69123.414363945834,0,0,441,0,0,206
cop_0109_qvarma_p1q1r2,12049.357462932599,0,0,566,0,0,604
cop_0110_qvarma_p1q1r2,12960.389777663797,0,0,357,0,0,531
cop_0111_qvarma_p1q1r2,27787.969016689593,0,0,302,0,0,298
cop_0112_qvarma_p1q1r2,3410.549028112961,0,0,930,0,0,935
cop_0113_qvarma_p1q1r2,18862.171231614888,0,0,399,0,0,429
cop_0114_qvarma_p1q1r2,95740.67928980416,0,0,12,0,0,15
cop_0115_qvarma_p1q1r2,48056.721715644984,0,0,216,0,0,150
cop_0116_qvarma_p1q1r2,22417.344396884444,0,0,330,0,0,371
cop_0117_qvarma_p1q1r2,3052.3322987375273,0,0,954,0,0,957
cop_0118_qvarma_p1q1r2,3646.2469376177319,0,0,934,0,0,930
cop_0119_qvarma_p1q1r2,98246.648551772727,0,0,128,0,0,48
cop_0120_qvarma_p1q1r2,2014.3196191485747,1,1,0,1,1,0
cop_0121_qvarma_p1q1r2,3303.7309489663012,0,0,953,0,0,951
cop_0122_qvarma_p1q1r2,69717.478733091761,0,0,113,0,0,70
cop_0123_qvarma_p1q1r2,33346.563794576861,0,0,211,0,0,223
cop_0124_qvarma_p1q1r2,15903.55343265623,0,0,378,0,0,474
cop_0125_qvarma_p1q1r2,16520.092970559093,0,0,665,0,0,596
cop_0126_qvarma_p1q1r2,14558.085484103571,0,0,699,0,0,636
cop_0127_qvarma_p1q1r2,7148.0542969187372,0,0,704,0,0,760
cop_0128_qvarma_p1q1r2,13221.072177348486,0,0,477,0,0,556
cop_0129_qvarma_p1q1r2,53634.57465949886,0,0,123,0,0,96
cop_0130_qvarma_p1q1r2,28710.032278589166,0,0,256,0,0,272
cop_0131_qvarma_p1q1r2,39996.054913153399,0,0,395,0,0,258
cop_0132_qvarma_p1q1r2,35315.136600096892,0,0,242,0,0,215
cop_0133_qvarma_p1q1r2,23374.622018922608,0,0,502,0,0,420
cop_0134_qvarma_p1q1r2,3174.6642514208243,0,0,955,0,0,952
cop_0135_qvarma_p1q1r2,20346.382617753832,0,0,405,0,0,417
cop_0136_qvarma_p1q1r2,10071.305858390711,0,0,830,0,0,795
cop_0137_qvarma_p1q1r2,18252.008352302339,0,0,396,0,0,439
cop_0138_qvarma_p1q1r2,44326.055525671494,0,0,95,0,0,128
cop_0139_qvarma_p1q1r2,2354.3010545614247,0.002,0,989,0.35809999999999997,1,989
cop_0140_qvarma_p1q1r2,32168.17552702389,0,0,233,0,0,237
cop_0141_qvarma_p1q1r2,8986.2339053123196,0,0,606,0,0,679
cop_0142_qvarma_p1q1r2,4367.812468789637,0,0,944,0,0,925
cop_0143_qvarma_p1q1r2,9566.9899221496544,0,0,530,0,0,648
cop_0144_qvarma_p1q1r2,14060.642977564748,0,0,583,0,0,577
cop_0145_qvarma_p1q1r2,6471.5175277270582,0,0,880,0,0,857
cop_0146_qvarma_p1q1r2,23672.935597778225,0,0,309,0,0,343
cop_0147_qvarma_p1q1r2,11576.709430402052,0,0,756,0,0,697
cop_0148_qvarma_p1q1r2,9424.3949304764101,0,0,873,0,0,823
cop_0149_qvarma_p1q1r2,88393.822795704458,0,0,281,0,0,94
cop_0150_qvarma_p1q1r2,4859.2658068063874,0,0,836,0,0,871
cop_0151_qvarma_p1q1r2,30061.058552472798,0,0,196,0,0,243
cop_0152_qvarma_p1q1r2,7461.773800978277,0,0,843,0,0,827
cop_0153_qvarma_p1q1r2,38864.868573375687,0,0,132,0,0,157
cop_0154_qvarma_p1q1r2,45004.613633007379,0,0,58,0,0,105
cop_0155_qvarma_p1q1r2,22115.090139057378,0,0,411,0,0,397
cop_0156_qvarma_p1q1r2,2379.302515417698,0.0001,0,982,0.2011,1,983
cop_0157_qvarma_p1q1r2,6963.4354545561264,0,0,885,0,0,848
cop_0158_qvarma_p1q1r2,103282.67698472254,0,0,52,0,0,26
cop_0159_qvarma_p1q1r2,40619.854603082473,0,0,153,0,0,162
cop_0160_qvarma_p1q1r2,44161.02682912266,0,0,74,0,0,115
cop_0161_qvarma_p1q1r2,18304.829326451323,0,0,618,0,0,541
cop_0162_qvarma_p1q1r2,9318.5249862401943,0,0,688,0,0,705
cop_0163_qvarma_p1q1r2,53441.959606636752,0,0,41,0,0,78
cop_0164_qvarma_p1q1r2,50828.104286356102,0,0,178,0,0,133
cop_0165_qvarma_p1q1r2,6906.1677761608089,0,0,772,0,0,796
cop_0166_qvarma_p1q1r2,7274.0533787715567,0,0,903,0,0,863
cop_0167_qvarma_p1q1r2,53619.413532781771,0,0,207,0,0,136
cop_0168_qvarma_p1q1r2,11919.39529554157,0,0,392,0,0,559
cop_0169_qvarma_p1q1r2,8283.6019261713027,0,0,781,0,0,763
cop_0170_qvarma_p1q1r2,30972.31618389962,0,0,429,0,0,323
cop_0171_qvarma_p1q1r2,5956.8803239139843,0,0,786,0,0,822
cop_0172_qvarma_p1q1r2,5304.7079890768464,0,0,854,0,0,868
cop_0173_qvarma_p1q1r2,20171.793736075884,0,0,738,0,0,614
cop_0174_qvarma_p1q1r2,14776.231273769101,0,0,545,0,0,552
cop_0175_qvarma_p1q1r2,20400.483404705501,0,0,389,0,0,413
cop_0176_qvarma_p1q1r2,15797.83290519649,0,0,602,0,0,564
cop_0177_qvarma_p1q1r2,14964.397145279392,0,0,437,0,0,516
cop_0178_qvarma_p1q1r2,38531.752999510631,0,0,229,0,0,195
cop_0179_qvarma_p1q1r2,20524.14879251576,0,0,490,0,0,445
cop_0180_qvarma_p1q1r2,19459.021191524724,0,0,479,0,0,454
cop_0181_qvarma_p1q1r2,35725.205849565697,0,0,89,0,0,166
cop_0182_qvarma_p1q1r2,36311.206715256063,0,0,362,0,0,257
cop_0183_qvarma_p1q1r2,6894.4799483867882,0,0,807,0,0,817
cop_0184_qvarma_p1q1r2,24312.652284376007,0,0,68,0,0,263
cop_0185_qvarma_p1q1r2,7327.0672003318014,0,0,803,0,0,807
cop_0186_qvarma_p1q1r2,3566.4869100869364,0,0,924,0,0,928
cop_0187_qvarma_p1q1r2,6881.1314114369934,0,0,741,0,0,781
cop_0188_qvarma_p1q1r2,58175.819865277459,0,0,165,0,0,108
cop_0189_qvarma_p1q1r2,10843.80763383171,0,0,497,0,0,611
cop_0190_qvarma_p1q1r2,15850.293997807687,0,0,384,0,0,477
cop_0191_qvarma_p1q1r2,3784.7655115715284,0,0,957,0,0,942
cop_0192_qvarma_p1q1r2,17677.4100889525,0,0,513,0,0,494
cop_0193_qvarma_p1q1r2,33278.017348148736,0,0,576,0,0,400
cop_0194_qvarma_p1q1r2,10001.649161402825,0,0,717,0,0,702
cop_0195_qvarma_p1q1r2,14931.777243179271,0,0,475,0,0,525
cop_0196_qvarma_p1q1r2,23109.666885658276,0,0,364,0,0,369
cop_0197_qvarma_p1q1r2,27326.041435109684,0,0,353,0,0,322
cop_0198_qvarma_p1q1r2,27896.768492318344,0,0,162,0,0,255
cop_0199_qvarma_p1q1r2,13322.236576990879,0,0,554,0,0,586
cop_0200_qvarma_p1q1r2,12383.616215577058,0,0,680,0,0,662
cop_0201_qvarma_p1q1r2,26757.761059751112,0,0,485,0,0,388
cop_0202_qvarma_p1q1r2,36497.26481085761,0,0,186,0,0,194
cop_0203_qvarma_p1q1r2,10891.155126289388,0,0,493,0,0,610
cop_0204_qvarma_p1q1r2,11533.26001418033,0,0,657,0,0,655
cop_0205_qvarma_p1q1r2,2624.8130828320946,0,0,978,0.023,0,977
cop_0206_qvarma_p1q1r2,10791.786101948739,0,0,315,0,0,578
cop_0207_qvarma_p1q1r2,19279.556459583513,0,0,821,0,0,699
cop_0208_qvarma_p1q1r2,43321.718908867515,0,0,66,0,0,121
cop_0209_qvarma_p1q1r2,14249.963008279312,0,0,308,0,0,488
cop_0210_qvarma_p1q1r2,9983.2171934781236,0,0,654,0,0,678
cop_0211_qvarma_p1q1r2,3217.7849664475511,0,0,946,0,0,949
cop_0212_qvarma_p1q1r2,22945.66470609168,0,0,235,0,0,325
cop_0213_qvarma_p1q1r2,13434.869492688258,0,0,835,0,0,750
cop_0214_qvarma_p1q1r2,61144.060652305874,0,0,99,0,0,82
cop_0215_qvarma_p1q1r2,4539.3943230505529,0,0,775,0,0,854
cop_0216_qvarma_p1q1r2,66174.08637732346,0,0,119,0,0,79
cop_0217_qvarma_p1q1r2,43550.466131369205,0,0,240,0,0,179
cop_0218_qvarma_p1q1r2,27805.467365326353,0,0,275,0,0,291
cop_0219_qvarma_p1q1r2,13548.761037226104,0,0,438,0,0,539
cop_0220_qvarma_p1q1r2,14537.911336421623,0,0,758,0,0,668
cop_0221_qvarma_p1q1r2,40298.575246036962,0,0,323,0,0,217
cop_0222_qvarma_p1q1r2,21331.024285060765,0,0,346,0,0,382
cop_0223_qvarma_p1q1r2,19291.961716963404,0,0,278,0,0,393
cop_0224_qvarma_p1q1r2,21080.610339704166,0,0,377,0,0,402
cop_0225_qvarma_p1q1r2,3228.8519504717788,0,0,926,0,0,937
cop_0226_qvarma_p1q1r2,3742.8642398510651,0,0,911,0,0,921
cop_0227_qvarma_p1q1r2,20323.114963193508,0,0,751,0,0,628
cop_0228_qvarma_p1q1r2,8107.0773141038271,0,0,780,0,0,773
cop_0229_qvarma_p1q1r2,26923.728497744793,0,0,167,0,0,266
cop_0230_qvarma_p1q1r2,139720.23901613645,0,0,17,0,0,6
cop_0231_qvarma_p1q1r2,3214.5419746622761,0,0,956,0,0,953
cop_0232_qvarma_p1q1r2,5725.0417115933933,0,0,753,0,0,818
cop_0233_qvarma_p1q1r2,13289.916471382472,0,0,486,0,0,558
cop_0234_qvarma_p1q1r2,84688.371019716535,0,0,78,0,0,43
cop_0235_qvarma_p1q1r2,30891.126510710717,0,0,326,0,0,282
cop_0236_qvarma_p1q1r2,8237.3724667508486,0,0,681,0,0,721
cop_0237_qvarma_p1q1r2,3109.5569290391895,0,0,917,0,0,936
cop_0238_qvarma_p1q1r2,13357.591771478707,0,0,449,0,0,547
cop_0239_qvarma_p1q1r2,2724.1277611597279,0,0,961,0,0,964
cop_0240_qvarma_p1q1r2,8401.4186126090881,0,0,794,0,0,779
cop_0241_qvarma_p1q1r2,6350.4030088144755,0,0,922,0,0,889
cop_0242_qvarma_p1q1r2,30957.676965596864,0,0,182,0,0,233
cop_0243_qvarma_p1q1r2,4881.9176659563764,0,0,817,0,0,862
cop_0244_qvarma_p1q1r2,45861.466839288172,0,0,225,0,0,167
cop_0245_qvarma_p1q1r2,33722.195801061105,0,0,77,0,0,174
cop_0246_qvarma_p1q1r2,31384.366599810273,0,0,141,0,0,213
cop_0247_qvarma_p1q1r2,27308.822490205697,0,0,469,0,0,376
cop_0248_qvarma_p1q1r2,8863.5204363076464,0,0,590,0,0,677
cop_0249_qvarma_p1q1r2,9714.8709568576178,0,0,737,0,0,713
cop_0250_qvarma_p1q1r2,17542.040950246559,0,0,492,0,0,483
cop_0251_qvarma_p1q1r2,29019.293489911262,0,0,147,0,0,236
cop_0252_qvarma_p1q1r2,19447.506964013002,0,0,413,0,0,425
cop_0253_qvarma_p1q1r2,57924.607147785944,0,0,150,0,0,97
cop_0254_qvarma_p1q1r2,5655.9975900922173,0,0,850,0,0,861
cop_0255_qvarma_p1q1r2,23944.158368498069,0,0,744,0,0,598
cop_0256_qvarma_p1q1r2,8293.8528588482404,0,0,832,0,0,816
cop_0257_qvarma_p1q1r2,24630.104028221052,0,0,198,0,0,303
cop_0258_qvarma_p1q1r2,10814.010405011739,0,0,585,0,0,634
cop_0259_qvarma_p1q1r2,12557.447115626059,0,0,415,0,0,555
cop_0260_qvarma_p1q1r2,48710.592389816848,0,0,124,0,0,119
cop_0261_qvarma_p1q1r2,10449.346783985928,0,0,498,0,0,621
cop_0262_qvarma_p1q1r2,17152.749811741378,0,0,332,0,0,441
cop_0263_qvarma_p1q1r2,30353.368539361112,0,0,402,0,0,318
cop_0264_qvarma_p1q1r2,15555.289825689766,0,0,452,0,0,507
cop_0265_qvarma_p1q1r2,13571.527749845965,0,0,696,0,0,650
cop_0266_qvarma_p1q1r2,76566.207618711502,0,0,72,0,0,52
cop_0267_qvarma_p1q1r2,6956.5323997637852,0,0,726,0,0,776
cop_0268_qvarma_p1q1r2,7704.6370729450191,0,0,700,0,0,737
cop_0269_qvarma_p1q1r2,11883.967187388955,0,0,852,0,0,800
cop_0270_qvarma_p1q1r2,25968.515010201085,0,0,523,0,0,416
cop_0271_qvarma_p1q1r2,25847.18286163361,0,0,483,0,0,392
cop_0272_qvarma_p1q1r2,14683.523156367002,0,0,372,0,0,500
cop_0273_qvarma_p1q1r2,20662.831519982126,0,0,381,0,0,411
cop_0274_qvarma_p1q1r2,7951.8893157232424,0,0,766,0,0,766
cop_0275_qvarma_p1q1r2,25958.275930235148,0,0,260,0,0,302
cop_0276_qvarma_p1q1r2,24533.374575304602,0,0,160,0,0,294
cop_0277_qvarma_p1q1r2,27504.726832870929,0,0,505,0,0,394
cop_0278_qvarma_p1q1r2,27458.482430563847,0,0,202,0,0,270
cop_0279_qvarma_p1q1r2,31807.884315948973,0,0,76,0,0,190
cop_0280_qvarma_p1q1r2,24930.449456023751,0,0,352,0,0,345
cop_0281_qvarma_p1q1r2,3081.363235194468,0,0,967,0,0,965
cop_0282_qvarma_p1q1r2,5010.3442096560329,0,0,791,0,0,841
cop_0283_qvarma_p1q1r2,24969.339744904453,0,0,197,0,0,296
cop_0284_qvarma_p1q1r2,22708.785897872189,0,0,488,0,0,419
cop_0285_qvarma_p1q1r2,2509.3370971465943,0.0016000000000000001,0,988,0.2011,1,981
cop_0286_qvarma_p1q1r2,45492.001375886575,0,0,173,0,0,148
cop_0287_qvarma_p1q1r2,42021.009106210702,0,0,219,0,0,182
cop_0288_qvarma_p1q1r2,8738.7278468535715,0,0,678,0,0,712
cop_0289_qvarma_p1q1r2,54733.03927883273,0,0,425,0,0,214
cop_0290_qvarma_p1q1r2,48105.441999588438,0,0,98,0,0,111
cop_0291_qvarma_p1q1r2,75331.497068325029,0,0,91,0,0,59
cop_0292_qvarma_p1q1r2,26895.597364535766,0,0,331,0,0,319
cop_0293_qvarma_p1q1r2,3826.3271478382812,0,0,862,0,0,902
cop_0294_qvarma_p1q1r2,4327.8900449964913,0,0,820,0,0,879
cop_0295_qvarma_p1q1r2,92951.475699469724,0,0,16,0,0,18
cop_0296_qvarma_p1q1r2,28215.722655258538,0,0,180,0,0,252
cop_0297_qvarma_p1q1r2,19061.522549727426,0,0,453,0,0,449
cop_0298_qvarma_p1q1r2,2369.652054960723,0.001,0,987,0.35809999999999997,1,985
cop_0299_qvarma_p1q1r2,15408.68460554287,0,0,565,0,0,550
cop_0300_qvarma_p1q1r2,62437.837928833324,0,0,67,0,0,68
cop_0301_qvarma_p1q1r2,20676.402065812996,0,0,322,0,0,387
cop_0302_qvarma_p1q1r2,8987.1358265078561,0,0,777,0,0,746
cop_0303_qvarma_p1q1r2,23901.790141836416,0,0,365,0,0,362
cop_0304_qvarma_p1q1r2,11986.805104641471,0,0,458,0,0,579
cop_0305_qvarma_p1q1r2,90246.042559393842,0,0,97,0,0,46
cop_0306_qvarma_p1q1r2,10629.141412090275,0,0,764,0,0,715
cop_0307_qvarma_p1q1r2,11322.536253535751,0,0,496,0,0,603
cop_0308_qvarma_p1q1r2,52619.081392254557,0,0,213,0,0,140
cop_0309_qvarma_p1q1r2,25133.190957712624,0,0,151,0,0,276
cop_0310_qvarma_p1q1r2,6852.0570964020908,0,0,629,0,0,740
cop_0311_qvarma_p1q1r2,28631.973702540094,0,0,174,0,0,248
cop_0312_qvarma_p1q1r2,4458.0751628512726,0,0,827,0,0,878
cop_0313_qvarma_p1q1r2,33590.601679907959,0,0,270,0,0,238
cop_0314_qvarma_p1q1r2,15103.72011437165,0,0,594,0,0,568
cop_0315_qvarma_p1q1r2,12823.557483264387,0,0,420,0,0,545
cop_0316_qvarma_p1q1r2,13935.408951113066,0,0,522,0,0,560
cop_0317_qvarma_p1q1r2,24062.259914826413,0,0,649,0,0,517
cop_0318_qvarma_p1q1r2,24512.057862979083,0,0,317,0,0,333
cop_0319_qvarma_p1q1r2,18075.447149172702,0,0,511,0,0,485
cop_0320_qvarma_p1q1r2,10908.223083673598,0,0,789,0,0,724
cop_0321_qvarma_p1q1r2,4243.8654564524777,0,0,905,0,0,908
cop_0322_qvarma_p1q1r2,50819.517837192871,0,0,157,0,0,130
cop_0323_qvarma_p1q1r2,28437.07745843814,0,0,96,0,0,220
cop_0324_qvarma_p1q1r2,92261.902965498346,0,0,6,0,0,14
cop_0325_qvarma_p1q1r2,49740.46760591933,0,0,80,0,0,93
cop_0326_qvarma_p1q1r2,133521.40439815732,0,0,14,0,0,7
cop_0327_qvarma_p1q1r2,71280.638816779712,0,0,71,0,0,56
cop_0328_qvarma_p1q1r2,47026.921060412766,0,0,287,0,0,184
cop_0329_qvarma_p1q1r2,22150.462326386354,0,0,604,0,0,484
cop_0330_qvarma_p1q1r2,28891.444882414879,0,0,274,0,0,274
cop_0331_qvarma_p1q1r2,15369.705731117501,0,0,447,0,0,513
cop_0332_qvarma_p1q1r2,28715.271004065085,0,0,282,0,0,283
cop_0333_qvarma_p1q1r2,69642.75423368263,0,0,43,0,0,49
cop_0334_qvarma_p1q1r2,10202.884392883248,0,0,799,0,0,743
cop_0335_qvarma_p1q1r2,3066.9694715209389,0,0,960,0,0,959
cop_0336_qvarma_p1q1r2,17598.06387670117,0,0,423,0,0,462
cop_0337_qvarma_p1q1r2,8852.5441350945403,0,0,760,0,0,730
cop_0338_qvarma_p1q1r2,107285.98891566276,0,0,668,0,0,378
cop_0339_qvarma_p1q1r2,15796.373738310213,0,0,625,0,0,580
cop_0340_qvarma_p1q1r2,33302.089952076589,0,0,203,0,0,218
cop_0341_qvarma_p1q1r2,73252.944744628563,0,0,30,0,0,38
cop_0342_qvarma_p1q1r2,27500.809041437737,0,0,307,0,0,305
cop_0343_qvarma_p1q1r2,6237.6858917354948,0,0,897,0,0,876
cop_0344_qvarma_p1q1r2,18425.757621481258,0,0,348,0,0,422
cop_0345_qvarma_p1q1r2,8643.567519709899,0,0,655,0,0,700
cop_0346_qvarma_p1q1r2,3968.5482242710755,0,0,907,0,0,912
cop_0347_qvarma_p1q1r2,5559.5607536283351,0,0,893,0,0,883
cop_0348_qvarma_p1q1r2,3051.6959269280756,0,0,949,0,0,954
cop_0349_qvarma_p1q1r2,7882.8339632455909,0,0,802,0,0,794
cop_0350_qvarma_p1q1r2,4623.1332086438142,0,0,899,0,0,895
cop_0351_qvarma_p1q1r2,4020.4704587548927,0,0,913,0,0,915
cop_0352_qvarma_p1q1r2,32095.067641444413,0,0,288,0,0,251
cop_0353_qvarma_p1q1r2,6530.2730960607296,0,0,848,0,0,839
cop_0354_qvarma_p1q1r2,126638.61449589084,0,0,1,0,0,1
cop_0355_qvarma_p1q1r2,4768.6800199959289,0,0,825,0,0,864
cop_0356_qvarma_p1q1r2,27190.346776368253,0,0,795,0,0,645
cop_0357_qvarma_p1q1r2,59541.723407995247,0,0,200,0,0,122
cop_0358_qvarma_p1q1r2,23488.207967838673,0,0,417,0,0,383
cop_0359_qvarma_p1q1r2,26706.316724449771,0,0,419,0,0,351
cop_0360_qvarma_p1q1r2,45294.511626188272,0,0,234,0,0,169
cop_0361_qvarma_p1q1r2,3374.2135794401497,0,0,969,0,0,962
cop_0362_qvarma_p1q1r2,46340.41464056736,0,0,19,0,0,85
cop_0363_qvarma_p1q1r2,14347.361138930048,0,0,393,0,0,512
cop_0364_qvarma_p1q1r2,4656.8965646973566,0,0,834,0,0,877
cop_0365_qvarma_p1q1r2,54433.554896590926,0,0,42,0,0,74
cop_0366_qvarma_p1q1r2,28009.210747926023,0,0,161,0,0,249
cop_0367_qvarma_p1q1r2,4869.2948834667923,0,0,894,0,0,891
cop_0368_qvarma_p1q1r2,16114.346915219419,0,0,710,0,0,633
cop_0369_qvarma_p1q1r2,3346.0387344834362,0,0,948,0,0,946
cop_0370_qvarma_p1q1r2,24398.492797230152,0,0,335,0,0,347
cop_0371_qvarma_p1q1r2,28923.74734052239,0,0,516,0,0,385
cop_0372_qvarma_p1q1r2,82129.153901386177,0,0,62,0,0,41
cop_0373_qvarma_p1q1r2,24828.101620471185,0,0,188,0,0,297
cop_0374_qvarma_p1q1r2,7140.0818318068768,0,0,895,0,0,860
cop_0375_qvarma_p1q1r2,98752.131516776339,0,0,57,0,0,30
cop_0376_qvarma_p1q1r2,31631.171027489454,0,0,340,0,0,281
cop_0377_qvarma_p1q1r2,5939.3519792403522,0,0,806,0,0,828
cop_0378_qvarma_p1q1r2,6804.8010802500103,0,0,675,0,0,761
cop_0379_qvarma_p1q1r2,10979.555643114123,0,0,679,0,0,671
cop_0380_qvarma_p1q1r2,48730.409533093378,0,0,127,0,0,118
cop_0381_qvarma_p1q1r2,56353.78216559565,0,0,101,0,0,87
cop_0382_qvarma_p1q1r2,6637.543514820477,0,0,676,0,0,772
cop_0383_qvarma_p1q1r2,46563.224111191601,0,0,82,0,0,109
cop_0384_qvarma_p1q1r2,75636.635134107695,0,0,8,0,0,23
cop_0385_qvarma_p1q1r2,18319.534455110472,0,0,380,0,0,435
cop_0386_qvarma_p1q1r2,23818.400031984442,0,0,463,0,0,405
cop_0387_qvarma_p1q1r2,24278.881405747943,0,0,192,0,0,304
cop_0388_qvarma_p1q1r2,13305.423513408145,0,0,439,0,0,546
cop_0389_qvarma_p1q1r2,28477.168970177885,0,0,494,0,0,379
cop_0390_qvarma_p1q1r2,5566.5291539243171,0,0,910,0,0,892
cop_0391_qvarma_p1q1r2,29430.539798822261,0,0,480,0,0,365
cop_0392_qvarma_p1q1r2,21607.200160228189,0,0,560,0,0,466
cop_0393_qvarma_p1q1r2,38113.415641542466,0,0,297,0,0,219
cop_0394_qvarma_p1q1r2,11022.003884311189,0,0,464,0,0,601
cop_0395_qvarma_p1q1r2,9810.2232008160299,0,0,684,0,0,694
cop_0396_qvarma_p1q1r2,23617.506098947437,0,0,671,0,0,543
cop_0397_qvarma_p1q1r2,2381.6323245285494,0.00059999999999999995,0,986,0.35809999999999997,1,984
cop_0398_qvarma_p1q1r2,131216.7872386711,0,0,15,0,0,10
cop_0399_qvarma_p1q1r2,11041.812067387078,0,0,828,0,0,780
cop_0400_qvarma_p1q1r2,14982.024998739844,0,0,598,0,0,574
cop_0401_qvarma_p1q1r2,20511.06736224268,0,0,543,0,0,471
cop_0402_qvarma_p1q1r2,9829.041703757608,0,0,584,0,0,657
cop_0403_qvarma_p1q1r2,3055.5943463066506,0,0,927,0,0,943
cop_0404_qvarma_p1q1r2,68291.263350196095,0,0,56,0,0,60
cop_0405_qvarma_p1q1r2,74162.132234635399,0,0,31,0,0,37
cop_0406_qvarma_p1q1r2,15054.566690945827,0,0,428,0,0,509
cop_0407_qvarma_p1q1r2,54855.567713573684,0,0,90,0,0,88
cop_0408_qvarma_p1q1r2,9117.6119090739576,0,0,664,0,0,696
cop_0409_qvarma_p1q1r2,31064.211316345358,0,0,268,0,0,254
cop_0410_qvarma_p1q1r2,5134.5614891603254,0,0,888,0,0,887
cop_0411_qvarma_p1q1r2,16026.881380834124,0,0,427,0,0,486
cop_0412_qvarma_p1q1r2,15999.273631226488,0,0,529,0,0,524
cop_0413_qvarma_p1q1r2,2516.7851525805263,0,0,980,0.048300000000000003,0,978
cop_0414_qvarma_p1q1r2,35143.744372255125,0,0,145,0,0,191
cop_0415_qvarma_p1q1r2,41566.399227468399,0,0,65,0,0,131
cop_0416_qvarma_p1q1r2,11402.349969134473,0,0,473,0,0,591
cop_0417_qvarma_p1q1r2,3492.7460230352958,0,0,884,0,0,913
cop_0418_qvarma_p1q1r2,30648.942218305263,0,0,205,0,0,241
cop_0419_qvarma_p1q1r2,53383.636701780131,0,0,125,0,0,98
cop_0420_qvarma_p1q1r2,33969.101025395132,0,0,166,0,0,202
cop_0421_qvarma_p1q1r2,11129.235494860362,0,0,482,0,0,599
cop_0422_qvarma_p1q1r2,39722.613535051394,0,0,779,0,0,592
cop_0423_qvarma_p1q1r2,3132.7841820029275,0,0,945,0,0,950
cop_0424_qvarma_p1q1r2,14568.09402346059,0,0,571,0,0,567
cop_0425_qvarma_p1q1r2,43864.103966453738,0,0,206,0,0,168
cop_0426_qvarma_p1q1r2,39182.611155878396,0,0,703,0,0,499
cop_0427_qvarma_p1q1r2,29248.448309398202,0,0,303,0,0,285
cop_0428_qvarma_p1q1r2,5824.5114319876229,0,0,860,0,0,858
cop_0429_qvarma_p1q1r2,2217.3843481846206,0.1148,1,997,0.6452,1,997
cop_0430_qvarma_p1q1r2,8782.8839717972387,0,0,660,0,0,703
cop_0431_qvarma_p1q1r2,3436.8468995999774,0,0,925,0,0,932
cop_0432_qvarma_p1q1r2,16308.456545017398,0,0,514,0,0,522
cop_0433_qvarma_p1q1r2,15056.035443084831,0,0,350,0,0,481
cop_0434_qvarma_p1q1r2,81952.237254810359,0,0,61,0,0,42
cop_0435_qvarma_p1q1r2,22623.426239790802,0,0,757,0,0,622
cop_0436_qvarma_p1q1r2,6877.0067734409677,0,0,785,0,0,803
cop_0437_qvarma_p1q1r2,6742.0576121300492,0,0,853,0,0,837
cop_0438_qvarma_p1q1r2,47302.379602518624,0,0,181,0,0,146
cop_0439_qvarma_p1q1r2,8440.648404859423,0,0,805,0,0,783
cop_0440_qvarma_p1q1r2,7201.1089022601518,0,0,838,0,0,826
cop_0441_qvarma_p1q1r2,18048.350974844274,0,0,495,0,0,478
cop_0442_qvarma_p1q1r2,20502.602285155637,0,0,569,0,0,479
cop_0443_qvarma_p1q1r2,6203.3372155684656,0,0,792,0,0,820
cop_0444_qvarma_p1q1r2,5917.4370447439333,0,0,892,0,0,881
cop_0445_qvarma_p1q1r2,10968.52311045392,0,0,621,0,0,649
cop_0446_qvarma_p1q1r2,32017.205647439059,0,0,460,0,0,330
cop_0447_qvarma_p1q1r2,14080.986237371866,0,0,400,0,0,521
cop_0448_qvarma_p1q1r2,12964.145166700995,0,0,421,0,0,542
cop_0449_qvarma_p1q1r2,11489.30083686394,0,0,356,0,0,565
cop_0450_qvarma_p1q1r2,2613.5077895042182,0,0,974,0.0035999999999999999,0,973
cop_0451_qvarma_p1q1r2,48563.056307482642,0,0,499,0,0,289
cop_0452_qvarma_p1q1r2,9913.9179607965179,0,0,524,0,0,638
cop_0453_qvarma_p1q1r2,7726.6074856415662,0,0,702,0,0,735
cop_0454_qvarma_p1q1r2,32433.026332431113,0,0,368,0,0,290
cop_0455_qvarma_p1q1r2,35616.463602677024,0,0,140,0,0,188
cop_0456_qvarma_p1q1r2,55300.309735180454,0,0,238,0,0,139
cop_0457_qvarma_p1q1r2,8877.2306447363389,0,0,808,0,0,778
cop_0458_qvarma_p1q1r2,11549.714718514597,0,0,728,0,0,684
cop_0459_qvarma_p1q1r2,3939.7352255460314,0,0,872,0,0,901
cop_0460_qvarma_p1q1r2,3806.9081093416476,0,0,909,0,0,919
cop_0461_qvarma_p1q1r2,14148.338625210847,0,0,418,0,0,520
cop_0462_qvarma_p1q1r2,6345.6728208775521,0,0,698,0,0,787
cop_0463_qvarma_p1q1r2,45652.865988494981,0,0,327,0,0,203
cop_0464_qvarma_p1q1r2,44357.527016714746,0,0,636,0,0,415
cop_0465_qvarma_p1q1r2,5925.6533930331188,0,0,778,0,0,821
cop_0466_qvarma_p1q1r2,2314.0410530845343,0.0080000000000000002,0,991,0.35809999999999997,1,991
cop_0467_qvarma_p1q1r2,6677.1156252513074,0,0,736,0,0,788
cop_0468_qvarma_p1q1r2,16384.425204399402,0,0,250,0,0,431
cop_0469_qvarma_p1q1r2,22036.823836891639,0,0,771,0,0,640
cop_0470_qvarma_p1q1r2,11391.42114839894,0,0,647,0,0,653
cop_0471_qvarma_p1q1r2,16860.344274087871,0,0,342,0,0,447
cop_0472_qvarma_p1q1r2,43782.468619293715,0,0,129,0,0,138
cop_0473_qvarma_p1q1r2,9386.5187524882786,0,0,507,0,0,646
cop_0474_qvarma_p1q1r2,9976.2782009334605,0,0,589,0,0,656
cop_0475_qvarma_p1q1r2,27361.417023439804,0,0,304,0,0,306
cop_0476_qvarma_p1q1r2,4641.1633293027817,0,0,770,0,0,846
cop_0477_qvarma_p1q1r2,5028.8895780464563,0,0,898,0,0,890
cop_0478_qvarma_p1q1r2,5880.8468421778725,0,0,904,0,0,885
cop_0479_qvarma_p1q1r2,24300.470645741574,0,0,371,0,0,364
cop_0480_qvarma_p1q1r2,3973.6387277083509,0,0,932,0,0,923
cop_0481_qvarma_p1q1r2,12161.46662184587,0,0,725,0,0,674
cop_0482_qvarma_p1q1r2,20605.923916438696,0,0,722,0,0,602
cop_0483_qvarma_p1q1r2,8547.8843101880302,0,0,593,0,0,686
cop_0484_qvarma_p1q1r2,42642.124882291973,0,0,220,0,0,178
cop_0485_qvarma_p1q1r2,99224.954618036412,0,0,107,0,0,39
cop_0486_qvarma_p1q1r2,77868.746714415989,0,0,134,0,0,66
cop_0487_qvarma_p1q1r2,61553.462679337463,0,0,54,0,0,65
cop_0488_qvarma_p1q1r2,65767.223416882858,0,0,11,0,0,34
cop_0489_qvarma_p1q1r2,7944.6097486074013,0,0,712,0,0,738
cop_0490_qvarma_p1q1r2,51655.120377500964,0,0,116,0,0,99
cop_0491_qvarma_p1q1r2,74022.540093654068,0,0,144,0,0,76
cop_0492_qvarma_p1q1r2,61101.730370056903,0,0,27,0,0,58
cop_0493_qvarma_p1q1r2,21431.007660636311,0,0,379,0,0,396
cop_0494_qvarma_p1q1r2,13417.91847919867,0,0,773,0,0,691
cop_0495_qvarma_p1q1r2,22928.307938779777,0,0,264,0,0,334
cop_0496_qvarma_p1q1r2,25628.561663402739,0,0,267,0,0,308
cop_0497_qvarma_p1q1r2,49590.401851762072,0,0,435,0,0,242
cop_0498_qvarma_p1q1r2,31786.322974651248,0,0,549,0,0,391
cop_0499_qvarma_p1q1r2,22568.165082840685,0,0,382,0,0,389
cop_0500_qvarma_p1q1r2,9857.6878368431226,0,0,682,0,0,693
cop_0501_qvarma_p1q1r2,3266.1741220499271,0,0,942,0,0,944
cop_0502_qvarma_p1q1r2,12109.674758363839,0,0,517,0,0,593
cop_0503_qvarma_p1q1r2,6742.4001691746726,0,0,881,0,0,851
cop_0504_qvarma_p1q1r2,9725.0218381712912,0,0,465,0,0,629
cop_0505_qvarma_p1q1r2,8511.176641088603,0,0,656,0,0,709
cop_0506_qvarma_p1q1r2,49167.587887395595,0,0,100,0,0,106
cop_0507_qvarma_p1q1r2,54313.905570102739,0,0,387,0,0,197
cop_0508_qvarma_p1q1r2,17985.283662718291,0,0,222,0,0,404
cop_0509_qvarma_p1q1r2,3176.6869453534591,0,0,941,0,0,945
cop_0510_qvarma_p1q1r2,2502.5933834108328,0.0001,0,981,0.056000000000000001,1,980
cop_0511_qvarma_p1q1r2,77853.871250150754,0,0,32,0,0,35
cop_0512_qvarma_p1q1r2,7175.5686951026273,0,0,694,0,0,754
cop_0513_qvarma_p1q1r2,17096.684708079236,0,0,548,0,0,519
cop_0514_qvarma_p1q1r2,4866.8758592589793,0,0,842,0,0,872
cop_0515_qvarma_p1q1r2,12394.858451778115,0,0,570,0,0,600
cop_0516_qvarma_p1q1r2,10437.971334840162,0,0,818,0,0,768
cop_0517_qvarma_p1q1r2,28323.171820801235,0,0,285,0,0,287
cop_0518_qvarma_p1q1r2,23115.395869633019,0,0,672,0,0,548
cop_0519_qvarma_p1q1r2,2624.5683861566326,0,0,976,0.0044999999999999997,0,976
cop_0520_qvarma_p1q1r2,19522.613621087694,0,0,592,0,0,510
cop_0521_qvarma_p1q1r2,15386.0542400755,0,0,367,0,0,480
cop_0522_qvarma_p1q1r2,18253.357051574891,0,0,613,0,0,533
cop_0523_qvarma_p1q1r2,3035.4729808109778,0,0,951,0,0,955
cop_0524_qvarma_p1q1r2,10150.788867513809,0,0,646,0,0,672
cop_0525_qvarma_p1q1r2,11671.205936043169,0,0,819,0,0,745
cop_0526_qvarma_p1q1r2,56749.442783494851,0,0,763,0,0,551
cop_0527_qvarma_p1q1r2,4401.5823240529853,0,0,928,0,0,917
cop_0528_qvarma_p1q1r2,34854.429103437025,0,0,314,0,0,246
cop_0529_qvarma_p1q1r2,5394.0849670128509,0,0,874,0,0,875
cop_0530_qvarma_p1q1r2,24626.758809564788,0,0,195,0,0,301
cop_0531_qvarma_p1q1r2,9088.5049776173528,0,0,719,0,0,719
cop_0532_qvarma_p1q1r2,45335.942775819953,0,0,102,0,0,126
cop_0533_qvarma_p1q1r2,7009.8963749642126,0,0,886,0,0,853
cop_0534_qvarma_p1q1r2,5104.4648030742956,0,0,920,0,0,904
cop_0535_qvarma_p1q1r2,94765.955764056416,0,0,55,0,0,31
cop_0536_qvarma_p1q1r2,5280.7246618789986,0,0,815,0,0,845
cop_0537_qvarma_p1q1r2,19427.316497167954,0,0,339,0,0,410
cop_0538_qvarma_p1q1r2,3127.7750658935879,0,0,966,0,0,963
cop_0539_qvarma_p1q1r2,40615.896544495714,0,0,218,0,0,189
cop_0540_qvarma_p1q1r2,4841.5913714951939,0,0,839,0,0,870
cop_0541_qvarma_p1q1r2,25721.31284086197,0,0,341,0,0,329
cop_0542_qvarma_p1q1r2,2456.3517134373274,0,0,977,0.048300000000000003,0,979
cop_0543_qvarma_p1q1r2,48398.67342761394,0,0,286,0,0,176
cop_0544_qvarma_p1q1r2,44561.503076504203,0,0,564,0,0,337
cop_0545_qvarma_p1q1r2,48551.165017037492,0,0,414,0,0,230
cop_0546_qvarma_p1q1r2,6567.05331163755,0,0,667,0,0,769
cop_0547_qvarma_p1q1r2,13281.06547124656,0,0,561,0,0,584
cop_0548_qvarma_p1q1r2,42450.238734418701,0,0,60,0,0,123
cop_0549_qvarma_p1q1r2,176619.13517486968,0,0,38,0,0,8
cop_0550_qvarma_p1q1r2,35752.176326324829,0,0,108,0,0,172
cop_0551_qvarma_p1q1r2,32271.902222464465,0,0,370,0,0,293
cop_0552_qvarma_p1q1r2,45342.617753097744,0,0,748,0,0,536
cop_0553_qvarma_p1q1r2,5743.9395133763528,0,0,816,0,0,836
cop_0554_qvarma_p1q1r2,2364.8911978363863,0.00059999999999999995,0,983,0.35809999999999997,1,987
cop_0555_qvarma_p1q1r2,4550.4817426890404,0,0,810,0,0,866
cop_0556_qvarma_p1q1r2,21812.493612501861,0,0,500,0,0,437
cop_0557_qvarma_p1q1r2,39633.28168452657,0,0,271,0,0,198
cop_0558_qvarma_p1q1r2,27854.016187488396,0,0,189,0,0,265
cop_0559_qvarma_p1q1r2,40410.636309707515,0,0,228,0,0,192
cop_0560_qvarma_p1q1r2,38950.447276467909,0,0,110,0,0,149
cop_0561_qvarma_p1q1r2,76518.051903113665,0,0,375,0,0,154
cop_0562_qvarma_p1q1r2,28347.770188470269,0,0,318,0,0,300
cop_0563_qvarma_p1q1r2,17692.546024810614,0,0,223,0,0,409
cop_0564_qvarma_p1q1r2,24261.94639420887,0,0,608,0,0,470
cop_0565_qvarma_p1q1r2,8046.1057820226933,0,0,645,0,0,716
cop_0566_qvarma_p1q1r2,3428.3491737750082,0,0,921,0,0,929
cop_0567_qvarma_p1q1r2,33509.838351951599,0,0,175,0,0,211
cop_0568_qvarma_p1q1r2,12725.00283860616,0,0,639,0,0,625
cop_0569_qvarma_p1q1r2,75788.420784522663,0,0,215,0,0,92
cop_0570_qvarma_p1q1r2,5845.1552544635424,0,0,845,0,0,852
cop_0571_qvarma_p1q1r2,19186.227341130081,0,0,687,0,0,590
cop_0572_qvarma_p1q1r2,60157.873892068434,0,0,236,0,0,132
cop_0573_qvarma_p1q1r2,42898.067361621259,0,0,130,0,0,142
cop_0574_qvarma_p1q1r2,4323.841890083464,0,0,914,0,0,910
cop_0575_qvarma_p1q1r2,3829.6894285413778,0,0,882,0,0,905
cop_0576_qvarma_p1q1r2,20902.380260803133,0,0,542,0,0,465
cop_0577_qvarma_p1q1r2,21073.921592348681,0,0,765,0,0,635
cop_0578_qvarma_p1q1r2,113222.47085281623,0,0,5,0,0,4
cop_0579_qvarma_p1q1r2,24835.237914576861,0,0,253,0,0,312
cop_0580_qvarma_p1q1r2,67369.907517704603,0,0,79,0,0,63
cop_0581_qvarma_p1q1r2,42974.001664473777,0,0,163,0,0,152
cop_0582_qvarma_p1q1r2,43375.035147928465,0,0,185,0,0,161
cop_0583_qvarma_p1q1r2,79024.691722870208,0,0,7,0,0,21
cop_0584_qvarma_p1q1r2,41661.110417836077,0,0,168,0,0,164
cop_0585_qvarma_p1q1r2,18437.546419062088,0,0,390,0,0,432
cop_0586_qvarma_p1q1r2,9229.5175032251227,0,0,637,0,0,689
cop_0587_qvarma_p1q1r2,40421.185246656154,0,0,103,0,0,145
cop_0588_qvarma_p1q1r2,16486.357681448182,0,0,470,0,0,498
cop_0589_qvarma_p1q1r2,53441.365404070646,0,0,87,0,0,90
cop_0590_qvarma_p1q1r2,21145.7315061638,0,0,383,0,0,403
cop_0591_qvarma_p1q1r2,55004.556380972565,0,0,247,0,0,141
cop_0592_qvarma_p1q1r2,22094.02994104883,0,0,541,0,0,451
cop_0593_qvarma_p1q1r2,110046.69872822466,0,0,768,0,0,514
cop_0594_qvarma_p1q1r2,6951.3401360174903,0,0,693,0,0,762
cop_0595_qvarma_p1q1r2,22341.703509899016,0,0,394,0,0,390
cop_0596_qvarma_p1q1r2,15752.33122435083,0,0,445,0,0,501
cop_0597_qvarma_p1q1r2,6378.7757394217306,0,0,769,0,0,811
cop_0598_qvarma_p1q1r2,2866.4951161175072,0,0,970,0,0,969
cop_0599_qvarma_p1q1r2,14219.796528144952,0,0,579,0,0,575
cop_0600_qvarma_p1q1r2,7289.7982244795494,0,0,701,0,0,756
cop_0601_qvarma_p1q1r2,23407.638861264848,0,0,385,0,0,377
cop_0602_qvarma_p1q1r2,25442.976855768957,0,0,272,0,0,310
cop_0603_qvarma_p1q1r2,12472.346523502016,0,0,662,0,0,642
cop_0604_qvarma_p1q1r2,9870.9580659674302,0,0,787,0,0,731
cop_0605_qvarma_p1q1r2,43625.304126650997,0,0,224,0,0,173
cop_0606_qvarma_p1q1r2,28268.132602044498,0,0,360,0,0,316
cop_0607_qvarma_p1q1r2,41976.932890153643,0,0,48,0,0,117
cop_0608_qvarma_p1q1r2,18142.902940529122,0,0,363,0,0,426
cop_0609_qvarma_p1q1r2,75038.907172748543,0,0,40,0,0,40
cop_0610_qvarma_p1q1r2,54570.526105980796,0,0,49,0,0,77
cop_0611_qvarma_p1q1r2,15648.601385970247,0,0,527,0,0,529
cop_0612_qvarma_p1q1r2,15866.583191017209,0,0,310,0,0,460
cop_0613_qvarma_p1q1r2,7877.6253644825438,0,0,474,0,0,680
cop_0614_qvarma_p1q1r2,30908.790946654968,0,0,319,0,0,273
cop_0615_qvarma_p1q1r2,15463.938481743091,0,0,663,0,0,608
cop_0616_qvarma_p1q1r2,9364.0003112304421,0,0,562,0,0,660
cop_0617_qvarma_p1q1r2,10370.765145008536,0,0,614,0,0,652
cop_0618_qvarma_p1q1r2,37154.049500915789,0,0,94,0,0,156
cop_0619_qvarma_p1q1r2,5993.8573356340521,0,0,713,0,0,802
cop_0620_qvarma_p1q1r2,7030.9215439991576,0,0,798,0,0,810
cop_0621_qvarma_p1q1r2,26427.280601707393,0,0,154,0,0,269
cop_0622_qvarma_p1q1r2,19573.364621590641,0,0,677,0,0,581
cop_0623_qvarma_p1q1r2,34905.592717874766,0,0,358,0,0,264
cop_0624_qvarma_p1q1r2,7472.3374035408115,0,0,812,0,0,812
cop_0625_qvarma_p1q1r2,19163.71089836596,0,0,642,0,0,557
cop_0626_qvarma_p1q1r2,33547.086352349921,0,0,226,0,0,227
cop_0627_qvarma_p1q1r2,16896.578080960146,0,0,544,0,0,518
cop_0628_qvarma_p1q1r2,5720.7531562237054,0,0,833,0,0,847
cop_0629_qvarma_p1q1r2,13983.653922181476,0,0,581,0,0,583
cop_0630_qvarma_p1q1r2,58315.412945046861,0,0,416,0,0,201
cop_0631_qvarma_p1q1r2,50573.108833855833,0,0,533,0,0,307
cop_0632_qvarma_p1q1r2,19241.084176405737,0,0,580,0,0,508
cop_0633_qvarma_p1q1r2,61340.976472156319,0,0,369,0,0,186
cop_0634_qvarma_p1q1r2,4159.765917429927,0,0,918,0,0,914
cop_0635_qvarma_p1q1r2,2989.39809414503,0,0,958,0,0,960
cop_0636_qvarma_p1q1r2,36204.36461676922,0,0,126,0,0,177
cop_0637_qvarma_p1q1r2,134280.48323095206,0,0,9,0,0,3
cop_0638_qvarma_p1q1r2,13171.5181459057,0,0,519,0,0,570
cop_0639_qvarma_p1q1r2,12545.763094737413,0,0,532,0,0,589
cop_0640_qvarma_p1q1r2,22958.026443107545,0,0,251,0,0,331
cop_0641_qvarma_p1q1r2,6243.8123690101993,0,0,724,0,0,797
cop_0642_qvarma_p1q1r2,5583.1643901851094,0,0,883,0,0,869
cop_0643_qvarma_p1q1r2,7150.7313913046146,0,0,718,0,0,765
cop_0644_qvarma_p1q1r2,11864.468453346186,0,0,557,0,0,606
cop_0645_qvarma_p1q1r2,6149.0209129860405,0,0,721,0,0,799
cop_0646_qvarma_p1q1r2,5366.0245843499542,0,0,801,0,0,835
cop_0647_qvarma_p1q1r2,7603.9455080726848,0,0,733,0,0,755
cop_0648_qvarma_p1q1r2,86260.88295923105,0,0,22,0,0,27
cop_0649_qvarma_p1q1r2,16935.80839442246,0,0,501,0,0,504
cop_0650_qvarma_p1q1r2,7987.2667933677221,0,0,761,0,0,758
cop_0651_qvarma_p1q1r2,40130.433849278139,0,0,194,0,0,185
cop_0652_qvarma_p1q1r2,5276.2921424977503,0,0,865,0,0,873
cop_0653_qvarma_p1q1r2,13282.398256030207,0,0,586,0,0,595
cop_0654_qvarma_p1q1r2,33720.758826708239,0,0,841,0,0,707
cop_0655_qvarma_p1q1r2,17846.212802080419,0,0,612,0,0,540
cop_0656_qvarma_p1q1r2,9867.731194705595,0,0,448,0,0,623
cop_0657_qvarma_p1q1r2,27990.711137509326,0,0,115,0,0,234
cop_0658_qvarma_p1q1r2,29884.583647353094,0,0,259,0,0,262
cop_0659_qvarma_p1q1r2,20440.814691566622,0,0,624,0,0,527
cop_0660_qvarma_p1q1r2,2224.1010687987641,0.1021,1,996,0.6452,1,995
cop_0661_qvarma_p1q1r2,9813.2907943199971,0,0,855,0,0,814
cop_0662_qvarma_p1q1r2,14315.68506242044,0,0,406,0,0,515
cop_0663_qvarma_p1q1r2,20229.870188995559,0,0,431,0,0,424
cop_0664_qvarma_p1q1r2,2638.0538606349983,0,0,972,0.00050000000000000001,0,972
cop_0665_qvarma_p1q1r2,9178.8770214147662,0,0,878,0,0,825
cop_0666_qvarma_p1q1r2,15325.169935483262,0,0,521,0,0,532
cop_0667_qvarma_p1q1r2,25389.31053255649,0,0,487,0,0,399
cop_0668_qvarma_p1q1r2,31088.490698102349,0,0,284,0,0,260
cop_0669_qvarma_p1q1r2,17546.081687654059,0,0,454,0,0,469
cop_0670_qvarma_p1q1r2,49333.240131979641,0,0,85,0,0,100
cop_0671_qvarma_p1q1r2,22073.673724437958,0,0,559,0,0,463
cop_0672_qvarma_p1q1r2,4325.2196479856602,0,0,813,0,0,874
cop_0673_qvarma_p1q1r2,2382.5252654553692,0,0,979,0.2011,1,982
cop_0674_qvarma_p1q1r2,151083.22473148661,0,0,81,0,0,19
cop_0675_qvarma_p1q1r2,43999.033133186727,0,0,209,0,0,170
cop_0676_qvarma_p1q1r2,27199.521211090749,0,0,333,0,0,317
cop_0677_qvarma_p1q1r2,61342.06175729799,0,0,86,0,0,73
cop_0678_qvarma_p1q1r2,10558.093107464339,0,0,504,0,0,620
cop_0679_qvarma_p1q1r2,71531.354582834378,0,0,36,0,0,44
cop_0680_qvarma_p1q1r2,17969.647635185134,0,0,334,0,0,428
cop_0681_qvarma_p1q1r2,17603.152145635762,0,0,397,0,0,450
cop_0682_qvarma_p1q1r2,9294.1763653037506,0,0,538,0,0,658
cop_0683_qvarma_p1q1r2,5976.6161926685882,0,0,859,0,0,855
cop_0684_qvarma_p1q1r2,2163.2535418158909,0.15210000000000001,1,998,0.6452,1,998
cop_0685_qvarma_p1q1r2,3587.0371132891432,0,0,947,0,0,940
cop_0686_qvarma_p1q1r2,11022.612162558751,0,0,826,0,0,771
cop_0687_qvarma_p1q1r2,15210.661886602149,0,0,398,0,0,495
cop_0688_qvarma_p1q1r2,64471.385220233686,0,0,347,0,0,158
cop_0689_qvarma_p1q1r2,2332.4328972356725,0.002,0,990,0.35809999999999997,1,990
cop_0690_qvarma_p1q1r2,40995.198706634728,0,0,51,0,0,129
cop_0691_qvarma_p1q1r2,5979.7795279399834,0,0,896,0,0,880
cop_0692_qvarma_p1q1r2,55234.204521694541,0,0,525,0,0,284
cop_0693_qvarma_p1q1r2,5894.6528174790001,0,0,648,0,0,790
cop_0694_qvarma_p1q1r2,2763.1325546624762,0,0,964,0,0,968
cop_0695_qvarma_p1q1r2,31334.537460166532,0,0,351,0,0,288
cop_0696_qvarma_p1q1r2,38035.067171881899,0,0,732,0,0,528
cop_0697_qvarma_p1q1r2,5737.9113224596158,0,0,844,0,0,856
cop_0698_qvarma_p1q1r2,43133.00212031613,0,0,143,0,0,147
cop_0699_qvarma_p1q1r2,51091.963423435809,0,0,137,0,0,113
cop_0700_qvarma_p1q1r2,23150.511227593874,0,0,204,0,0,321
cop_0701_qvarma_p1q1r2,70426.98763660698,0,0,63,0,0,55
cop_0702_qvarma_p1q1r2,2231.4198875463953,0.1021,1,995,0.6452,1,994
cop_0703_qvarma_p1q1r2,33439.445262009256,0,0,246,0,0,231
cop_0704_qvarma_p1q1r2,31800.62458866974,0,0,262,0,0,245
cop_0705_qvarma_p1q1r2,44968.588678054919,0,0,208,0,0,163
cop_0706_qvarma_p1q1r2,15772.557939975977,0,0,440,0,0,503
cop_0707_qvarma_p1q1r2,8898.5846916921892,0,0,641,0,0,698
cop_0708_qvarma_p1q1r2,4526.9039715330982,0,0,923,0,0,911
cop_0709_qvarma_p1q1r2,57872.941524568327,0,0,53,0,0,71
cop_0710_qvarma_p1q1r2,29906.896318440206,0,0,294,0,0,275
cop_0711_qvarma_p1q1r2,5945.2949452929915,0,0,831,0,0,842
cop_0712_qvarma_p1q1r2,8919.1858009017124,0,0,797,0,0,767
cop_0713_qvarma_p1q1r2,7292.9339077584173,0,0,673,0,0,744
cop_0714_qvarma_p1q1r2,34356.107305795194,0,0,187,0,0,208
cop_0715_qvarma_p1q1r2,59052.079496173872,0,0,605,0,0,339
cop_0716_qvarma_p1q1r2,47300.083098774048,0,0,105,0,0,112
cop_0717_qvarma_p1q1r2,4801.8195147730794,0,0,901,0,0,894
cop_0718_qvarma_p1q1r2,13102.028006964141,0,0,386,0,0,534
cop_0719_qvarma_p1q1r2,21984.469532118223,0,0,489,0,0,427
cop_0720_qvarma_p1q1r2,11397.84427725028,0,0,809,0,0,732
cop_0721_qvarma_p1q1r2,27438.973273668005,0,0,121,0,0,244
cop_0722_qvarma_p1q1r2,24359.88136216973,0,0,359,0,0,350
cop_0723_qvarma_p1q1r2,7964.7399191905661,0,0,651,0,0,720
cop_0724_qvarma_p1q1r2,13875.818905872704,0,0,455,0,0,537
cop_0725_qvarma_p1q1r2,4388.1829137347122,0,0,849,0,0,888
cop_0726_qvarma_p1q1r2,10427.030860729274,0,0,595,0,0,647
cop_0727_qvarma_p1q1r2,11262.295407879516,0,0,690,0,0,676
cop_0728_qvarma_p1q1r2,7725.5208761788963,0,0,739,0,0,752
cop_0729_qvarma_p1q1r2,8392.2461314299453,0,0,683,0,0,718
cop_0730_qvarma_p1q1r2,15450.68383818357,0,0,444,0,0,505
cop_0731_qvarma_p1q1r2,11196.736780622879,0,0,735,0,0,690
cop_0732_qvarma_p1q1r2,46097.11933910082,0,0,374,0,0,216
cop_0733_qvarma_p1q1r2,23626.965588861392,0,0,412,0,0,380
cop_0734_qvarma_p1q1r2,71614.046627091899,0,0,21,0,0,36
cop_0735_qvarma_p1q1r2,18980.668738985543,0,0,472,0,0,458
cop_0736_qvarma_p1q1r2,13275.381209779702,0,0,743,0,0,669
cop_0737_qvarma_p1q1r2,34750.018030632389,0,0,248,0,0,221
cop_0738_qvarma_p1q1r2,5011.0912159772988,0,0,908,0,0,896
cop_0739_qvarma_p1q1r2,25335.401900654419,0,0,296,0,0,320
cop_0740_qvarma_p1q1r2,44368.634682113108,0,0,714,0,0,491
cop_0741_qvarma_p1q1r2,6307.6151964763485,0,0,755,0,0,808
cop_0742_qvarma_p1q1r2,13415.274597955708,0,0,628,0,0,612
cop_0743_qvarma_p1q1r2,29991.43806155293,0,0,142,0,0,224
cop_0744_qvarma_p1q1r2,8747.8918469606233,0,0,526,0,0,667
cop_0745_qvarma_p1q1r2,7980.165958229376,0,0,622,0,0,710
cop_0746_qvarma_p1q1r2,10959.722288363744,0,0,619,0,0,644
cop_0747_qvarma_p1q1r2,38789.690662782545,0,0,269,0,0,204
cop_0748_qvarma_p1q1r2,12891.075275052184,0,0,457,0,0,562
cop_0749_qvarma_p1q1r2,54385.323858907257,0,0,515,0,0,277
cop_0750_qvarma_p1q1r2,91459.657399202013,0,0,555,0,0,256
cop_0751_qvarma_p1q1r2,5646.652069332541,0,0,875,0,0,867
cop_0752_qvarma_p1q1r2,27214.968649872077,0,0,249,0,0,280
cop_0753_qvarma_p1q1r2,35632.304351102728,0,0,528,0,0,353
cop_0754_qvarma_p1q1r2,20504.920363099329,0,0,588,0,0,497
cop_0755_qvarma_p1q1r2,22677.491049843899,0,0,156,0,0,315
cop_0756_qvarma_p1q1r2,14261.806182586279,0,0,577,0,0,572
cop_0757_qvarma_p1q1r2,22571.296105242523,0,0,652,0,0,530
cop_0758_qvarma_p1q1r2,2480.7661626757103,0,0,973,0.0037000000000000002,0,975
cop_0759_qvarma_p1q1r2,43447.258108040507,0,0,239,0,0,181
cop_0760_qvarma_p1q1r2,41052.273736319716,0,0,152,0,0,159
cop_0761_qvarma_p1q1r2,38942.413379222868,0,0,88,0,0,144
cop_0762_qvarma_p1q1r2,15444.74832634194,0,0,404,0,0,489
cop_0763_qvarma_p1q1r2,17129.057642609976,0,0,774,0,0,665
cop_0764_qvarma_p1q1r2,23537.000349918526,0,0,616,0,0,482
cop_0765_qvarma_p1q1r2,17079.714316628131,0,0,669,0,0,594
cop_0766_qvarma_p1q1r2,19328.270878709693,0,0,407,0,0,430
cop_0767_qvarma_p1q1r2,22996.071918705969,0,0,328,0,0,358
cop_0768_qvarma_p1q1r2,30196.010579473361,0,0,149,0,0,226
cop_0769_qvarma_p1q1r2,7857.948063944481,0,0,674,0,0,728
cop_0770_qvarma_p1q1r2,6642.1149756213217,0,0,759,0,0,798
cop_0771_qvarma_p1q1r2,23687.279241599335,0,0,320,0,0,346
cop_0772_qvarma_p1q1r2,2722.2551173559186,0,0,965,0,0,970
cop_0773_qvarma_p1q1r2,7556.1977112862478,0,0,868,0,0,832
cop_0774_qvarma_p1q1r2,17041.802492126251,0,0,689,0,0,609
cop_0775_qvarma_p1q1r2,127437.94961060923,0,0,169,0,0,51
cop_0776_qvarma_p1q1r2,41774.977603964682,0,0,299,0,0,205
cop_0777_qvarma_p1q1r2,4571.5508411614146,0,0,864,0,0,886
cop_0778_qvarma_p1q1r2,16950.188323811297,0,0,638,0,0,573
cop_0779_qvarma_p1q1r2,3490.0610123979432,0,0,919,0,0,927
cop_0780_qvarma_p1q1r2,11183.088462388419,0,0,643,0,0,659
cop_0781_qvarma_p1q1r2,14525.945832381332,0,0,276,0,0,472
cop_0782_qvarma_p1q1r2,3315.1271232564477,0,0,936,0,0,939
cop_0783_qvarma_p1q1r2,15363.847263445654,0,0,344,0,0,473
cop_0784_qvarma_p1q1r2,11710.823536913682,0,0,607,0,0,624
cop_0785_qvarma_p1q1r2,16531.452344651458,0,0,212,0,0,423
cop_0786_qvarma_p1q1r2,50772.231716131471,0,0,136,0,0,114
cop_0787_qvarma_p1q1r2,57108.088583379518,0,0,70,0,0,80
cop_0788_qvarma_p1q1r2,46559.980572368528,0,0,265,0,0,175
cop_0789_qvarma_p1q1r2,8921.0215682783255,0,0,615,0,0,685
cop_0790_qvarma_p1q1r2,61957.296108910639,0,0,64,0,0,67
cop_0791_qvarma_p1q1r2,33785.581638965174,0,0,321,0,0,259
cop_0792_qvarma_p1q1r2,17891.428930780843,0,0,292,0,0,418
cop_0793_qvarma_p1q1r2,12969.880455913659,0,0,531,0,0,582
cop_0794_qvarma_p1q1r2,3797.9960789677325,0,0,902,0,0,916
cop_0795_qvarma_p1q1r2,10884.506207765213,0,0,575,0,0,631
cop_0796_qvarma_p1q1r2,7785.3978878860062,0,0,863,0,0,830
cop_0797_qvarma_p1q1r2,35914.997797656113,0,0,290,0,0,229
cop_0798_qvarma_p1q1r2,28132.915255561191,0,0,481,0,0,375
cop_0799_qvarma_p1q1r2,7535.0625131768229,0,0,567,0,0,708
cop_0800_qvarma_p1q1r2,79202.428364389954,0,0,471,0,0,207
cop_0801_qvarma_p1q1r2,60006.15114031019,0,0,800,0,0,605
cop_0802_qvarma_p1q1r2,6406.0731069760277,0,0,762,0,0,806
cop_0803_qvarma_p1q1r2,3388.3995676442023,0,0,937,0,0,938
cop_0804_qvarma_p1q1r2,13953.599298254279,0,0,632,0,0,607
cop_0805_qvarma_p1q1r2,6771.8246620867249,0,0,715,0,0,777
cop_0806_qvarma_p1q1r2,12944.091134957856,0,0,640,0,0,626
cop_0807_qvarma_p1q1r2,6838.6398996384214,0,0,623,0,0,742
cop_0808_qvarma_p1q1r2,95622.070432381384,0,0,2,0,0,12
cop_0809_qvarma_p1q1r2,26274.069989217282,0,0,75,0,0,240
cop_0810_qvarma_p1q1r2,17537.052231127858,0,0,337,0,0,433
cop_0811_qvarma_p1q1r2,43357.487816260451,0,0,159,0,0,151
cop_0812_qvarma_p1q1r2,128571.11968480925,0,0,33,0,0,13
cop_0813_qvarma_p1q1r2,81769.196824972663,0,0,93,0,0,54
cop_0814_qvarma_p1q1r2,2983.0406817779999,0,0,940,0,0,948
cop_0815_qvarma_p1q1r2,67744.386739251626,0,0,120,0,0,75
cop_0816_qvarma_p1q1r2,23890.569681714591,0,0,354,0,0,357
cop_0817_qvarma_p1q1r2,6949.1974089434771,0,0,661,0,0,751
cop_0818_qvarma_p1q1r2,18329.106626446668,0,0,434,0,0,452
cop_0819_qvarma_p1q1r2,23463.31062548808,0,0,266,0,0,327
cop_0820_qvarma_p1q1r2,3831.9321762146569,0,0,912,0,0,920
cop_0821_qvarma_p1q1r2,5246.7845808662541,0,0,856,0,0,865
cop_0822_qvarma_p1q1r2,11668.583266879043,0,0,653,0,0,651
cop_0823_qvarma_p1q1r2,18782.80603791009,0,0,313,0,0,412
cop_0824_qvarma_p1q1r2,8755.554181773201,0,0,811,0,0,792
cop_0825_qvarma_p1q1r2,18298.538666199507,0,0,670,0,0,585
cop_0826_qvarma_p1q1r2,56438.146347667927,0,0,442,0,0,232
cop_0827_qvarma_p1q1r2,55757.133140319078,0,0,609,0,0,349
cop_0828_qvarma_p1q1r2,7299.4655444518839,0,0,692,0,0,749
cop_0829_qvarma_p1q1r2,20384.977057945638,0,0,540,0,0,468
cop_0830_qvarma_p1q1r2,10287.101694297837,0,0,451,0,0,616
cop_0831_qvarma_p1q1r2,48149.66195726896,0,0,164,0,0,137
cop_0832_qvarma_p1q1r2,9638.4476811923851,0,0,851,0,0,813
cop_0833_qvarma_p1q1r2,20773.445397340809,0,0,257,0,0,367
cop_0834_qvarma_p1q1r2,14803.708601537508,0,0,520,0,0,544
cop_0835_qvarma_p1q1r2,111757.74326388576,0,0,3,0,0,5
cop_0836_qvarma_p1q1r2,10867.171801195118,0,0,376,0,0,587
cop_0837_qvarma_p1q1r2,32358.090481130734,0,0,252,0,0,239
cop_0838_qvarma_p1q1r2,9172.775379756129,0,0,552,0,0,664
cop_0839_qvarma_p1q1r2,19312.963838863972,0,0,244,0,0,384
cop_0840_qvarma_p1q1r2,6858.5198976856727,0,0,747,0,0,786
cop_0841_qvarma_p1q1r2,3410.5343411609852,0,0,963,0,0,958
cop_0842_qvarma_p1q1r2,24288.026315845058,0,0,316,0,0,338
cop_0843_qvarma_p1q1r2,3907.0691592761295,0,0,891,0,0,906
cop_0844_qvarma_p1q1r2,2198.7675312335932,0.078299999999999995,1,994,0.6452,1,996
cop_0845_qvarma_p1q1r2,27519.262115144949,0,0,254,0,0,279
cop_0846_qvarma_p1q1r2,21631.930893894347,0,0,312,0,0,374
cop_0847_qvarma_p1q1r2,84736.363179273249,0,0,39,0,0,32
cop_0848_qvarma_p1q1r2,34484.750141980832,0,0,403,0,0,295
cop_0849_qvarma_p1q1r2,6369.8285407441163,0,0,933,0,0,899
cop_0850_qvarma_p1q1r2,4076.8126073197609,0,0,890,0,0,903
cop_0851_qvarma_p1q1r2,26485.395574178408,0,0,422,0,0,354
cop_0852_qvarma_p1q1r2,4073.0084301645511,0,0,887,0,0,907
cop_0853_qvarma_p1q1r2,26445.879181949014,0,0,508,0,0,406
cop_0854_qvarma_p1q1r2,30448.177302306478,0,0,574,0,0,414
cop_0855_qvarma_p1q1r2,24515.009349334323,0,0,484,0,0,408
cop_0856_qvarma_p1q1r2,18529.511047070522,0,0,443,0,0,457
cop_0857_qvarma_p1q1r2,58175.827248811242,0,0,155,0,0,102
cop_0858_qvarma_p1q1r2,47931.265469101134,0,0,176,0,0,143
cop_0859_qvarma_p1q1r2,3934.0662058309376,0,0,929,0,0,922
cop_0860_qvarma_p1q1r2,19483.348811711025,0,0,391,0,0,421
cop_0861_qvarma_p1q1r2,11937.868400915448,0,0,591,0,0,617
cop_0862_qvarma_p1q1r2,2296.8096649160025,0.0080000000000000002,0,992,0.35809999999999997,1,992
cop_0863_qvarma_p1q1r2,33665.590068563324,0,0,587,0,0,407
cop_0864_qvarma_p1q1r2,49641.665656383411,0,0,111,0,0,110
cop_0865_qvarma_p1q1r2,112664.76987758531,0,0,59,0,0,24
cop_0866_qvarma_p1q1r2,11753.907293670502,0,0,572,0,0,615
cop_0867_qvarma_p1q1r2,11219.689175444766,0,0,796,0,0,726
cop_0868_qvarma_p1q1r2,29363.4208115658,0,0,306,0,0,286
cop_0869_qvarma_p1q1r2,41396.139848389023,0,0,426,0,0,267
cop_0870_qvarma_p1q1r2,21229.466284855251,0,0,243,0,0,356
cop_0871_qvarma_p1q1r2,7428.0798557446933,0,0,754,0,0,775
cop_0872_qvarma_p1q1r2,40286.854259915141,0,0,324,0,0,222
cop_0873_qvarma_p1q1r2,52997.568082271129,0,0,84,0,0,89
cop_0874_qvarma_p1q1r2,8656.1508302446655,0,0,822,0,0,801
cop_0875_qvarma_p1q1r2,7419.4689656621013,0,0,783,0,0,793
cop_0876_qvarma_p1q1r2,9680.1728673493981,0,0,650,0,0,683
cop_0877_qvarma_p1q1r2,17818.912693554714,0,0,512,0,0,490
cop_0878_qvarma_p1q1r2,11961.161075631446,0,0,871,0,0,809
cop_0879_qvarma_p1q1r2,16140.300268995288,0,0,617,0,0,566
cop_0880_qvarma_p1q1r2,7928.5702651874335,0,0,716,0,0,739
cop_0881_qvarma_p1q1r2,66042.482411236517,0,0,73,0,0,62
cop_0882_qvarma_p1q1r2,9053.9171487681288,0,0,633,0,0,688
cop_0883_qvarma_p1q1r2,20338.953918813942,0,0,158,0,0,348
cop_0884_qvarma_p1q1r2,3588.228260388229,0,0,931,0,0,934
cop_0885_qvarma_p1q1r2,42712.703638773273,0,0,293,0,0,193
cop_0886_qvarma_p1q1r2,5663.3701477299128,0,0,824,0,0,840
cop_0887_qvarma_p1q1r2,141923.11689688827,0,0,18,0,0,9
cop_0888_qvarma_p1q1r2,111414.52683867073,0,0,25,0,0,17
cop_0889_qvarma_p1q1r2,9606.8041647947502,0,0,788,0,0,736
cop_0890_qvarma_p1q1r2,72709.799184385774,0,0,46,0,0,45
cop_0891_qvarma_p1q1r2,81789.409748619481,0,0,277,0,0,101
cop_0892_qvarma_p1q1r2,46172.157400127289,0,0,138,0,0,135
cop_0893_qvarma_p1q1r2,21161.476791728572,0,0,503,0,0,444
cop_0894_qvarma_p1q1r2,29877.093525059128,0,0,148,0,0,228
cop_0895_qvarma_p1q1r2,91732.181739293344,0,0,436,0,0,180
cop_0896_qvarma_p1q1r2,8005.714053730735,0,0,711,0,0,733
cop_0897_qvarma_p1q1r2,4131.9704746153657,0,0,939,0,0,924
cop_0898_qvarma_p1q1r2,32772.775194261187,0,0,550,0,0,386
cop_0899_qvarma_p1q1r2,8149.441684117317,0,0,804,0,0,791
cop_0900_qvarma_p1q1r2,25207.92593675882,0,0,255,0,0,309
cop_0901_qvarma_p1q1r2,23049.477200523532,0,0,547,0,0,443
cop_0902_qvarma_p1q1r2,77675.114115972319,0,0,599,0,0,311
cop_0903_qvarma_p1q1r2,21550.211477628465,0,0,305,0,0,373
cop_0904_qvarma_p1q1r2,3078.7434661428661,0,0,938,0,0,947
cop_0905_qvarma_p1q1r2,182511.06256988522,0,0,752,0,0,459
cop_0906_qvarma_p1q1r2,3079.7535512856589,0,0,968,0,0,967
cop_0907_qvarma_p1q1r2,19969.721844551332,0,0,491,0,0,453
cop_0908_qvarma_p1q1r2,9794.162219564465,0,0,686,0,0,695
cop_0909_qvarma_p1q1r2,32611.935939557556,0,0,231,0,0,235
cop_0910_qvarma_p1q1r2,23284.147838612971,0,0,433,0,0,395
cop_0911_qvarma_p1q1r2,6205.8234218076677,0,0,837,0,0,838
cop_0912_qvarma_p1q1r2,6903.4247074333425,0,0,666,0,0,753
cop_0913_qvarma_p1q1r2,6735.3430358809519,0,0,877,0,0,849
cop_0914_qvarma_p1q1r2,14807.583691662341,0,0,776,0,0,687
cop_0915_qvarma_p1q1r2,12562.426761890045,0,0,634,0,0,627
cop_0916_qvarma_p1q1r2,5693.3274098814863,0,0,742,0,0,815
cop_0917_qvarma_p1q1r2,7468.1819761236402,0,0,867,0,0,833
cop_0918_qvarma_p1q1r2,89264.34242442809,0,0,104,0,0,47
cop_0919_qvarma_p1q1r2,13288.052217634144,0,0,408,0,0,535
cop_0920_qvarma_p1q1r2,8628.8247744451364,0,0,793,0,0,764
cop_0921_qvarma_p1q1r2,8022.1020468191537,0,0,603,0,0,701
cop_0922_qvarma_p1q1r2,47043.929202676612,0,0,131,0,0,127
cop_0923_qvarma_p1q1r2,9211.7129913321678,0,0,630,0,0,682
cop_0924_qvarma_p1q1r2,16161.175254099935,0,0,355,0,0,464
cop_0925_qvarma_p1q1r2,6863.4357765370823,0,0,697,0,0,774
cop_0926_qvarma_p1q1r2,39555.133547938232,0,0,263,0,0,196
cop_0927_qvarma_p1q1r2,61481.084595721062,0,0,29,0,0,57
cop_0928_qvarma_p1q1r2,14874.292244378617,0,0,273,0,0,467
cop_0929_qvarma_p1q1r2,13701.916426728398,0,0,401,0,0,526
cop_0930_qvarma_p1q1r2,6970.3316495536283,0,0,706,0,0,770
cop_0931_qvarma_p1q1r2,4765.6644793998157,0,0,889,0,0,893
cop_0932_qvarma_p1q1r2,22006.932490881773,0,0,217,0,0,340
cop_0933_qvarma_p1q1r2,7296.6580508022707,0,0,685,0,0,748
cop_0934_qvarma_p1q1r2,12310.029436638952,0,0,691,0,0,663
cop_0935_qvarma_p1q1r2,6717.1523600693808,0,0,729,0,0,782
cop_0936_qvarma_p1q1r2,12461.859707361395,0,0,410,0,0,553
cop_0937_qvarma_p1q1r2,9970.8428376097436,0,0,539,0,0,643
cop_0938_qvarma_p1q1r2,22208.966196884259,0,0,295,0,0,355
cop_0939_qvarma_p1q1r2,47535.769762556738,0,0,122,0,0,124
cop_0940_qvarma_p1q1r2,13093.372836925588,0,0,537,0,0,576
cop_0941_qvarma_p1q1r2,46943.291827074514,0,0,230,0,0,165
cop_0942_qvarma_p1q1r2,37143.887689580028,0,0,468,0,0,314
cop_0943_qvarma_p1q1r2,10927.825705205416,0,0,695,0,0,681
cop_0944_qvarma_p1q1r2,5383.0935910661119,0,0,720,0,0,819
cop_0945_qvarma_p1q1r2,34934.337789550889,0,0,177,0,0,200
cop_0946_qvarma_p1q1r2,19731.860304979233,0,0,450,0,0,438
cop_0947_qvarma_p1q1r2,7703.0473678770722,0,0,573,0,0,704
cop_0948_qvarma_p1q1r2,2056.9706106241924,0.54359999999999997,1,999,0.6452,1,999
cop_0949_qvarma_p1q1r2,70082.811415107426,0,0,44,0,0,50
cop_0950_qvarma_p1q1r2,5902.0021528496854,0,0,846,0,0,850
cop_0951_qvarma_p1q1r2,10774.874353720874,0,0,601,0,0,641
cop_0952_qvarma_p1q1r2,35360.865733490391,0,0,191,0,0,199
cop_0953_qvarma_p1q1r2,48480.002005203809,0,0,28,0,0,84
cop_0954_qvarma_p1q1r2,86734.328858746769,0,0,193,0,0,83
cop_0955_qvarma_p1q1r2,50173.562021252634,0,0,118,0,0,107
cop_0956_qvarma_p1q1r2,10752.451000882809,0,0,635,0,0,661
cop_0957_qvarma_p1q1r2,11153.216792873223,0,0,461,0,0,597
cop_0958_qvarma_p1q1r2,23074.820397833624,0,0,245,0,0,324
cop_0959_qvarma_p1q1r2,13456.264482325119,0,0,578,0,0,588
cop_0960_qvarma_p1q1r2,57280.086957669926,0,0,47,0,0,69
cop_0961_qvarma_p1q1r2,24548.070865066442,0,0,301,0,0,326
cop_0962_qvarma_p1q1r2,17404.178015857586,0,0,349,0,0,442
cop_0963_qvarma_p1q1r2,6804.0543827082602,0,0,784,0,0,805
cop_0964_qvarma_p1q1r2,2352.3829241396406,0.00059999999999999995,0,985,0.35809999999999997,1,986
cop_0965_qvarma_p1q1r2,23297.166582139333,0,0,279,0,0,335
cop_0966_qvarma_p1q1r2,24800.02778916766,0,0,345,0,0,341
cop_0967_qvarma_p1q1r2,77355.735971011643,0,0,23,0,0,33
cop_0968_qvarma_p1q1r2,40836.418580572463,0,0,300,0,0,210
cop_0969_qvarma_p1q1r2,5985.4851507094145,0,0,866,0,0,859
cop_0970_qvarma_p1q1r2,20474.241845775567,0,0,840,0,0,725
cop_0971_qvarma_p1q1r2,6483.0836478320261,0,0,869,0,0,844
cop_0972_qvarma_p1q1r2,64530.487974255157,0,0,232,0,0,116
cop_0973_qvarma_p1q1r2,8969.2166422812152,0,0,535,0,0,666
cop_0974_qvarma_p1q1r2,2752.3493527278392,0,0,962,0,0,966
cop_0975_qvarma_p1q1r2,17766.915769626055,0,0,478,0,0,475
cop_0976_qvarma_p1q1r2,48395.747300030358,0,0,237,0,0,153
cop_0977_qvarma_p1q1r2,81119.282366481144,0,0,20,0,0,29
cop_0978_qvarma_p1q1r2,32419.264854438239,0,0,329,0,0,271
cop_0979_qvarma_p1q1r2,20467.454225544141,0,0,509,0,0,455
cop_0980_qvarma_p1q1r2,51434.318899738377,0,0,184,0,0,134
cop_0981_qvarma_p1q1r2,111888.64117742724,0,0,24,0,0,16
cop_0982_qvarma_p1q1r2,6681.7020457144363,0,0,727,0,0,785
cop_0983_qvarma_p1q1r2,16199.578778951196,0,0,466,0,0,502
cop_0984_qvarma_p1q1r2,52948.578631359014,0,0,112,0,0,95
cop_0985_qvarma_p1q1r2,55957.917009368422,0,0,45,0,0,72
cop_0986_qvarma_p1q1r2,24803.153307454428,0,0,261,0,0,313
cop_0987_qvarma_p1q1r2,21383.813114732486,0,0,289,0,0,370
cop_0988_qvarma_p1q1r2,59106.285505066728,0,0,201,0,0,125
cop_0989_qvarma_p1q1r2,20186.141552517456,0,0,338,0,0,401
cop_0990_qvarma_p1q1r2,22224.313836727608,0,0,325,0,0,372
cop_0991_qvarma_p1q1r2,16866.355445544366,0,0,551,0,0,523
cop_0992_qvarma_p1q1r2,19296.931544526229,0,0,518,0,0,476
cop_0993_qvarma_p1q1r2,6890.2526506212907,0,0,750,0,0,789
cop_0994_qvarma_p1q1r2,4044.1774028072268,0,0,943,0,0,933
cop_0995_qvarma_p1q1r2,9844.9908093767644,0,0,723,0,0,706
cop_0996_qvarma_p1q1r2,14095.486577337915,0,0,506,0,0,554
cop_0997_qvarma_p1q1r2,26808.492582614781,0,0,214,0,0,278
cop_0998_qvarma_p1q1r2,8787.1255421486476,0,0,707,0,0,722
cop_0999_qvarma_p1q1r2,24655.766101049947,0,0,311,0,0,328
cop_1000_qvarma_p1q1r2,49698.742396169422,0,0,26,0,0,81
