benchmark_replicate,benchmark_in_set,benchmark_rank,benchmark_pvalue,set_size,decided_by_accepted_test,final_pvalue,n_dropped_replicates
0,1,1,1.000000,1,no,0.000000,0
1,1,1,1.000000,1,no,0.000000,0
2,1,1,1.000000,2,yes,0.146200,0
3,1,1,1.000000,1,no,0.024400,0
4,0,2,0.000000,1,no,0.000000,0
5,1,1,1.000000,2,yes,0.383100,0
6,1,1,1.000000,1,no,0.000000,0
7,1,1,1.000000,2,yes,0.093900,0
8,1,1,1.000000,1,no,0.000000,0
9,1,1,1.000000,1,no,0.009900,0
10,1,1,1.000000,1,no,0.000000,0
11,1,1,1.000000,1,no,0.000000,0
12,1,1,1.000000,1,no,0.000000,0
13,1,1,1.000000,1,no,0.000000,0
14,1,1,1.000000,2,yes,0.058600,0
15,1,1,1.000000,1,no,0.000000,0
16,1,1,1.000000,1,no,0.000000,0
17,1,1,1.000000,1,no,0.000000,0
18,1,1,1.000000,1,no,0.000000,0
19,1,1,1.000000,1,no,0.000000,0
20,1,1,1.000000,1,no,0.000000,0
21,1,1,1.000000,1,no,0.000000,0
22,1,1,1.000000,1,no,0.000000,0
23,1,1,1.000000,1,no,0.000000,0
24,1,1,1.000000,1,no,0.000000,0
25,1,1,1.000000,1,no,0.000000,0
26,1,1,1.000000,1,no,0.000000,0
27,1,1,1.000000,1,no,0.011100,0
28,1,1,1.000000,1,no,0.000000,0
29,0,3,0.000000,1,no,0.000100,0
30,1,1,1.000000,1,no,0.000000,0
31,1,1,1.000000,1,no,0.001400,0
32,1,1,1.000000,1,no,0.000000,0
33,1,1,1.000000,1,no,0.000000,0
34,1,1,1.000000,1,no,0.000000,0
35,1,1,1.000000,1,no,0.000000,0
36,1,1,1.000000,1,no,0.000000,0
37,0,2,0.000600,1,no,0.000600,0
38,1,1,1.000000,1,no,0.000000,0
39,1,1,1.000000,1,no,0.000000,0
40,1,1,1.000000,1,no,0.000000,0
41,1,1,1.000000,1,no,0.000000,0
42,0,2,0.000000,1,no,0.000000,0
43,1,1,1.000000,1,no,0.000200,0
44,1,1,1.000000,1,no,0.000000,0
45,1,1,1.000000,1,no,0.000000,0
46,1,2,0.252200,2,yes,0.252200,0
47,1,1,1.000000,1,no,0.000000,0
48,1,1,1.000000,1,no,0.000000,0
49,1,1,1.000000,2,yes,0.053800,0
50,1,1,1.000000,1,no,0.000000,0
51,1,1,1.000000,1,no,0.000000,0
52,1,2,0.622900,2,yes,0.622900,0
53,1,1,1.000000,1,no,0.000000,0
54,1,1,1.000000,1,no,0.000400,0
55,1,1,1.000000,1,no,0.000000,0
56,0,2,0.016000,1,no,0.019300,0
57,1,1,1.000000,1,no,0.000000,0
58,1,1,1.000000,1,no,0.000000,0
59,1,1,1.000000,2,yes,0.292100,0
60,1,1,1.000000,1,no,0.000000,0
61,1,1,1.000000,1,no,0.000000,0
62,1,1,1.000000,1,no,0.000000,0
63,0,2,0.023600,1,no,0.023000,0
64,1,1,1.000000,1,no,0.000100,0
65,1,1,1.000000,1,no,0.000800,0
66,0,4,0.000100,1,no,0.028100,0
67,1,1,1.000000,1,no,0.000000,0
68,1,1,1.000000,1,no,0.000000,0
69,0,3,0.000000,1,no,0.000400,0
70,1,1,1.000000,1,no,0.000000,0
71,1,1,1.000000,1,no,0.000000,0
72,1,1,1.000000,1,no,0.025100,0
73,1,1,1.000000,1,no,0.000000,0
74,1,1,1.000000,1,no,0.000000,0
75,1,1,1.000000,1,no,0.000000,0
76,1,1,1.000000,1,no,0.000000,0
77,1,1,1.000000,1,no,0.000000,0
78,0,5,0.000000,1,no,0.000000,0
79,1,1,1.000000,1,no,0.000000,0
80,1,1,1.000000,1,no,0.000000,0
81,1,1,1.000000,1,no,0.000000,0
82,1,1,1.000000,1,no,0.000000,0
83,1,1,1.000000,1,no,0.000000,0
84,1,1,1.000000,1,no,0.000000,0
85,1,1,1.000000,1,no,0.000000,0
86,0,3,0.000000,1,no,0.001500,0
87,1,1,1.000000,1,no,0.000000,0
88,1,1,1.000000,1,no,0.000000,0
89,1,1,1.000000,1,no,0.000000,0
90,1,1,1.000000,1,no,0.000000,0
91,1,1,1.000000,1,no,0.000000,0
92,1,1,1.000000,1,no,0.000000,0
93,1,1,1.000000,1,no,0.001000,0
94,1,1,1.000000,1,no,0.000000,0
95,0,2,0.000700,1,no,0.000700,0
96,1,1,1.000000,1,no,0.000000,0
97,1,1,1.000000,1,no,0.000000,0
98,0,3,0.000000,1,no,0.001000,0
99,1,1,1.000000,1,no,0.000000,0
100,1,1,1.000000,1,no,0.000100,0
101,1,1,1.000000,1,no,0.000000,0
102,1,1,1.000000,1,no,0.000000,0
103,0,2,0.043500,1,no,0.043500,0
104,1,1,1.000000,1,no,0.000000,0
105,1,1,1.000000,1,no,0.000000,0
106,1,1,1.000000,1,no,0.000000,0
107,1,1,1.000000,1,no,0.000700,0
108,1,1,1.000000,1,no,0.000000,0
109,1,1,1.000000,1,no,0.000000,0
110,0,109,0.000000,5,yes,0.203800,0
111,0,4,0.000000,1,no,0.000000,0
112,1,1,1.000000,2,yes,0.727500,0
113,1,1,1.000000,1,no,0.000000,0
114,1,1,1.000000,1,no,0.000000,0
115,1,1,1.000000,1,no,0.000000,0
116,1,1,1.000000,1,no,0.000000,0
117,0,2,0.000000,1,no,0.000000,0
118,1,1,1.000000,1,no,0.000000,0
119,1,1,1.000000,1,no,0.000000,0
120,1,1,1.000000,1,no,0.000000,0
121,1,1,1.000000,1,no,0.009100,0
122,1,2,0.942200,2,yes,0.942200,0
123,0,3,0.021200,2,yes,0.448100,0
124,0,3,0.000000,1,no,0.000000,0
125,0,3,0.021700,2,yes,0.493100,0
126,1,1,1.000000,1,no,0.000000,0
127,1,1,1.000000,1,no,0.000000,0
128,1,1,1.000000,1,no,0.000000,0
129,1,1,1.000000,1,no,0.000000,0
130,1,1,1.000000,1,no,0.000000,0
131,1,1,1.000000,1,no,0.000000,0
132,1,1,1.000000,1,no,0.000000,0
133,1,1,1.000000,1,no,0.000200,0
134,1,1,1.000000,1,no,0.000000,0
135,1,1,1.000000,1,no,0.000000,0
136,1,1,1.000000,1,no,0.000000,0
137,1,1,1.000000,1,no,0.000000,0
138,1,1,1.000000,1,no,0.000000,0
139,1,1,1.000000,1,no,0.000100,0
140,1,1,1.000000,1,no,0.000000,0
141,1,1,1.000000,1,no,0.000000,0
142,1,1,1.000000,1,no,0.000000,0
143,1,1,1.000000,1,no,0.000000,0
144,1,1,1.000000,1,no,0.000000,0
145,1,1,1.000000,2,yes,0.069800,0
146,1,1,1.000000,1,no,0.019000,0
147,1,1,1.000000,1,no,0.000000,0
148,1,1,1.000000,1,no,0.000000,0
149,1,1,1.000000,1,no,0.000000,0
150,0,6,0.000000,1,no,0.010100,0
151,1,1,1.000000,1,no,0.000000,0
152,1,1,1.000000,1,no,0.000100,0
153,1,1,1.000000,1,no,0.000000,0
154,1,1,1.000000,1,no,0.000000,0
155,0,2,0.000000,1,no,0.000000,0
156,1,2,0.837400,2,yes,0.837400,0
157,1,1,1.000000,1,no,0.000000,0
158,1,1,1.000000,1,no,0.000000,0
159,1,1,1.000000,1,no,0.000000,0
160,1,1,1.000000,1,no,0.012700,0
161,1,1,1.000000,1,no,0.000000,0
162,1,1,1.000000,1,no,0.000000,0
163,1,1,1.000000,1,no,0.000000,0
164,1,2,0.398800,2,yes,0.398800,0
165,1,1,1.000000,1,no,0.000000,0
166,1,1,1.000000,1,no,0.000000,0
167,1,1,1.000000,1,no,0.000000,0
168,1,1,1.000000,1,no,0.000000,0
169,1,1,1.000000,2,yes,0.603200,0
170,0,2,0.000000,1,no,0.000000,0
171,1,1,1.000000,1,no,0.000000,0
172,1,1,1.000000,1,no,0.000000,0
173,1,1,1.000000,1,no,0.000000,0
174,1,1,1.000000,1,no,0.000000,0
175,1,1,1.000000,1,no,0.001000,0
176,1,1,1.000000,1,no,0.000000,0
177,1,1,1.000000,1,no,0.000000,0
178,1,1,1.000000,1,no,0.000000,0
179,1,1,1.000000,1,no,0.000000,0
180,1,1,1.000000,1,no,0.000000,0
181,1,1,1.000000,1,no,0.000000,0
182,1,1,1.000000,1,no,0.000000,0
183,1,1,1.000000,2,yes,0.926900,0
184,1,1,1.000000,1,no,0.000000,0
185,1,1,1.000000,1,no,0.000000,0
186,0,3,0.000000,2,yes,0.313700,0
187,1,1,1.000000,1,no,0.000000,0
188,1,1,1.000000,1,no,0.000000,0
189,1,1,1.000000,1,no,0.000000,0
190,0,2,0.006300,1,no,0.006300,0
191,1,1,1.000000,1,no,0.000000,0
192,1,1,1.000000,1,no,0.000000,0
193,0,3,0.044400,2,yes,0.177800,0
194,0,6,0.000000,1,no,0.000900,0
195,1,1,1.000000,1,no,0.000000,0
196,1,1,1.000000,1,no,0.000000,0
197,1,1,1.000000,1,no,0.000000,0
198,1,1,1.000000,1,no,0.000000,0
199,1,1,1.000000,1,no,0.000000,0
200,1,1,1.000000,1,no,0.000000,0
201,1,1,1.000000,1,no,0.000000,0
202,1,1,1.000000,1,no,0.000000,0
203,1,1,1.000000,1,no,0.000000,0
204,1,1,1.000000,1,no,0.000000,0
205,1,1,1.000000,1,no,0.000000,0
206,1,1,1.000000,2,yes,0.188400,0
207,1,1,1.000000,2,yes,0.744900,0
208,1,1,1.000000,1,no,0.000000,0
209,0,4,0.000000,1,no,0.003800,0
210,0,9,0.000000,1,no,0.000200,0
211,0,3,0.000000,1,no,0.000000,0
212,1,1,1.000000,1,no,0.000000,0
213,1,1,1.000000,1,no,0.000000,0
214,1,1,1.000000,1,no,0.000000,0
215,1,1,1.000000,1,no,0.000200,0
216,1,1,1.000000,1,no,0.000000,0
217,1,1,1.000000,1,no,0.000000,0
218,1,2,0.075900,2,yes,0.075900,0
219,1,2,0.106700,2,yes,0.106700,0
220,1,1,1.000000,1,no,0.000000,0
221,1,2,0.915000,2,yes,0.915000,0
222,1,1,1.000000,1,no,0.000100,0
223,1,1,1.000000,1,no,0.000000,0
224,1,1,1.000000,1,no,0.011400,0
225,1,1,1.000000,1,no,0.000100,0
226,1,1,1.000000,1,no,0.000000,0
227,1,1,1.000000,1,no,0.000000,0
228,1,1,1.000000,1,no,0.000000,0
229,1,1,1.000000,1,no,0.000100,0
230,1,1,1.000000,1,no,0.000000,0
231,1,1,1.000000,1,no,0.000000,0
232,1,1,1.000000,1,no,0.000000,0
233,0,2,0.001700,1,no,0.001700,0
234,1,1,1.000000,1,no,0.000000,0
235,1,1,1.000000,1,no,0.000000,0
236,1,1,1.000000,1,no,0.000000,0
237,1,1,1.000000,1,no,0.000000,0
238,1,1,1.000000,1,no,0.015400,0
239,1,1,1.000000,1,no,0.000000,0
240,1,1,1.000000,1,no,0.000000,0
241,1,1,1.000000,1,no,0.000000,0
242,1,1,1.000000,1,no,0.000000,0
243,1,1,1.000000,1,no,0.000000,0
244,0,4,0.000000,1,no,0.021800,0
245,1,2,0.215200,2,yes,0.215200,0
246,1,1,1.000000,1,no,0.000000,0
247,1,1,1.000000,1,no,0.000000,0
248,1,1,1.000000,1,no,0.000000,0
249,1,1,1.000000,1,no,0.000000,0
250,1,1,1.000000,1,no,0.000000,0
251,0,6,0.000000,2,yes,0.195100,0
252,1,1,1.000000,1,no,0.000000,0
253,1,1,1.000000,1,no,0.000000,0
254,1,2,0.153900,2,yes,0.153900,0
255,1,1,1.000000,1,no,0.000000,0
256,1,1,1.000000,1,no,0.004600,0
257,1,1,1.000000,1,no,0.000000,0
258,1,1,1.000000,1,no,0.000000,0
259,1,1,1.000000,1,no,0.000000,0
260,1,1,1.000000,1,no,0.000000,0
261,1,1,1.000000,1,no,0.000000,0
262,1,1,1.000000,1,no,0.000000,0
263,1,1,1.000000,1,no,0.000000,0
264,0,4,0.000000,1,no,0.002200,0
265,1,1,1.000000,1,no,0.000000,0
266,1,1,1.000000,1,no,0.000000,0
267,1,1,1.000000,1,no,0.000000,0
268,0,3,0.019000,2,yes,0.356800,0
269,0,4,0.000000,1,no,0.000100,0
270,1,1,1.000000,1,no,0.000000,0
271,0,2,0.000000,1,no,0.000000,0
272,1,1,1.000000,1,no,0.000000,0
273,1,1,1.000000,1,no,0.000000,0
274,0,4,0.001700,2,yes,0.096900,0
275,1,1,1.000000,1,no,0.000000,0
276,1,3,0.168300,5,yes,0.157500,0
277,1,1,1.000000,1,no,0.000000,0
278,0,64,0.000000,2,yes,0.343300,0
279,1,1,1.000000,1,no,0.000000,0
280,1,1,1.000000,1,no,0.000000,0
281,1,1,1.000000,1,no,0.000000,0
282,1,1,1.000000,1,no,0.000000,0
283,1,2,0.398700,2,yes,0.398700,0
284,1,1,1.000000,1,no,0.000000,0
285,1,1,1.000000,1,no,0.000000,0
286,0,5,0.000000,2,yes,0.521200,0
287,1,1,1.000000,1,no,0.000000,0
288,1,1,1.000000,1,no,0.000000,0
289,0,2,0.000000,1,no,0.000000,0
290,1,1,1.000000,1,no,0.000000,0
291,1,1,1.000000,1,no,0.000000,0
292,1,1,1.000000,1,no,0.000000,0
293,1,1,1.000000,1,no,0.000000,0
294,1,1,1.000000,1,no,0.000000,0
295,1,1,1.000000,1,no,0.000000,0
296,0,2,0.000000,1,no,0.000000,0
297,1,2,0.268900,2,yes,0.268900,0
298,1,1,1.000000,1,no,0.001900,0
299,1,1,1.000000,1,no,0.002300,0
300,1,1,1.000000,1,no,0.000000,0
301,1,1,1.000000,1,no,0.000000,0
302,0,6,0.000000,2,yes,0.111700,0
303,1,1,1.000000,1,no,0.000000,0
304,1,1,1.000000,1,no,0.000000,0
305,1,1,1.000000,1,no,0.000000,0
306,1,1,1.000000,1,no,0.000000,0
307,1,2,0.434600,2,yes,0.434600,0
308,1,1,1.000000,1,no,0.000000,0
309,1,1,1.000000,1,no,0.000000,0
310,1,1,1.000000,1,no,0.000000,0
311,1,1,1.000000,1,no,0.005800,0
312,0,3,0.000000,1,no,0.024300,0
313,1,1,1.000000,1,no,0.000000,0
314,1,1,1.000000,1,no,0.000200,0
315,0,2,0.000100,1,no,0.000100,0
316,0,5,0.000000,2,yes,0.124600,0
317,1,1,1.000000,1,no,0.000000,0
318,1,1,1.000000,1,no,0.000000,0
319,1,1,1.000000,1,no,0.000000,0
320,1,2,0.852600,3,yes,0.135700,0
321,1,1,1.000000,1,no,0.000000,0
322,1,1,1.000000,1,no,0.034300,0
323,1,1,1.000000,1,no,0.000000,0
324,0,2,0.001000,1,no,0.001000,0
325,1,1,1.000000,1,no,0.000000,0
326,1,1,1.000000,1,no,0.000200,0
327,0,2,0.000000,1,no,0.000000,0
328,1,1,1.000000,1,no,0.001600,0
329,1,1,1.000000,1,no,0.000000,0
330,1,1,1.000000,1,no,0.000000,0
331,1,1,1.000000,1,no,0.001200,0
332,1,1,1.000000,1,no,0.000000,0
333,1,1,1.000000,1,no,0.000000,0
334,1,1,1.000000,1,no,0.000000,0
335,1,1,1.000000,1,no,0.000000,0
336,0,4,0.000000,1,no,0.005700,0
337,0,2,0.012400,1,no,0.012400,0
338,1,1,1.000000,1,no,0.000000,0
339,1,1,1.000000,1,no,0.000000,0
340,1,1,1.000000,1,no,0.000000,0
341,0,15,0.000000,1,no,0.000000,0
342,0,5,0.000300,1,no,0.001800,0
343,1,1,1.000000,1,no,0.000500,0
344,1,1,1.000000,1,no,0.000000,0
345,1,1,1.000000,1,no,0.000000,0
346,0,3,0.000000,1,no,0.000000,0
347,1,1,1.000000,1,no,0.000000,0
348,1,2,0.054500,2,yes,0.054500,0
349,1,1,1.000000,1,no,0.000000,0
350,1,1,1.000000,1,no,0.000000,0
351,1,1,1.000000,1,no,0.000000,0
352,1,1,1.000000,1,no,0.000000,0
353,1,1,1.000000,1,no,0.000000,0
354,1,1,1.000000,1,no,0.000000,0
355,1,2,0.692500,2,yes,0.692500,0
356,1,1,1.000000,1,no,0.000000,0
357,1,1,1.000000,1,no,0.000000,0
358,1,1,1.000000,1,no,0.000000,0
359,1,1,1.000000,1,no,0.000000,0
360,1,2,0.433600,4,yes,0.075100,0
361,1,1,1.000000,1,no,0.000000,0
362,1,1,1.000000,1,no,0.000000,0
363,0,2,0.020600,1,no,0.020600,0
364,1,1,1.000000,1,no,0.000000,0
365,1,1,1.000000,1,no,0.000000,0
366,1,1,1.000000,1,no,0.023300,0
367,1,1,1.000000,2,yes,0.609700,0
368,0,2,0.006400,1,no,0.014800,0
369,1,1,1.000000,1,no,0.000000,0
370,1,1,1.000000,1,no,0.000000,0
371,1,1,1.000000,1,no,0.000000,0
372,1,1,1.000000,1,no,0.000000,0
373,1,1,1.000000,1,no,0.000000,0
374,0,2,0.008000,1,no,0.008000,0
375,1,1,1.000000,1,no,0.000000,0
376,0,5,0.000000,1,no,0.000000,0
377,1,2,0.736900,2,yes,0.736900,0
378,1,1,1.000000,1,no,0.000000,0
379,1,2,0.554200,2,yes,0.554200,0
380,1,1,1.000000,1,no,0.005300,0
381,1,1,1.000000,1,no,0.000000,0
382,1,1,1.000000,1,no,0.000000,0
383,1,1,1.000000,1,no,0.000000,0
384,1,1,1.000000,1,no,0.004200,0
385,1,1,1.000000,1,no,0.000000,0
386,1,1,1.000000,1,no,0.000000,0
387,1,1,1.000000,1,no,0.000000,0
388,1,1,1.000000,1,no,0.000000,0
389,0,7,0.000000,2,yes,0.053800,0
390,1,1,1.000000,1,no,0.000000,0
391,1,1,1.000000,1,no,0.000000,0
392,1,1,1.000000,1,no,0.000000,0
393,1,1,1.000000,1,no,0.000000,0
394,1,1,1.000000,1,no,0.000000,0
395,1,1,1.000000,1,no,0.000000,0
396,1,1,1.000000,1,no,0.000000,0
397,1,1,1.000000,1,no,0.000000,0
398,1,1,1.000000,1,no,0.000000,0
399,1,1,1.000000,1,no,0.000000,0
400,0,10,0.000000,1,no,0.001100,0
401,0,6,0.000000,2,yes,0.188400,0
402,0,3,0.000200,1,no,0.002100,0
403,1,1,1.000000,1,no,0.000000,0
404,1,1,1.000000,1,no,0.000000,0
405,1,1,1.000000,1,no,0.013600,0
406,1,1,1.000000,1,no,0.000000,0
407,1,1,1.000000,1,no,0.000000,0
408,1,1,1.000000,1,no,0.000000,0
409,0,3,0.000000,1,no,0.000300,0
410,1,1,1.000000,1,no,0.000000,0
411,1,1,1.000000,1,no,0.000000,0
412,1,1,1.000000,1,no,0.000000,0
413,1,1,1.000000,1,no,0.000000,0
414,1,1,1.000000,1,no,0.000000,0
415,1,1,1.000000,1,no,0.000000,0
416,1,2,0.390700,2,yes,0.390700,0
417,1,1,1.000000,1,no,0.000000,0
418,1,1,1.000000,1,no,0.000000,0
419,1,1,1.000000,1,no,0.000000,0
420,1,1,1.000000,1,no,0.000000,0
421,1,1,1.000000,1,no,0.000000,0
422,1,2,0.934700,3,yes,0.934700,0
423,1,1,1.000000,1,no,0.000000,0
424,1,1,1.000000,1,no,0.000000,0
425,1,1,1.000000,1,no,0.000000,0
426,1,1,1.000000,1,no,0.000000,0
427,1,1,1.000000,1,no,0.000000,0
428,1,1,1.000000,1,no,0.046000,0
429,1,1,1.000000,1,no,0.000000,0
430,0,2,0.000000,1,no,0.000000,0
431,1,1,1.000000,1,no,0.000000,0
432,1,1,1.000000,1,no,0.000000,0
433,1,1,1.000000,1,no,0.000000,0
434,1,1,1.000000,1,no,0.000000,0
435,1,1,1.000000,1,no,0.000000,0
436,1,1,1.000000,1,no,0.000000,0
437,1,1,1.000000,1,no,0.000000,0
438,0,2,0.000000,1,no,0.000000,0
439,1,1,1.000000,1,no,0.009700,0
440,0,9,0.000000,2,yes,0.053200,0
441,1,1,1.000000,1,no,0.000000,0
442,1,1,1.000000,1,no,0.000000,0
443,0,2,0.048200,1,no,0.048200,0
444,1,1,1.000000,1,no,0.000000,0
445,1,1,1.000000,1,no,0.000000,0
446,0,2,0.028900,1,no,0.028900,0
447,1,1,1.000000,1,no,0.000000,0
448,1,1,1.000000,1,no,0.000000,0
449,1,1,1.000000,1,no,0.000000,0
450,1,1,1.000000,1,no,0.000000,0
451,1,1,1.000000,1,no,0.000000,0
452,1,1,1.000000,1,no,0.000000,0
453,1,1,1.000000,1,no,0.000000,0
454,1,1,1.000000,1,no,0.000000,0
455,1,1,1.000000,1,no,0.000000,0
456,1,3,0.155200,3,yes,0.155200,0
457,1,1,1.000000,1,no,0.000000,0
458,1,1,1.000000,1,no,0.000000,0
459,1,2,0.638500,2,yes,0.638500,0
460,0,9,0.000000,1,no,0.001900,0
461,1,1,1.000000,1,no,0.000000,0
462,1,1,1.000000,1,no,0.000000,0
463,1,1,1.000000,1,no,0.000000,0
464,0,20,0.000000,1,no,0.000800,0
465,1,1,1.000000,1,no,0.000000,0
466,1,1,1.000000,1,no,0.000000,0
467,1,1,1.000000,1,no,0.000000,0
468,0,2,0.000200,1,no,0.000200,0
469,1,1,1.000000,1,no,0.000000,0
470,1,1,1.000000,1,no,0.000000,0
471,1,1,1.000000,1,no,0.000000,0
472,1,1,1.000000,1,no,0.000000,0
473,1,1,1.000000,1,no,0.000000,0
474,1,1,1.000000,1,no,0.000000,0
475,1,1,1.000000,1,no,0.000000,0
476,1,1,1.000000,2,yes,0.644100,0
477,1,1,1.000000,1,no,0.000000,0
478,1,1,1.000000,1,no,0.000000,0
479,1,1,1.000000,1,no,0.000000,0
480,1,1,1.000000,1,no,0.001400,0
481,1,1,1.000000,1,no,0.000000,0
482,1,1,1.000000,1,no,0.000000,0
483,1,1,1.000000,1,no,0.000000,0
484,1,1,1.000000,1,no,0.000000,0
485,1,1,1.000000,1,no,0.000000,0
486,1,1,1.000000,2,yes,0.336800,0
487,1,1,1.000000,2,yes,0.401400,0
488,1,1,1.000000,1,no,0.000000,0
489,1,2,0.534300,2,yes,0.534300,0
490,1,1,1.000000,1,no,0.000000,0
491,1,2,0.663900,2,yes,0.663900,0
492,1,1,1.000000,1,no,0.000000,0
493,1,1,1.000000,1,no,0.000000,0
494,1,1,1.000000,1,no,0.000000,0
495,0,6,0.000000,2,yes,0.176500,0
496,1,1,1.000000,1,no,0.000000,0
497,1,1,1.000000,1,no,0.000000,0
498,1,1,1.000000,1,no,0.000000,0
499,1,1,1.000000,1,no,0.000000,0
500,1,1,1.000000,1,no,0.000000,0
501,1,1,1.000000,2,yes,0.063800,0
502,0,3,0.000100,1,no,0.009000,0
503,1,1,1.000000,1,no,0.000000,0
504,1,1,1.000000,1,no,0.000000,0
505,1,1,1.000000,2,yes,0.061000,0
506,1,1,1.000000,1,no,0.000000,0
507,1,1,1.000000,1,no,0.000000,0
508,1,2,0.930000,2,yes,0.930000,0
509,1,1,1.000000,1,no,0.000000,0
510,1,1,1.000000,1,no,0.000000,0
511,1,1,1.000000,1,no,0.000000,0
512,0,2,0.000200,1,no,0.000200,0
513,1,1,1.000000,1,no,0.000000,0
514,1,1,1.000000,1,no,0.000000,0
515,1,1,1.000000,1,no,0.000000,0
516,0,3,0.005100,2,yes,0.072700,0
517,0,2,0.002100,1,no,0.002100,0
518,1,1,1.000000,1,no,0.000000,0
519,1,1,1.000000,1,no,0.000000,0
520,1,1,1.000000,1,no,0.000000,0
521,1,1,1.000000,1,no,0.000000,0
522,1,1,1.000000,1,no,0.000000,0
523,1,1,1.000000,1,no,0.000000,0
524,0,3,0.000300,2,yes,0.102500,0
525,1,1,1.000000,1,no,0.000000,0
526,1,1,1.000000,1,no,0.000000,0
527,1,1,1.000000,1,no,0.000000,0
528,1,1,1.000000,1,no,0.006400,0
529,1,1,1.000000,1,no,0.000000,0
530,1,1,1.000000,1,no,0.000000,0
531,1,1,1.000000,1,no,0.000000,0
532,0,2,0.000000,1,no,0.000000,0
533,1,1,1.000000,1,no,0.000000,0
534,1,1,1.000000,1,no,0.000000,0
535,1,2,0.139900,2,yes,0.139900,0
536,1,1,1.000000,2,yes,0.187200,0
537,1,1,1.000000,1,no,0.000000,0
538,1,1,1.000000,1,no,0.000400,0
539,1,1,1.000000,1,no,0.000000,0
540,1,1,1.000000,1,no,0.000000,0
541,1,1,1.000000,1,no,0.000000,0
542,1,1,1.000000,1,no,0.000000,0
543,0,3,0.000000,1,no,0.002100,0
544,1,1,1.000000,1,no,0.000100,0
545,1,1,1.000000,1,no,0.000000,0
546,1,1,1.000000,1,no,0.000000,0
547,1,1,1.000000,1,no,0.000000,0
548,1,1,1.000000,1,no,0.000000,0
549,1,1,1.000000,1,no,0.000000,0
550,1,1,1.000000,1,no,0.000000,0
551,1,1,1.000000,1,no,0.000000,0
552,1,1,1.000000,1,no,0.000000,0
553,1,1,1.000000,1,no,0.000000,0
554,1,1,1.000000,1,no,0.000000,0
555,1,1,1.000000,1,no,0.000000,0
556,0,3,0.003700,1,no,0.020400,0
557,1,1,1.000000,1,no,0.000000,0
558,1,1,1.000000,1,no,0.000000,0
559,1,1,1.000000,1,no,0.000000,0
560,1,1,1.000000,1,no,0.005000,0
561,0,3,0.000000,1,no,0.044900,0
562,1,1,1.000000,1,no,0.000000,0
563,1,1,1.000000,1,no,0.000000,0
564,1,1,1.000000,1,no,0.000000,0
565,1,1,1.000000,1,no,0.000000,0
566,1,1,1.000000,1,no,0.000000,0
567,1,1,1.000000,1,no,0.000000,0
568,1,1,1.000000,1,no,0.000000,0
569,1,1,1.000000,1,no,0.000000,0
570,1,1,1.000000,1,no,0.000000,0
571,1,1,1.000000,1,no,0.004500,0
572,1,1,1.000000,1,no,0.000000,0
573,1,1,1.000000,1,no,0.000000,0
574,1,1,1.000000,1,no,0.000000,0
575,1,1,1.000000,1,no,0.000000,0
576,1,1,1.000000,1,no,0.000000,0
577,0,2,0.000000,1,no,0.000000,0
578,1,1,1.000000,1,no,0.000000,0
579,1,1,1.000000,1,no,0.000000,0
580,1,1,1.000000,1,no,0.000000,0
581,0,2,0.000000,1,no,0.000000,0
582,1,1,1.000000,1,no,0.000000,0
583,1,1,1.000000,1,no,0.000000,0
584,1,1,1.000000,2,yes,0.083700,0
585,1,1,1.000000,1,no,0.000000,0
586,0,2,0.000000,1,no,0.000000,0
587,1,3,0.309000,3,yes,0.309000,0
588,1,1,1.000000,1,no,0.000300,0
589,0,3,0.000000,1,no,0.000000,0
590,1,1,1.000000,1,no,0.000000,0
591,1,1,1.000000,1,no,0.000000,0
592,1,1,1.000000,1,no,0.000000,0
593,1,1,1.000000,1,no,0.000000,0
594,1,1,1.000000,1,no,0.000000,0
595,1,1,1.000000,1,no,0.000000,0
596,1,1,1.000000,2,yes,0.277700,0
597,1,1,1.000000,2,yes,0.261100,0
598,1,1,1.000000,1,no,0.000000,0
599,1,1,1.000000,1,no,0.000000,0
600,1,1,1.000000,1,no,0.000000,0
601,0,2,0.010900,1,no,0.010900,0
602,1,1,1.000000,2,yes,0.343000,0
603,1,2,0.111700,2,yes,0.111700,0
604,1,1,1.000000,1,no,0.000000,0
605,1,2,0.080600,2,yes,0.080600,0
606,0,6,0.000000,2,yes,0.273200,0
607,1,1,1.000000,1,no,0.000000,0
608,1,1,1.000000,1,no,0.000000,0
609,1,1,1.000000,3,yes,0.368700,0
610,1,2,0.482900,2,yes,0.482900,0
611,1,1,1.000000,1,no,0.000000,0
612,1,1,1.000000,1,no,0.000000,0
613,1,1,1.000000,1,no,0.000000,0
614,1,1,1.000000,1,no,0.020500,0
615,1,1,1.000000,1,no,0.000000,0
616,0,10,0.000000,2,yes,0.062800,0
617,1,1,1.000000,1,no,0.000000,0
618,1,1,1.000000,1,no,0.000000,0
619,1,1,1.000000,1,no,0.000000,0
620,1,1,1.000000,1,no,0.000000,0
621,1,1,1.000000,1,no,0.013400,0
622,1,1,1.000000,1,no,0.000100,0
623,1,1,1.000000,1,no,0.000000,0
624,1,1,1.000000,1,no,0.000000,0
625,1,1,1.000000,1,no,0.000000,0
626,1,1,1.000000,1,no,0.000000,0
627,1,1,1.000000,1,no,0.000000,0
628,1,1,1.000000,1,no,0.000000,0
629,1,1,1.000000,1,no,0.000000,0
630,1,1,1.000000,1,no,0.037200,0
631,1,1,1.000000,1,no,0.000000,0
632,1,1,1.000000,1,no,0.000000,0
633,1,2,0.097000,2,yes,0.097000,0
634,1,1,1.000000,1,no,0.000000,0
635,1,1,1.000000,1,no,0.000000,0
636,1,1,1.000000,1,no,0.000000,0
637,1,1,1.000000,1,no,0.000000,0
638,1,1,1.000000,1,no,0.000000,0
639,0,5,0.000000,1,no,0.001500,0
640,1,1,1.000000,1,no,0.000000,0
641,1,1,1.000000,1,no,0.000000,0
642,1,1,1.000000,1,no,0.000000,0
643,1,1,1.000000,1,no,0.000000,0
644,1,1,1.000000,1,no,0.000000,0
645,1,1,1.000000,1,no,0.000000,0
646,1,1,1.000000,1,no,0.000000,0
647,1,2,0.834200,2,yes,0.834200,0
648,1,1,1.000000,1,no,0.000000,0
649,1,1,1.000000,1,no,0.000000,0
650,1,1,1.000000,1,no,0.000000,0
651,1,1,1.000000,1,no,0.000000,0
652,1,1,1.000000,1,no,0.000000,0
653,1,1,1.000000,1,no,0.000000,0
654,1,1,1.000000,1,no,0.000000,0
655,1,1,1.000000,1,no,0.000000,0
656,1,1,1.000000,1,no,0.000000,0
657,1,1,1.000000,1,no,0.000000,0
658,0,10,0.000000,3,yes,0.509400,0
659,1,1,1.000000,2,yes,0.070100,0
660,1,1,1.000000,1,no,0.000000,0
661,1,1,1.000000,4,yes,0.052800,0
662,1,2,0.240100,2,yes,0.240100,0
663,1,1,1.000000,1,no,0.000000,0
664,1,1,1.000000,1,no,0.000000,0
665,1,1,1.000000,1,no,0.000700,0
666,1,1,1.000000,1,no,0.000000,0
667,1,1,1.000000,1,no,0.000000,0
668,1,1,1.000000,1,no,0.000000,0
669,1,1,1.000000,1,no,0.000000,0
670,1,1,1.000000,1,no,0.000000,0
671,1,1,1.000000,1,no,0.000000,0
672,1,1,1.000000,1,no,0.000000,0
673,1,1,1.000000,1,no,0.000000,0
674,0,2,0.000000,1,no,0.000000,0
675,1,1,1.000000,1,no,0.004500,0
676,1,1,1.000000,2,yes,0.687200,0
677,1,1,1.000000,1,no,0.000000,0
678,1,1,1.000000,1,no,0.000000,0
679,1,1,1.000000,1,no,0.000000,0
680,0,3,0.002300,2,yes,0.183400,0
681,1,1,1.000000,1,no,0.000000,0
682,1,1,1.000000,1,no,0.000000,0
683,1,1,1.000000,1,no,0.000000,0
684,1,1,1.000000,1,no,0.000000,0
685,1,1,1.000000,1,no,0.000000,0
686,1,1,1.000000,1,no,0.000000,0
687,1,1,1.000000,1,no,0.000000,0
688,1,1,1.000000,2,yes,0.196600,0
689,0,2,0.010700,1,no,0.010700,0
690,1,1,1.000000,1,no,0.000000,0
691,1,1,1.000000,1,no,0.000000,0
692,0,4,0.000000,2,yes,0.355900,0
693,1,1,1.000000,1,no,0.000000,0
694,1,1,1.000000,1,no,0.000000,0
695,0,3,0.019900,2,yes,0.578500,0
696,1,1,1.000000,1,no,0.000000,0
697,1,1,1.000000,1,no,0.000000,0
698,1,1,1.000000,1,no,0.000000,0
699,0,2,0.005400,1,no,0.005400,0
700,1,1,1.000000,1,no,0.000000,0
701,1,1,1.000000,1,no,0.000000,0
702,1,1,1.000000,1,no,0.000000,0
703,1,1,1.000000,1,no,0.000000,0
704,1,1,1.000000,1,no,0.000000,0
705,1,1,1.000000,1,no,0.000000,0
706,1,1,1.000000,1,no,0.000000,0
707,1,1,1.000000,2,yes,0.054100,0
708,1,2,0.445600,2,yes,0.445600,0
709,1,1,1.000000,1,no,0.000000,0
710,1,1,1.000000,1,no,0.000000,0
711,1,1,1.000000,1,no,0.000000,0
712,1,1,1.000000,1,no,0.000000,0
713,1,1,1.000000,1,no,0.000000,0
714,1,1,1.000000,2,yes,0.416100,0
715,1,1,1.000000,1,no,0.000000,0
716,1,2,0.384700,3,yes,0.195000,0
717,1,1,1.000000,1,no,0.000000,0
718,1,1,1.000000,1,no,0.000000,0
719,1,1,1.000000,1,no,0.000000,0
720,1,1,1.000000,1,no,0.000000,0
721,0,2,0.000000,1,no,0.000000,0
722,1,1,1.000000,1,no,0.000000,0
723,1,1,1.000000,1,no,0.000000,0
724,1,1,1.000000,2,yes,0.090500,0
725,1,1,1.000000,1,no,0.000000,0
726,1,1,1.000000,1,no,0.000000,0
727,1,1,1.000000,1,no,0.000000,0
728,1,1,1.000000,1,no,0.000000,0
729,1,1,1.000000,1,no,0.000000,0
730,1,1,1.000000,1,no,0.000000,0
731,1,1,1.000000,1,no,0.005800,0
732,1,1,1.000000,1,no,0.000000,0
733,1,1,1.000000,1,no,0.000000,0
734,1,1,1.000000,1,no,0.000000,0
735,1,1,1.000000,1,no,0.000000,0
736,1,1,1.000000,1,no,0.000000,0
737,1,1,1.000000,1,no,0.000000,0
738,1,2,0.244800,4,yes,0.119100,0
739,1,1,1.000000,1,no,0.000000,0
740,1,1,1.000000,1,no,0.000000,0
741,1,1,1.000000,1,no,0.000000,0
742,1,1,1.000000,1,no,0.001800,0
743,1,1,1.000000,1,no,0.000000,0
744,1,2,0.736700,2,yes,0.736700,0
745,1,1,1.000000,1,no,0.000200,0
746,1,1,1.000000,1,no,0.000000,0
747,1,1,1.000000,1,no,0.000000,0
748,1,2,0.216700,2,yes,0.216700,0
749,0,8,0.000000,3,yes,0.051100,0
750,1,1,1.000000,1,no,0.000000,0
751,1,1,1.000000,1,no,0.000000,0
752,1,1,1.000000,1,no,0.020200,0
753,1,1,1.000000,1,no,0.000000,0
754,1,1,1.000000,1,no,0.000000,0
755,0,2,0.000000,1,no,0.000000,0
756,1,1,1.000000,1,no,0.000000,0
757,1,1,1.000000,1,no,0.000000,0
758,1,1,1.000000,1,no,0.010700,0
759,0,3,0.000700,1,no,0.028000,0
760,1,1,1.000000,1,no,0.000000,0
761,0,15,0.000000,1,no,0.000000,0
762,1,1,1.000000,1,no,0.000000,0
763,1,1,1.000000,1,no,0.000000,0
764,1,1,1.000000,1,no,0.000000,0
765,1,1,1.000000,1,no,0.000000,0
766,1,1,1.000000,1,no,0.000000,0
767,1,1,1.000000,1,no,0.000000,0
768,1,1,1.000000,1,no,0.000000,0
769,1,1,1.000000,1,no,0.006000,0
770,1,1,1.000000,1,no,0.000000,0
771,1,1,1.000000,1,no,0.000000,0
772,0,9,0.000000,1,no,0.000000,0
773,1,1,1.000000,1,no,0.000000,0
774,1,1,1.000000,1,no,0.012700,0
775,1,1,1.000000,1,no,0.000000,0
776,1,1,1.000000,1,no,0.000000,0
777,1,1,1.000000,1,no,0.013300,0
778,1,1,1.000000,1,no,0.000000,0
779,1,1,1.000000,2,yes,0.471300,0
780,1,1,1.000000,1,no,0.000000,0
781,1,1,1.000000,1,no,0.000000,0
782,1,1,1.000000,1,no,0.000000,0
783,1,1,1.000000,1,no,0.000000,0
784,1,1,1.000000,1,no,0.000000,0
785,1,1,1.000000,1,no,0.000000,0
786,1,1,1.000000,1,no,0.000000,0
787,1,1,1.000000,1,no,0.000000,0
788,1,1,1.000000,1,no,0.000000,0
789,1,1,1.000000,1,no,0.000000,0
790,1,1,1.000000,1,no,0.000000,0
791,1,2,0.574000,2,yes,0.574000,0
792,1,1,1.000000,1,no,0.000000,0
793,0,4,0.000000,3,yes,0.440600,0
794,1,1,1.000000,1,no,0.000000,0
795,1,1,1.000000,1,no,0.000000,0
796,0,3,0.000000,2,yes,0.402100,0
797,1,1,1.000000,1,no,0.019700,0
798,1,1,1.000000,1,no,0.000300,0
799,1,1,1.000000,1,no,0.000000,0
800,1,1,1.000000,1,no,0.000000,0
801,0,2,0.000000,1,no,0.000000,0
802,1,1,1.000000,1,no,0.000000,0
803,1,1,1.000000,1,no,0.000000,0
804,1,1,1.000000,2,yes,0.256500,0
805,1,1,1.000000,1,no,0.000400,0
806,1,2,0.142800,2,yes,0.142800,0
807,1,1,1.000000,1,no,0.000000,0
808,1,1,1.000000,1,no,0.000000,0
809,1,1,1.000000,1,no,0.000000,0
810,1,1,1.000000,1,no,0.000000,0
811,0,3,0.000000,1,no,0.007600,0
812,0,2,0.003800,1,no,0.001400,0
813,1,1,1.000000,1,no,0.000000,0
814,1,1,1.000000,1,no,0.016200,0
815,1,1,1.000000,1,no,0.017500,0
816,1,1,1.000000,1,no,0.009600,0
817,1,1,1.000000,1,no,0.000000,0
818,1,1,1.000000,1,no,0.000000,0
819,1,2,0.379000,2,yes,0.379000,0
820,1,1,1.000000,1,no,0.000000,0
821,1,1,1.000000,1,no,0.000000,0
822,1,1,1.000000,1,no,0.000000,0
823,1,1,1.000000,1,no,0.001000,0
824,1,1,1.000000,2,yes,0.355000,0
825,1,1,1.000000,1,no,0.000000,0
826,1,1,1.000000,1,no,0.000000,0
827,1,1,1.000000,1,no,0.000000,0
828,1,1,1.000000,1,no,0.000000,0
829,1,1,1.000000,1,no,0.000000,0
830,1,1,1.000000,1,no,0.000000,0
831,1,1,1.000000,1,no,0.000000,0
832,0,3,0.000000,1,no,0.000000,0
833,1,1,1.000000,1,no,0.000000,0
834,1,1,1.000000,1,no,0.000000,0
835,1,1,1.000000,1,no,0.000000,0
836,1,1,1.000000,1,no,0.000000,0
837,1,1,1.000000,1,no,0.000000,0
838,1,1,1.000000,1,no,0.000000,0
839,1,1,1.000000,1,no,0.000000,0
840,1,1,1.000000,1,no,0.000000,0
841,1,1,1.000000,1,no,0.000000,0
842,1,1,1.000000,1,no,0.000000,0
843,1,1,1.000000,1,no,0.000000,0
844,1,1,1.000000,1,no,0.000000,0
845,1,1,1.000000,1,no,0.003600,0
846,1,2,0.629300,2,yes,0.629300,0
847,1,1,1.000000,1,no,0.000000,0
848,1,1,1.000000,1,no,0.000700,0
849,1,1,1.000000,1,no,0.000000,0
850,1,1,1.000000,1,no,0.000000,0
851,1,1,1.000000,1,no,0.000000,0
852,1,1,1.000000,1,no,0.007200,0
853,1,1,1.000000,1,no,0.000000,0
854,0,2,0.000700,1,no,0.000700,0
855,1,1,1.000000,1,no,0.000000,0
856,0,30,0.000000,1,no,0.031200,0
857,1,1,1.000000,1,no,0.000000,0
858,1,1,1.000000,1,no,0.007100,0
859,1,1,1.000000,4,yes,0.076400,0
860,1,1,1.000000,1,no,0.000000,0
861,1,1,1.000000,1,no,0.000000,0
862,1,1,1.000000,2,yes,0.598400,0
863,1,1,1.000000,1,no,0.000000,0
864,1,1,1.000000,1,no,0.000000,0
865,1,1,1.000000,1,no,0.000000,0
866,1,1,1.000000,1,no,0.000000,0
867,1,1,1.000000,1,no,0.000000,0
868,1,1,1.000000,1,no,0.000000,0
869,1,1,1.000000,2,yes,0.092200,0
870,1,1,1.000000,2,yes,0.191900,0
871,0,3,0.000000,1,no,0.001300,0
872,1,1,1.000000,1,no,0.000000,0
873,1,1,1.000000,1,no,0.000000,0
874,1,1,1.000000,1,no,0.000000,0
875,1,1,1.000000,1,no,0.000000,0
876,1,1,1.000000,1,no,0.000000,0
877,1,1,1.000000,1,no,0.000100,0
878,1,1,1.000000,4,yes,0.404500,0
879,1,1,1.000000,1,no,0.000000,0
880,1,1,1.000000,1,no,0.000000,0
881,1,1,1.000000,1,no,0.000000,0
882,1,1,1.000000,1,no,0.000000,0
883,0,2,0.001600,1,no,0.001600,0
884,1,1,1.000000,1,no,0.000000,0
885,1,1,1.000000,1,no,0.000000,0
886,1,1,1.000000,1,no,0.000000,0
887,1,1,1.000000,1,no,0.000000,0
888,1,1,1.000000,1,no,0.000000,0
889,1,1,1.000000,1,no,0.000000,0
890,1,1,1.000000,1,no,0.000000,0
891,1,1,1.000000,1,no,0.000000,0
892,1,1,1.000000,1,no,0.000000,0
893,1,1,1.000000,1,no,0.000000,0
894,1,1,1.000000,1,no,0.000000,0
895,1,1,1.000000,1,no,0.000000,0
896,1,1,1.000000,1,no,0.000000,0
897,0,3,0.000300,1,no,0.011600,0
898,1,1,1.000000,1,no,0.000000,0
899,1,1,1.000000,2,yes,0.068000,0
900,1,1,1.000000,1,no,0.000000,0
901,1,1,1.000000,1,no,0.000000,0
902,1,1,1.000000,2,yes,0.173100,0
903,1,1,1.000000,1,no,0.000000,0
904,0,2,0.000000,1,no,0.000000,0
905,1,1,1.000000,1,no,0.000000,0
906,1,1,1.000000,1,no,0.038100,0
907,1,2,0.543500,2,yes,0.543500,0
908,0,2,0.000000,1,no,0.000000,0
909,1,1,1.000000,1,no,0.000000,0
910,1,1,1.000000,1,no,0.000100,0
911,1,1,1.000000,1,no,0.000000,0
912,1,1,1.000000,1,no,0.000000,0
913,1,1,1.000000,1,no,0.000000,0
914,1,1,1.000000,1,no,0.000000,0
915,1,1,1.000000,1,no,0.006100,0
916,1,1,1.000000,1,no,0.000100,0
917,1,1,1.000000,1,no,0.000000,0
918,1,1,1.000000,2,yes,0.134700,0
919,1,1,1.000000,1,no,0.000800,0
920,1,1,1.000000,1,no,0.000000,0
921,0,3,0.000000,1,no,0.000100,0
922,1,1,1.000000,1,no,0.000000,0
923,1,1,1.000000,3,yes,0.363700,0
924,1,1,1.000000,1,no,0.000000,0
925,1,1,1.000000,2,yes,0.363000,0
926,0,4,0.000100,2,yes,0.051300,0
927,1,1,1.000000,1,no,0.000000,0
928,1,1,1.000000,1,no,0.000000,0
929,0,2,0.000300,1,no,0.000300,0
930,0,2,0.000400,1,no,0.000400,0
931,1,1,1.000000,1,no,0.000000,0
932,0,3,0.000000,1,no,0.000000,0
933,1,1,1.000000,1,no,0.000100,0
934,1,1,1.000000,1,no,0.001000,0
935,1,1,1.000000,1,no,0.000900,0
936,1,1,1.000000,1,no,0.000000,0
937,1,1,1.000000,1,no,0.000000,0
938,1,1,1.000000,1,no,0.010100,0
939,1,1,1.000000,1,no,0.000000,0
940,1,1,1.000000,1,no,0.000000,0
941,0,4,0.000000,1,no,0.000000,0
942,0,3,0.000000,1,no,0.000000,0
943,1,1,1.000000,1,no,0.000000,0
944,1,1,1.000000,2,yes,0.686100,0
945,1,1,1.000000,1,no,0.000000,0
946,1,1,1.000000,1,no,0.000000,0
947,1,1,1.000000,1,no,0.000000,0
948,1,1,1.000000,1,no,0.000000,0
949,1,1,1.000000,1,no,0.000000,0
950,1,1,1.000000,2,yes,0.331500,0
951,1,1,1.000000,1,no,0.000000,0
952,0,2,0.019100,1,no,0.019100,0
953,1,1,1.000000,1,no,0.000000,0
954,1,1,1.000000,2,yes,0.238800,0
955,1,1,1.000000,2,yes,0.125500,0
956,1,1,1.000000,2,yes,0.423300,0
957,0,2,0.032700,1,no,0.032700,0
958,1,1,1.000000,1,no,0.001400,0
959,1,1,1.000000,1,no,0.000000,0
960,1,1,1.000000,1,no,0.000000,0
961,1,1,1.000000,1,no,0.000000,0
962,1,1,1.000000,1,no,0.000000,0
963,1,1,1.000000,1,no,0.000000,0
964,1,1,1.000000,1,no,0.000000,0
965,1,1,1.000000,1,no,0.000000,0
966,1,1,1.000000,1,no,0.000000,0
967,1,1,1.000000,1,no,0.000000,0
968,1,2,0.186100,2,yes,0.186100,0
969,1,1,1.000000,1,no,0.000000,0
970,1,1,1.000000,1,no,0.000000,0
971,1,1,1.000000,1,no,0.000000,0
972,1,1,1.000000,1,no,0.000000,0
973,1,1,1.000000,1,no,0.000000,0
974,1,1,1.000000,1,no,0.000600,0
975,1,1,1.000000,1,no,0.000000,0
976,1,1,1.000000,1,no,0.000000,0
977,1,1,1.000000,1,no,0.000000,0
978,1,1,1.000000,1,no,0.000000,0
979,1,1,1.000000,1,no,0.000000,0
980,1,1,1.000000,1,no,0.000000,0
981,1,1,1.000000,1,no,0.000000,0
982,1,1,1.000000,1,no,0.000000,0
983,0,4,0.000000,1,no,0.000000,0
984,1,1,1.000000,1,no,0.000000,0
985,1,1,1.000000,1,no,0.000000,0
986,1,1,1.000000,1,no,0.000000,0
987,1,1,1.000000,1,no,0.000000,0
988,1,1,1.000000,1,no,0.000000,0
989,1,1,1.000000,1,no,0.000000,0
990,1,1,1.000000,1,no,0.000000,0
991,1,1,1.000000,1,no,0.000000,0
992,1,1,1.000000,1,no,0.000000,0
993,1,1,1.000000,1,no,0.000000,0
994,1,1,1.000000,1,no,0.000000,0
995,1,2,0.681100,2,yes,0.681100,0
996,1,1,1.000000,1,no,0.000100,0
997,0,107,0.000000,3,yes,0.150800,0
998,1,1,1.000000,1,no,0.035100,0
999,1,1,1.000000,1,no,0.000000,0
