Quarter,GDP,Consumption,Cpi,Investment,Unemployment,Energy_demand,Des_Energy_demand,Total_CO2_Emissions,Des_Total_CO2_Emissions,Fed_rate
1973 March,5642.669,3566.957,43.0333,764.458,4.93,20337.678,18891.8547,1277.701,1182.168937,8.49
1973 June,5704.098,3565.349,43.9333,797.044,4.93,17816.352,19038.78848,1104.601,1185.532443,10.78
1973 September,5674.1,3577.898,44.8,768.143,4.8,17917.081,18891.76782,1116.68,1178.742724,9.95
1973 December,5727.96,3567.227,45.9333,795.504,4.77,19580.799,18789.98083,1224.197,1176.818964,9.35
1974 March,5678.713,3535.312,47.3,750.076,5.13,19589.11,18180.6137,1213.023,1116.960583,11.93
1974 June,5692.21,3548.041,48.5667,747.082,5.2,17367.799,18577.0829,1068.382,1149.670823,11.34
1974 September,5638.411,3563.282,49.9333,708.362,5.63,17712.053,18688.56571,1087.846,1150.318952,8.53
1974 December,5616.526,3511.197,51.4667,712.661,6.6,19260.223,18490.97978,1193.07,1146.493819,5.54
1975 March,5548.156,3540.647,52.5667,597.866,8.27,19608.596,18137.72558,1216.79,1118.411448,5.55
1975 June,5587.8,3598.886,53.2,580.067,8.87,16725.208,17909.33746,1027.262,1109.039209,6.24
1975 September,5683.444,3650.035,54.2667,625.037,8.47,16911.818,17877.99844,1036.54,1099.889759,5.2
1975 December,5759.972,3689.285,55.2667,642.484,8.3,18685.806,17963.67111,1147.028,1102.006806,4.84
1976 March,5889.5,3763.048,55.9,704.475,7.73,20097.409,18520.16471,1242.715,1141.644703,5.48
1976 June,5932.711,3797.67,56.4,732.358,7.57,17473.185,18721.45083,1078.944,1161.231613,5.25
1976 September,5965.265,3837.654,57.3,734.91,7.73,17734.927,18771.99891,1090.247,1153.914943,4.65
1976 December,6008.504,3887.447,58.1333,740.408,7.77,20633.002,19865.56432,1283.388,1239.977646,4.69
1977 March,6079.494,3933.268,59.2,774.711,7.5,21081.175,19367.20263,1316.587,1213.244829,5.39
1977 June,6197.686,3954.596,60.2333,830.251,7.13,18062.651,19359.27412,1117.097,1199.911824,6.14
1977 September,6309.514,3991.989,61.0667,872.264,6.9,18576.631,19659.62112,1156.211,1218.92295,6.56
1977 December,6309.652,4052.01,61.9667,850.383,6.67,20199.961,19524.21037,1246.928,1206.672013,6.79
1978 March,6329.791,4074.774,63.0333,866.957,6.33,21739.369,19907.31297,1323.8,1218.378357,7.6
1978 June,6574.39,4161.887,64.4667,923.266,6,18657.829,19985.99422,1137.276,1219.944542,8.45
1978 September,6640.497,4179.363,65.9667,950.166,6.03,18923.823,20020.64706,1160.276,1221.826221,10.03
1978 December,6729.755,4213.088,67.5,972.139,5.9,20585.197,19967.32981,1263.731,1226.677598,10.09
1979 March,6741.854,4234.909,69.2,973.754,5.87,22652.831,20697.31154,1385.348,1278.458169,10.29
1979 June,6749.063,4232.159,71.4,972.877,5.7,18777.134,20100.63168,1148.71,1230.915808,11.43
1979 September,6799.2,4273.342,73.7,956.493,5.87,18822.44,19897.90909,1154.098,1213.987621,13.78
1979 December,6816.203,4283.975,76.0333,939.526,5.97,20559.894,19989.76782,1259.645,1225.293597,17.19
1980 March,6837.641,4277.851,79.0333,933.101,6.3,21710.068,19839.62657,1329.266,1222.818223,9.47
1980 June,6696.753,4181.51,81.7,853.76,7.33,18038.286,19283.61026,1088.966,1170.045333,10.87
1980 September,6688.794,4227.379,83.2333,797.411,7.67,18169.49,19170.75829,1109.814,1167.003945,18.9
1980 December,6813.535,4284.494,85.5667,871.733,7.4,20100.623,19602.45261,1223.317,1192.084559,14.7
1981 March,6947.042,4298.847,87.9333,952.418,7.43,20729.971,18967.89282,1267.157,1162.405704,19.1
1981 June,6895.559,4299.16,89.7667,912.945,7.4,17810.458,18990.61528,1074.888,1153.750344,15.87
1981 September,6978.135,4319.047,92.2667,964.401,7.4,18142.102,19087.60691,1106.997,1160.807335,12.37
1981 December,6902.105,4289.504,93.7667,930.44,8.23,19370.951,18988.37343,1179.23,1152.199796,14.68
1982 March,6794.878,4321.1,94.6,842.429,8.83,20463.421,18734.63269,1238.411,1135.422228,14.15
1982 June,6825.876,4334.262,95.9667,841.789,9.43,17215.638,18290.94698,1031.913,1107.859249,10.31
1982 September,6799.781,4363.318,97.6333,834.075,9.9,17203.752,18049.74312,1036.138,1086.557539,8.95
1982 December,6802.497,4439.749,97.9333,769.602,10.67,18163.902,17915.87796,1088.885,1066.494803,8.77
1983 March,6892.144,4483.645,98,796.266,10.37,19405.02,17777.44178,1150.436,1049.226621,8.98
1983 June,7048.982,4574.944,99.1333,866.784,10.13,17240.391,18247.35882,1019.685,1092.793621,9.45
1983 September,7189.896,4656.982,100.1,921.051,9.37,17769.761,18593.14349,1079.772,1127.152588,9.47
1983 December,7339.893,4731.194,101.1,1010.654,8.53,18500.41,18351.59685,1121.838,1103.583266,9.91
1984 March,7483.371,4770.457,102.5333,1108.328,7.87,21135.845,19367.47506,1264.782,1164.587148,11.06
1984 June,7612.668,4837.29,103.5,1144.371,7.43,18467.703,19488.64216,1098.933,1169.739598,11.3
1984 September,7686.059,4873.165,104.4,1169.136,7.43,18239.803,19044.13043,1098.755,1143.940485,8.38
1984 December,7749.151,4936.293,105.3,1153.971,7.3,18728.202,18631.64247,1134.861,1119.2122,8.58
1985 March,7824.247,5020.163,106.2667,1122.331,7.23,20835.071,19127.85772,1247.066,1148.586918,7.53
1985 June,7893.136,5066.25,107.2333,1141.447,7.3,17991.962,18965.86975,1079.158,1148.652561,7.92
1985 September,8013.674,5162.475,107.9,1133.665,7.2,18203.43,18959.36537,1096.214,1139.071519,8.27
1985 December,8073.239,5173.643,109,1175.45,7.03,19304.469,19211.72696,1165.892,1151.367968,7.48
1986 March,8148.603,5218.851,109.5667,1175.105,7.03,20791.911,19145.86133,1252.681,1156.492889,6.92
1986 June,8185.303,5275.72,109.0333,1154.589,7.17,18224.76,19198.47481,1087.446,1156.191254,5.89
1986 September,8263.639,5369.049,109.7,1123.532,6.97,18396.547,19104.34736,1109.511,1149.686819,6.91
1986 December,8308.021,5401.98,110.4667,1126.895,6.83,19186.438,19101.19195,1149.945,1136.177167,6.13
1987 March,8369.93,5407.372,111.8,1157.306,6.6,20968.438,19373.16442,1250.521,1156.936209,6.73
1987 June,8460.233,5481.166,113.0667,1157.909,6.27,18793.346,19794.44219,1128.375,1196.957142,7.22
1987 September,8533.635,5543.723,114.2667,1158.077,6,19265.095,19940.82114,1170.034,1207.547259,6.77
1987 December,8680.162,5555.451,115.3333,1236.986,5.83,19982.203,19882.2272,1208.937,1194.866133,6.58
1988 March,8725.006,5653.588,116.2333,1177.604,5.7,22405.249,20776.46929,1349.398,1258.444956,7.51
1988 June,8839.641,5695.326,117.5667,1205.662,5.47,19348.38,20389.32049,1156.48,1225.528242,8.19
1988 September,8891.435,5745.933,119,1212.36,5.47,20075.085,20714.4044,1211.803,1247.027293,8.76
1988 December,9009.913,5811.264,120.3,1230.861,5.33,20831.293,20681.51339,1264.484,1248.875554,9.85
1989 March,9101.508,5838.225,121.6667,1272.638,5.2,22409.545,20894.29944,1351.509,1264.445877,9.53
1989 June,9170.977,5865.477,123.6333,1260.328,5.23,19989.638,21065.35194,1192.48,1261.512349,9.02
1989 September,9238.923,5922.261,124.6,1249.012,5.23,20365.217,20948.64641,1208.111,1240.855772,8.45
1989 December,9257.128,5948,125.8667,1239.747,5.37,21976.396,21765.80428,1317.248,1300.103131,8.28
1990 March,9358.289,5998.058,128.0333,1252.058,5.3,22118.204,20732.04278,1313.244,1230.359398,8.29
1990 June,9392.251,6016.329,129.3,1252.449,5.33,20269.905,21363.97344,1210.623,1279.719933,8.2
1990 September,9398.499,6040.163,131.5333,1228.17,5.7,20924.756,21446.40763,1250.389,1279.868927,7.31
1990 December,9312.937,5994.212,133.7667,1159.464,6.13,21120.974,20912.24015,1267.203,1249.979676,6.12
1991 March,9269.367,5971.672,134.7667,1120.884,6.6,22075.232,20745.5356,1304.821,1224.282334,5.9
1991 June,9341.642,6021.163,135.5667,1120.88,6.83,19889.235,20980.06793,1174.434,1244.280241,5.45
1991 September,9388.845,6051.184,136.6,1143.073,6.87,20868.888,21343.09554,1232.005,1259.004293,4.43
1991 December,9421.565,6048.156,137.7333,1183.605,7.1,21548.107,21330.5219,1284.866,1267.962629,3.98
1992 March,9534.346,6161.398,138.6667,1161.74,7.37,22575.223,21229.37859,1341.469,1261.720923,3.76
1992 June,9637.732,6203.224,139.7333,1227.44,7.6,20255.02,21380.77849,1207.068,1277.756248,3.22
1992 September,9732.979,6269.718,140.8,1237.197,7.63,20871.226,21325.18056,1242.634,1267.618953,2.92
1992 December,9834.51,6344.446,142.0333,1274.945,7.37,22024.687,21811.03027,1305.515,1289.422931,3.07
1993 March,9850.973,6368.772,143.0667,1305.003,7.13,23138.235,21759.75825,1366.67,1287.254971,3.04
1993 June,9908.347,6426.703,144.1,1312.511,7.07,20391.591,21529.48124,1204.049,1275.588952,3.09
1993 September,9955.641,6498.229,144.7667,1303.597,6.8,21456.027,21890.36859,1282.934,1305.619989,2.96
1993 December,10091.049,6555.274,145.9667,1372.097,6.63,22281.324,22100.80941,1333.686,1318.982169,3.34
1994 March,10188.954,6630.253,146.7,1424.36,6.57,23990.134,22577.37129,1423.873,1345.062445,4.25
1994 June,10327.019,6681.841,147.5333,1494.411,6.2,21027.313,22175.6088,1250.439,1322.002681,4.73
1994 September,10387.382,6732.791,148.9,1469.999,6,21744.345,22138.46344,1284.28,1304.387224,5.45
1994 December,10506.372,6805.581,149.7667,1530.476,5.63,22222.749,22080.42913,1305.412,1292.132632,5.98
1995 March,10543.644,6822.519,150.8667,1546.548,5.47,23557.824,22223.61992,1382.343,1305.223997,6
1995 June,10575.1,6882.33,152.1,1514.426,5.67,21488.204,22627.98093,1250.301,1321.873964,5.8
1995 September,10665.06,6944.7,152.8667,1505.399,5.67,22679.008,23038.43084,1330.708,1348.018853,5.6
1995 December,10737.478,6993.144,153.7,1542.785,5.57,23206.97,23080.24931,1360.303,1347.679764,5.31
1996 March,10817.896,7057.641,155.0667,1567.56,5.53,25072.43,23712.30174,1467.307,1392.194088,5.27
1996 June,10998.322,7133.566,156.4,1642.882,5.5,22270.997,23417.71339,1296.798,1368.351873,5.3
1996 September,11096.976,7176.754,157.3,1717.51,5.27,22774.519,23086.39629,1337.987,1352.571978,5.29
1996 December,11212.205,7233.918,158.6667,1715.245,5.33,23817.912,23703.0942,1410.495,1398.261309,5.39
1997 March,11284.587,7310.17,159.6333,1749.879,5.23,24595.873,23347.1141,1444.249,1372.10064,5.56
1997 June,11472.137,7343.08,160,1856.956,5,22465.47,23585.88333,1318.25,1389.540982,5.54
1997 September,11615.636,7468.188,160.8,1882.955,4.87,23413.628,23650.54149,1385.697,1396.559082,5.5
1997 December,11715.393,7557.449,161.6667,1911.048,4.67,24033.318,23959.51214,1435.128,1424.303179,5.49
1998 March,11832.486,7633.895,162,1994.375,4.63,24421.048,23249.03408,1441.406,1371.591557,5.56
1998 June,11942.032,7768.323,162.5333,1982.058,4.4,22799.352,23905.7452,1353.632,1424.775642,5.51
1998 September,12091.614,7869.624,163.3667,2033.015,4.53,24117.194,24280.32389,1439.04,1446.30136,4.68
1998 December,12287,7983.316,164.1333,2095.76,4.43,23583.725,23576.85374,1398.687,1390.156205,4.81
1999 March,12403.293,8060.776,164.7333,2153.308,4.3,25089.871,23901.62335,1477.154,1407.738367,4.76
1999 June,12498.694,8178.302,165.9667,2154.652,4.27,23082.028,24184.76525,1358.221,1429.872557,5.22
1999 September,12662.385,8270.609,167.2,2213.773,4.23,24356.257,24488.81493,1437.967,1443.254785,5.3
1999 December,12877.593,8391.791,168.4333,2273.095,4.07,24017.804,24044.20389,1421.118,1413.713033,5.85
2000 March,12924.179,8520.71,170.1,2257.109,4.03,25640.999,24419.8838,1513.639,1443.728677,6.53
2000 June,13160.842,8603.007,171.4333,2390.733,3.93,23698.294,24829.69341,1390.922,1463.735561,6.52
2000 September,13178.419,8687.485,173,2367.274,4,24465.28,24600.99687,1461.139,1465.5722,6.4
2000 December,13260.506,8762.205,174.2333,2371.809,3.9,24898.961,24927.23511,1502.117,1494.8039,5.31
2001 March,13222.69,8797.28,175.9,2264.202,4.23,25774.715,24528.777,1547.627,1477.000036,3.97
2001 June,13299.984,8818.079,177.1333,2267.433,4.4,22919.69,24026.0385,1373.704,1447.774812,3.07
2001 September,13244.784,8848.3,177.6333,2218.37,4.83,23848.178,23978.77324,1438.267,1441.772369,1.82
2001 December,13280.859,8980.61,177.5,2108.5,5.5,23521.154,23560.93231,1406.454,1399.56991,1.73
2002 March,13397.002,9008.096,178.0667,2170.707,5.7,25008.57,23785.33353,1481.041,1409.909258,1.75
2002 June,13478.152,9054.348,179.4667,2206.375,5.83,23448.974,24594.25623,1385.138,1460.578551,1.75
2002 September,13538.072,9119.949,180.4333,2203.109,5.73,24431.049,24566.13257,1461.458,1464.345171,1.24
2002 December,13559.032,9172.361,181.5,2201.749,5.87,24646.802,24677.62397,1480.119,1472.719898,1.25
2003 March,13634.253,9215.501,183.3667,2218.685,5.87,26047.513,24741.85832,1558.606,1486.384131,1.22
2003 June,13751.543,9318.994,183.0667,2233.997,6.13,22974.657,24131.68793,1363.559,1440.898594,1.01
2003 September,13985.073,9455.687,184.4333,2315.399,6.13,24269.515,24415.39887,1457.443,1460.142455,0.98
2003 December,14145.645,9519.802,185.1333,2393.402,5.83,24543.091,24565.54711,1478.82,1470.934734,1
2004 March,14221.147,9604.507,186.7,2398.151,5.7,26515.059,25174.77442,1582.764,1510.344255,1.03
2004 June,14329.523,9664.264,188.1667,2493.945,5.6,23742.233,24942.3835,1415.528,1493.712174,1.61
2004 September,14464.984,9771.136,189.3667,2532.635,5.43,24590.973,24732.92993,1469.187,1471.004779,2.16
2004 December,14609.876,9877.416,191.4,2585.477,5.43,25154.104,25167.5432,1509.681,1501.245596,2.63
2005 March,14771.602,9935.048,192.3667,2658.163,5.3,26297.386,24999.62769,1568.704,1497.596989,3.04
2005 June,14839.782,10047.766,193.6667,2622.793,5.1,23825.787,25028.92856,1418.281,1497.228347,3.62
2005 September,14972.054,10145.297,196.6,2657.458,4.97,25057.794,25171.38836,1506.617,1506.540009,4.16
2005 December,15066.597,10175.424,198.4333,2743.846,4.97,24920.61,24933.49712,1503.981,1495.193778,4.59
2006 March,15267.026,10288.892,199.4667,2784.583,4.73,25589.849,24349.14079,1518.16,1448.255371,4.99
2006 June,15302.705,10341.016,201.2667,2766.628,4.63,23811.365,25017.97995,1401.286,1481.099231,5.25
2006 September,15326.368,10403.798,203.1667,2755.954,4.63,25149.089,25254.59373,1503.211,1501.865014,5.24
2006 December,15456.928,10504.481,202.3333,2702.487,4.43,24841.237,24856.65754,1492.711,1483.971353,5.26
2007 March,15493.328,10563.261,204.317,2683.893,4.5,26523.695,25210.87042,1570.712,1500.527668,5.25
2007 June,15582.085,10582.839,206.631,2713.495,4.5,24019.842,25255.47881,1424.285,1505.007362,4.94
2007 September,15666.738,10642.483,207.939,2686.106,4.67,25229.359,25363.05461,1510.228,1508.623842,4.24
2007 December,15761.967,10672.794,210.4897,2653.056,4.8,25120.467,25116.51105,1499.439,1490.409979,2.61
2008 March,15671.383,10644.429,212.7697,2583.253,5,26644.273,25293.19753,1571.7,1501.064621,2
2008 June,15752.308,10661.689,215.5377,2536.403,5.33,23758.485,25003.77627,1390.667,1472.363343,1.81
2008 September,15667.032,10581.856,218.861,2485.549,6,23972.478,24128.12608,1416.183,1414.326141,0.16
2008 December,15328.027,10483.376,213.8487,2246.441,6.87,24378.474,24342.09958,1439.523,1429.887444,0.18
2009 March,15155.94,10459.698,212.3777,1986.845,8.27,25038.391,23755.70697,1448.334,1377.872379,0.21
2009 June,15134.117,10417.334,213.507,1872.287,9.3,22145.156,23338.23516,1257.023,1339.820158,0.15
2009 September,15189.222,10489.202,215.344,1868.013,9.63,23026.41,23167.17358,1320.973,1317.568852,0.12
2009 December,15356.058,10473.645,217.03,2040.736,9.93,23732.26,23690.99023,1367.077,1357.987494,0.16
2010 March,15415.145,10525.432,217.374,2087.171,9.83,25512.293,24208.91297,1462.293,1392.655597,0.18
2010 June,15557.277,10609.148,217.2973,2196.706,9.63,23025.545,24289.42815,1311.016,1394.472428,0.19
2010 September,15671.967,10683.342,217.9343,2294.672,9.47,24479.133,24581.76458,1414.386,1407.930864,0.18
2010 December,15750.625,10753.999,219.699,2287.362,9.5,24496.269,24454.80433,1396.23,1387.976061,0.14
2011 March,15712.754,10799.741,222.0437,2244.241,9.03,25707.252,24421.6788,1446.103,1378.152546,0.09
2011 June,15825.096,10823.654,224.5683,2336.057,9.07,22933.061,24211.56575,1286.9,1371.115055,0.08
2011 September,15820.7,10866.036,226.0327,2343.786,9,24314.796,24379.0897,1382.257,1373.074968,0.07
2011 December,16004.107,10885.893,227.0473,2524.429,8.63,23907.452,23859.61741,1330.011,1322.052751,0.13
2012 March,16129.418,10973.303,228.326,2577.157,8.27,24282.169,23080.40413,1332.882,1265.874682,0.16
2012 June,16198.807,10989.585,228.808,2636.495,8.2,22526.488,23799.44636,1230.965,1316.249994,0.14
2012 September,16220.667,11007.517,229.841,2648.459,8.03,23862.234,23929.10013,1340.779,1330.483979,0.16
2012 December,16239.138,11056.852,231.3693,2624.905,7.8,23703.192,23646.96693,1323.668,1315.737265,0.14
2013 March,16382.964,11114.186,232.2993,2722.778,7.73,25351.65,24053.20933,1399.459,1331.280145,0.09
2013 June,16403.18,11122.185,232.045,2753.237,7.53,22831.864,24155.77773,1246.973,1333.775179,0.08
2013 September,16531.685,11167.422,233.3,2859.751,7.23,24049.739,24149.55909,1339.648,1329.327329,0.09
2013 December,16663.649,11263.648,234.1627,2870.127,6.93,24883.552,24807.27184,1369.345,1361.405883,0.08
2014 March,16616.54,11308.019,235.621,2838.287,6.67,26524.434,25122.66425,1475.524,1406.31983,0.1
2014 June,16841.475,11431.831,236.8723,2958.068,6.2,22962.988,24319.34233,1251.779,1339.708076,0.09
2014 September,17047.098,11554.841,237.4783,3018.582,6.07,24054.659,24157.03852,1335.923,1324.536975,0.12
2014 December,17143.038,11694.969,236.8883,3021.857,5.7,24734.011,24663.39487,1348.914,1341.084303,0.11
2015 March,17305.752,11798.276,235.355,3127.274,5.53,26325.284,24950.65789,1434.358,1366.623563,0.13
2015 June,17422.845,11892.284,236.96,3136.688,5.43,22995.638,24344.49177,1236.348,1324.479552,0.14
2015 September,17486.021,11991.185,237.855,3130.354,5.1,24410.233,24469.49482,1336.914,1323.051396,0.24
2015 December,17514.062,12055.351,237.837,3092.707,5.03,23643.937,23581.26794,1254.128,1245.679107,0.36
2016 March,17613.264,12148.093,237.6893,3073.86,4.9,25253.788,24002.52445,1326.639,1262.148521,0.38
2016 June,17668.203,12225.809,239.5903,3047.027,4.93,22939.695,24268.57689,1197.655,1286.098818,0.4
2016 September,17764.388,12304.479,240.6073,3048.088,4.9,24721.77,24760.33184,1344.007,1328.794877,0.54
2016 December,17876.179,12379.999,242.1347,3130.106,4.77,24422.167,24308.6804,1301.131,1290.079317,0.79
2017 March,17977.299,12477.261,243.7527,3120.373,4.57,25014.487,23828.09301,1309.414,1247.176265,1.04
2017 June,18054.052,12533.097,244.187,3149.115,4.4,23191.567,24530.61506,1202.951,1292.082981,1.15
2017 September,18185.636,12604.529,245.3453,3207.492,4.3,24316.981,24387.56003,1297.786,1283.510648,1.3
2017 December,18359.432,12733.742,247.257,3256.712,4.13,25075.565,24902.75852,1319.409,1305.638527,1.51
2018 March,18530.483,12798.099,249.1793,3342.469,4.03,26418.57,25173.27051,1373.176,1311.320836,1.82
2018 June,18654.383,12898.098,250.7377,3333.26,3.93,23994.881,25393.91448,1229.321,1319.512752,1.95
2018 September,18752.355,12982.98,251.7543,3415.408,3.77,25141.091,25239.1121,1326.276,1313.064988,2.27
2018 December,18813.923,13033.382,252.738,3448.297,3.83,25607.893,25384.11425,1346.118,1330.139014,2.41
2019 March,18950.347,13093.153,253.1857,3481.311,3.87,26601.113,25355.19101,1378.795,1317.084719,2.38
2019 June,19020.599,13212.778,255.3733,3429.949,3.67,23505.391,24899.0625,1182.297,1273.467032,2.04
2019 September,19141.744,13301.349,256.1917,3445.703,3.6,24953.694,25061.80263,1288.152,1275.55456,1.55
2019 December,19253.959,13353.687,257.8597,3413.313,3.6,25232.716,24975.83472,1290.481,1273.158534,0.65
2020 March,19010.848,13118.406,258.5,3333.963,3.8,25099.773,23929.75987,1246.954,1185.345307,0.08
2020 June,17302.511,11860.25,256.472,2849.792,13.07,20634.293,21859.05817,971.079,1062.314648,0.09
2020 September,18596.521,12924.721,259.4213,3329.625,8.8,23416.892,23536.66721,1174.302,1162.382407,0.09
2020 December,18794.426,12999.092,260.983,3539.863,6.77,23791.941,23551.4927,1178.202,1161.085108,0.07
2021 March,19086.375,13353.333,263.395,3509.368,6.17,24985.238,23804.6974,1251.23,1188.869043,0.08