firm_type,configuration,seed,firms,periods,cross_skewness,cross_excess_kurtosis,concentration_times_n,mean_anderson_darling,share_ad_below_05,mean_pair_correlation,effective_firms,implied_sum_skewness,implied_sum_excess_kurtosis,implied_sum_excess_kurtosis_effective
k_firms,1,1,20,400,3.61661767,12.2310688,9.64330344,5.09668013,1,-0.00678893799,22.9618442,0.808700295,0.611553441,0.532669271
k_firms,1,2,20,400,3.24742574,9.84741546,7.53725255,4.55896185,1,-0.000508412567,20.1950812,0.726146471,0.492370773,0.487614551
k_firms,1,3,20,400,3.09396795,9.2127308,6.6215607,4.12383816,0.995,-0.00389100988,21.5966206,0.691832267,0.46063654,0.426582055
k_firms,1,4,20,400,2.87768562,7.7953925,5.44792079,3.81751656,1,0.000703297762,19.736271,0.643470066,0.389769625,0.394977983
k_firms,1,5,20,400,2.81623198,7.55904065,6.07028497,3.8951095,1,-0.00855244671,23.8804969,0.629728615,0.377952033,0.316536155
k_firms,250,1,20,400,2.16249585,4.62583319,3.31228146,2.43460987,0.97,0.00227324637,19.171932,0.483548771,0.231291659,0.241281535
k_firms,250,2,20,400,2.45328392,6.01819575,3.72701847,2.71456653,0.99,0.00403594523,18.5755703,0.54857096,0.300909787,0.32398444
k_firms,250,3,20,400,2.09812341,4.29395043,3.03839275,2.26661781,0.9825,-0.000706027014,20.2719382,0.469154656,0.214697521,0.211817459
k_firms,250,4,20,400,2.20420887,4.43613897,3.39304736,2.65610758,0.9975,-0.00277207708,21.1119554,0.492876086,0.221806949,0.210124495
k_firms,250,5,20,400,2.48494011,6.10736531,3.79700006,2.83123863,0.9925,-0.00684366455,22.9892886,0.5556495,0.305368266,0.265661344
k_firms,500,1,20,400,3.35083871,10.5895128,9.39476346,4.88551283,1,-0.00456685564,21.9002942,0.749270313,0.529475638,0.4835329
k_firms,500,2,20,400,3.45744289,11.0901837,9.69744729,5.06901751,1,-0.00819209818,23.6868559,0.773107732,0.554509185,0.468199905
k_firms,500,3,20,400,3.6104912,12.0560066,10.8381575,5.33017457,1,-0.00687730101,23.0061893,0.807330375,0.602800328,0.524033182
k_firms,500,4,20,400,3.50125425,11.4572102,10.3136156,5.10913044,1,9.43505418e-06,19.9964153,0.78290425,0.572860512,0.572963207
k_firms,500,5,20,400,3.20750258,9.67375384,8.23378033,4.65157579,1,0.00663973391,17.7595455,0.71721938,0.483687692,0.544707286
k_firms,750,1,20,400,3.10477098,9.24732195,6.99393259,4.17985214,1,-0.00303787097,21.2251034,0.694247896,0.462366097,0.435678535
k_firms,750,2,20,400,2.93472524,8.49022492,5.59386143,3.65500709,0.9925,-0.00933813146,24.3138775,0.656224512,0.424511246,0.349192551
k_firms,750,3,20,400,3.18163225,9.63106912,7.03367087,4.31031928,1,-0.00127615316,20.4969886,0.711434598,0.481553456,0.469877273
k_firms,750,4,20,400,2.86066628,7.69885381,5.9161746,3.96326221,0.9975,-0.00447735251,21.8595886,0.639664427,0.384942691,0.352195732
k_firms,750,5,20,400,3.31403008,10.3348455,7.67039136,4.52732702,1,0.00525503515,18.1843695,0.741039655,0.516742273,0.56833675
k_firms,1000,1,20,400,1.18676956,1.0462697,1.90279324,1.01199739,0.71,-0.00409426456,21.6870585,0.26536974,0.0523134852,0.0482439654
k_firms,1000,2,20,400,1.1916124,1.06016673,1.94446348,1.08559399,0.7025,-0.00711825057,23.1279851,0.266452632,0.0530083363,0.0458391306
k_firms,1000,3,20,400,1.2308591,1.07555579,1.95600087,1.12807549,0.7775,0.00107258863,19.6005566,0.275228462,0.0537777897,0.0548737372
k_firms,1000,4,20,400,1.21940422,1.25051424,1.9805762,1.09770669,0.69,0.00146477841,19.4584558,0.272667072,0.0625257118,0.0642658518
k_firms,1000,5,20,400,1.09451042,0.717828974,1.87690962,0.995418405,0.6625,-0.00136947219,20.534302,0.24473997,0.0358914487,0.0349575542
c_firms,1,1,200,400,-1.23473135,2.17456195,1.05795796,5.71057198,1,-0.00161109505,294.380821,-0.0873086913,0.0108728098,0.0073869009
c_firms,1,2,200,400,-1.25739129,2.10488657,1.06119648,6.12135114,1,-0.000844121187,240.378871,-0.0889109907,0.0105244329,0.0087565374
c_firms,1,3,200,400,-1.18425121,2.14117828,1.05976372,5.44478827,1,-0.00105368698,253.063238,-0.0837392063,0.0107058914,0.00846104038
c_firms,1,4,200,400,-1.10645296,1.61462355,1.06671495,5.07051912,1,-0.000989571294,249.042645,-0.0782380391,0.00807311777,0.00648332158
c_firms,1,5,200,400,-1.22086633,2.20978076,1.05575733,5.53943067,1,-0.00106611684,253.857765,-0.0863282862,0.0110489038,0.00870479876
c_firms,250,1,200,400,-1.05338387,1.92859885,1.06520269,5.03217125,1,0.000217699583,191.695333,-0.0744854879,0.00964299425,0.0100607501
c_firms,250,2,200,400,-1.1037728,2.02662507,1.06322508,5.10737452,1,-0.000986784185,248.870765,-0.078048523,0.0101331253,0.00814328298
c_firms,250,3,200,400,-1.10943413,2.16118573,1.06034569,5.09620298,1,-0.00127731867,268.163525,-0.0784488396,0.0108059286,0.00805920837
c_firms,250,4,200,400,-1.06302867,2.03133513,1.06251324,4.90912794,1,-0.00106112073,253.537811,-0.0751674785,0.0101566757,0.0080119613
c_firms,250,5,200,400,-1.0412067,1.87364547,1.06552859,4.56558418,1,-0.00131614521,270.970729,-0.073624432,0.00936822736,0.00691456779
c_firms,500,1,200,400,-1.12103726,2.10886232,1.05962168,4.93338514,1,-0.000510528376,222.616785,-0.079269305,0.0105443116,0.0094730607
c_firms,500,2,200,400,-1.13956953,2.10829903,1.05959677,5.00068053,1,-0.00142536663,279.192337,-0.0805797342,0.0105414952,0.00755142156
c_firms,500,3,200,400,-1.15506551,2.23745668,1.05944843,5.41274165,1,-0.00088048124,242.487662,-0.0816754654,0.0111872834,0.00922709497
c_firms,500,4,200,400,-1.1390377,2.10046438,1.06015992,5.17130803,1,-0.00137061609,275.009578,-0.0805421283,0.0105023219,0.0076377863
c_firms,500,5,200,400,-1.05006119,1.61530707,1.06726109,4.68417962,1,-0.000191883699,207.940165,-0.074250539,0.00807653537,0.00776813403
c_firms,750,1,200,400,-0.773869208,1.53639638,1.08066522,3.79491685,0.99,-0.000488379363,221.529939,-0.0547208165,0.00768198191,0.00693538934
c_firms,750,2,200,400,-0.789003336,1.59852261,1.07525441,3.79356612,0.9925,0.000192657393,192.615354,-0.0557909609,0.00799261307,0.00829904043
c_firms,750,3,200,400,-0.822423035,1.69134738,1.07491615,4.09969904,0.995,0.000398524261,185.304204,-0.0581540905,0.0084567369,0.00912740965
c_firms,750,4,200,400,-0.780213,1.70532444,1.07608516,3.84079518,1,-0.000904042558,243.874027,-0.0551693903,0.00852662221,0.00699264477
c_firms,750,5,200,400,-0.757890995,1.37175065,1.08614768,3.98031057,0.995,0.0031849551,122.41355,-0.0535909862,0.00685875327,0.0112058727
c_firms,1000,1,200,400,-0.818950582,2.13310325,1.06615651,3.99120926,0.9925,-0.00157382756,291.202066,-0.057908551,0.0106655163,0.00732516525
c_firms,1000,2,200,400,-0.738374605,1.88902547,1.06693198,3.55873972,1,-0.00167113928,299.650929,-0.052210969,0.00944512736,0.00630408682
c_firms,1000,3,200,400,-0.77619299,1.94148394,1.06663065,3.63014881,0.9925,-0.00204931043,337.731028,-0.0548851327,0.00970741971,0.00574860994
c_firms,1000,4,200,400,-0.797130708,1.9963371,1.0657701,3.80439075,1,-0.00101693748,250.743001,-0.0563656529,0.00998168549,0.00796168623
c_firms,1000,5,200,400,-0.829061132,2.04689518,1.06656362,4.03290703,0.9975,-0.0010344035,251.840417,-0.0586234749,0.0102344759,0.00812774696
