configuration,mean_loss,median_nu,share_nu_above_100,mean_irf_magnitude
cop_0001,0.1270041502,3504.697206,0.905,0.02145515323
cop_0002,0.1354816609,1262.413304,0.911,0.05051377546
cop_0003,0.1259768835,491.4982439,0.938,0.03392494988
cop_0004,0.1252047548,396.7824867,0.787,0.04202414863
cop_0005,0.1270855589,3240.109889,0.986,0.02985059139
cop_0006,0.1283233116,1381.102839,0.894,0.03026551123
cop_0007,0.125510101,462.1125775,0.93,0.02660756826
cop_0008,0.1275358869,273.5180569,0.902,0.03191326211
cop_0009,0.129758823,278.7881881,0.968,0.02878066145
cop_0010,0.135598743,578.1481624,0.947,0.04459717485
cop_0011,0.1237189437,1155.659007,0.918,0.02537362357
cop_0012,0.1377109329,1119.071859,0.972,0.03353748688
cop_0013,0.130403092,447.2750273,0.987,0.02890140569
cop_0014,0.131415973,2207.805088,0.762,0.02218834523
cop_0015,0.136245917,7653.985901,0.901,0.02805722192
cop_0016,0.1256552339,1805.753042,0.936,0.03992945238
cop_0017,0.1297833379,756.3753638,0.947,0.03669124269
cop_0018,0.1301796497,314.9482156,0.98,0.03146615656
cop_0019,0.1277047837,2463.688243,0.967,0.03027857385
cop_0020,0.1383728645,1353.400185,0.777,0.02859828305
cop_0021,0.1396806935,820.1479156,0.978,0.0408113667
cop_0022,0.1274972284,820.5887176,0.805,0.02281052374
cop_0023,0.1339309147,3438.04448,0.962,0.02903833457
cop_0024,0.1251076244,4056.476818,0.978,0.03340446866
cop_0025,0.131001683,63.89843803,0.436,0.01686896593
cop_0026,0.1376600036,705.1139369,0.965,0.04059680343
cop_0027,0.1257361954,1163.887292,0.91,0.02925056157
cop_0028,0.1307327955,1327.802979,0.889,0.02555625004
cop_0029,0.1378112797,1272.165234,0.986,0.03337733608
cop_0030,0.1261048437,2156.169609,0.909,0.02898350582
cop_0031,0.1220906336,1313.955751,0.857,0.02910585481
cop_0032,0.1252052897,200.5257336,0.76,0.0334224517
cop_0033,0.1323227773,1336.882773,0.984,0.03053804484
cop_0034,0.1313192339,644.5669612,0.966,0.02508917271
cop_0035,0.1269489125,397.8942873,0.935,0.03035838246
cop_0036,0.123280128,194.6250015,0.697,0.04068736442
cop_0037,0.1257570668,1411.585952,0.954,0.03122668816
cop_0038,0.1316834662,693.4975275,0.994,0.02425505464
cop_0039,0.1313340142,604.5111751,0.948,0.03898461943
cop_0040,0.1246374739,327.2939347,0.903,0.02888803282
cop_0041,0.130668354,296.54481,0.973,0.02406515393
cop_0042,0.1291065505,346.4837164,0.963,0.03275597978
cop_0043,0.1303353781,469.0846003,0.952,0.03848094146
cop_0044,0.1221164775,272.8671227,0.767,0.04123648785
cop_0045,0.1269186826,479.1907985,0.941,0.02837002504
cop_0046,0.1348740054,688.2340589,0.996,0.02501485619
cop_0047,0.122146185,1364.084202,0.897,0.0403727978
cop_0048,0.1305725669,385.7043486,0.968,0.03273276025
cop_0049,0.1318237857,1042.760827,0.997,0.02443174487
cop_0050,0.125602568,751.3261629,0.75,0.02656497192
cop_0051,0.1334634649,581.2112706,0.988,0.03442284401
cop_0052,0.1502543565,741.6836246,0.954,0.04226002451
cop_0053,0.1317334742,776.2090952,0.663,0.02392028692
cop_0054,0.121663154,671.5016276,0.891,0.04327282982
cop_0055,0.1427353976,2051.16063,0.977,0.03312609419
cop_0056,0.1316942155,839.7874922,0.995,0.02436975983
cop_0057,0.1225625379,254.0633671,0.827,0.03321453241
cop_0058,0.13131743,233.0287509,0.865,0.01618562774
cop_0059,0.1310199991,156.4012067,0.53,0.01776166113
cop_0060,0.1282898002,356.0056397,0.93,0.02427258779
cop_0061,0.1245096507,695.9442413,0.907,0.03360318811
cop_0062,0.1295489648,301.7230738,0.86,0.03958893726
cop_0063,0.1438718311,862.8583511,0.793,0.03554402899
cop_0064,0.1334495563,765.5717683,0.642,0.01996817022
cop_0065,0.1314185758,320.4522399,0.957,0.03376640811
cop_0066,0.1232550751,466.2079776,0.927,0.03191405564
cop_0067,0.1332905353,2734.545335,0.898,0.03550486049
cop_0068,0.128071019,419.9746269,0.89,0.03235887685
cop_0069,0.12671552,212.0831007,0.919,0.02918399726
cop_0070,0.1233724409,1486.668762,0.913,0.02991480804
cop_0071,0.1282752509,257.4757447,0.92,0.03583100058
cop_0072,0.1269214062,3883.605004,0.981,0.03214823443
cop_0073,0.1261902094,901.6006467,0.962,0.02373004409
cop_0074,0.131385809,509.6552937,0.975,0.03350265871
cop_0075,0.1345325649,2278.938019,0.94,0.0378631612
cop_0076,0.1283012996,536.7770977,0.691,0.02233341431
cop_0077,0.1332834803,6635.805177,0.889,0.02476998574
cop_0078,0.1262656725,153.4011517,0.759,0.03524739766
cop_0079,0.1226773358,1646.339295,0.924,0.04879346543
cop_0080,0.1293560455,848.621154,0.998,0.0197949828
cop_0081,0.126550635,342.9442589,0.917,0.03322905981
cop_0082,0.1404010508,6674.250933,0.911,0.04826056678
cop_0083,0.1319826611,465.2034529,0.945,0.03405740926
cop_0084,0.1365763934,1400.221172,0.977,0.03442974575
cop_0085,0.1331790352,321.3309606,0.976,0.02578372971
cop_0086,0.1412945859,1739.641238,0.99,0.0338286353
cop_0087,0.1276386347,1659.206927,0.834,0.02889128722
cop_0088,0.1395064391,948.887484,0.997,0.03556134016
cop_0089,0.1518540073,719.676974,0.954,0.04480893889
cop_0090,0.1302329295,394.3756301,0.627,0.02019870039
cop_0091,0.1246324207,484.7361931,0.882,0.02927791252
cop_0092,0.1323784381,1911.654484,0.829,0.02364353254
cop_0093,0.1429102016,4432.03101,0.721,0.03126698907
cop_0094,0.1257111292,1978.983981,0.909,0.03327530037
cop_0095,0.1357264299,854.2945633,0.994,0.02840231111
cop_0096,0.1442315298,1229.130077,0.988,0.03777506232
cop_0097,0.1282714972,1625.42291,0.867,0.02790140996
cop_0098,0.1322232021,230.1001462,0.932,0.02516481711
cop_0099,0.1266920419,3356.17876,0.969,0.03163345183
cop_0100,0.1209863429,390.2711388,0.851,0.0391137345
cop_0101,0.1289141878,212.8326174,0.894,0.03807720131
cop_0102,0.1227843423,931.3507504,0.877,0.03510840653
cop_0103,0.1243945002,670.2114753,0.882,0.0229202829
cop_0104,0.1431066679,784.7119825,0.916,0.03505631418
cop_0105,0.1357325555,202.0281622,0.765,0.05196486896
cop_0106,0.12297418,1365.770389,0.857,0.03275993738
cop_0107,0.1224170999,507.2159155,0.875,0.03857310637
cop_0108,0.1361002257,399.6534592,0.898,0.04814826612
cop_0109,0.125602303,1631.280196,0.95,0.02907344432
cop_0110,0.1294925554,2262.463011,0.895,0.02182956522
cop_0111,0.1381911861,7397.581174,0.907,0.02965452201
cop_0112,0.1256003142,2217.133237,0.956,0.02755190068
cop_0113,0.1275363193,294.492253,0.945,0.03068001691
cop_0114,0.1438714546,1016.906293,0.987,0.03551338214
cop_0115,0.1369016577,569.1111459,0.921,0.02702050186
cop_0116,0.1315553802,1654.218139,0.871,0.02668654159
cop_0117,0.1247764264,258.8804723,0.631,0.02716427355
cop_0118,0.1271979613,1695.855916,0.896,0.0389650067
cop_0119,0.1377418062,1082.010895,0.994,0.03121118151
cop_0120,0.1267014991,2846.775214,0.951,0.02739317432
cop_0121,0.1237653286,476.4370522,0.777,0.03249223948
cop_0122,0.14009641,1269.166063,0.886,0.03218313896
cop_0123,0.1313359573,429.3730239,0.966,0.03092424372
cop_0124,0.1296523735,2749.67116,0.906,0.02472930318
cop_0125,0.128962317,366.9184844,0.844,0.04142305762
cop_0126,0.1290614303,2527.798657,0.953,0.04033929182
cop_0127,0.1347504153,7559.805278,0.969,0.038534736
cop_0128,0.1280536718,903.1697491,0.979,0.02799548518
cop_0129,0.1317037535,749.0545165,0.976,0.03062148986
cop_0130,0.1320895626,613.8444766,1,0.02210599937
cop_0131,0.1279631213,302.767214,0.919,0.03884374082
cop_0132,0.1383263726,2544.869212,0.886,0.02880097472
cop_0133,0.1296770284,249.9555891,0.891,0.03738061977
cop_0134,0.1232812844,2480.539533,0.993,0.02498898781
cop_0135,0.1234395236,721.3957392,0.924,0.03163673513
cop_0136,0.1232536493,423.0481723,0.832,0.04572988516
cop_0137,0.1323059566,796.423788,0.95,0.0284497097
cop_0138,0.1401013219,1576.294436,0.756,0.02781207439
cop_0139,0.1206427717,795.4916494,0.989,0.02262446542
cop_0140,0.142666798,1094.669486,0.998,0.03939291077
cop_0141,0.1308665288,5102.645474,0.886,0.02535484707
cop_0142,0.1217029254,673.5511275,0.798,0.03823074806
cop_0143,0.1333749922,1985.838076,0.703,0.0216274003
cop_0144,0.1368187306,3319.186649,0.983,0.03961424698
cop_0145,0.1246173154,581.3288262,0.849,0.0364351108
cop_0146,0.1292541156,1192.915529,0.979,0.02460804179
cop_0147,0.1239796765,745.5534195,0.861,0.03659671685
cop_0148,0.1186656574,904.0412564,0.915,0.04292902791
cop_0149,0.1360348065,504.9292648,0.9,0.04530684404
cop_0150,0.1288531605,1926.9948,0.976,0.02763229556
cop_0151,0.1309196604,735.5778326,0.941,0.04003843074
cop_0152,0.126378468,2505.269771,0.933,0.04105492925
cop_0153,0.1415787248,1551.37571,0.989,0.03299685054
cop_0154,0.1379330453,1570.059612,0.989,0.03191247904
cop_0155,0.1295358453,342.5088894,0.972,0.03099225003
cop_0156,0.1245989273,684.3532812,0.846,0.02622807922
cop_0157,0.1224880557,407.9827283,0.887,0.04160408217
cop_0158,0.1458927832,969.4294314,0.982,0.04150671544
cop_0159,0.1316288657,584.8231479,0.84,0.0223758088
cop_0160,0.1401688445,1566.063597,0.795,0.02913341234
cop_0161,0.1262633864,218.228451,0.872,0.038576569
cop_0162,0.1294794836,3350.679886,0.971,0.03284637378
cop_0163,0.1357810878,669.8473386,0.986,0.03081466549
cop_0164,0.1371983919,1104.491142,0.861,0.0266970191
cop_0165,0.1227514389,1587.436538,0.976,0.02577761646
cop_0166,0.1218563889,901.3608601,0.852,0.04328899349
cop_0167,0.1335350567,962.8437788,0.996,0.02837774244
cop_0168,0.1309818499,37.28579034,0.246,0.01576777702
cop_0169,0.1271243519,2825.143399,0.966,0.03212681367
cop_0170,0.1290511923,327.948354,0.917,0.03962106208
cop_0171,0.1267623134,2486.534667,0.926,0.02989122133
cop_0172,0.1232949185,178.0181373,0.715,0.03408030348
cop_0173,0.125812528,195.9056666,0.803,0.04257835017
cop_0174,0.1294242869,1779.452495,0.956,0.02668604067
cop_0175,0.1306120539,499.352081,0.998,0.0288558758
cop_0176,0.1328948776,330.8179688,0.949,0.03930292707
cop_0177,0.1416477618,3017.856598,0.805,0.03785691572
cop_0178,0.1299284759,546.1656805,0.99,0.02651446872
cop_0179,0.125360625,277.7693775,0.903,0.03257173908
cop_0180,0.1273069728,575.5231419,0.943,0.03447244093
cop_0181,0.1291568286,915.3307296,0.964,0.02741685277
cop_0182,0.1321137041,1509.336215,0.933,0.04594857828
cop_0183,0.124858447,138.8422342,0.661,0.03398052191
cop_0184,0.1340222306,582.4654449,0.978,0.0220838396
cop_0185,0.1266555166,3599.826402,0.98,0.02715365948
cop_0186,0.1314079226,2749.226287,0.94,0.0349171106
cop_0187,0.1277243924,455.376411,0.745,0.02664021632
cop_0188,0.1373895908,697.7944159,0.971,0.03722293249
cop_0189,0.1292469111,827.6354497,0.763,0.0211466436
cop_0190,0.1320163209,823.0374121,0.795,0.02290059341
cop_0191,0.1181627182,1802.117306,0.992,0.03577717824
cop_0192,0.1307833094,282.7332836,0.975,0.02983247589
cop_0193,0.1314157013,269.3372063,0.88,0.04079536926
cop_0194,0.1334835035,4871.984054,0.941,0.04024039423
cop_0195,0.132388712,1220.034053,0.962,0.03315577638
cop_0196,0.1252499687,503.3204639,0.94,0.02701126507
cop_0197,0.127945664,479.0215321,0.97,0.02737463992
cop_0198,0.1336417409,5500.502999,0.928,0.02834735246
cop_0199,0.1388353635,11442.491,0.967,0.04229698683
cop_0200,0.1274201329,322.2331806,0.867,0.03261678963
cop_0201,0.1280804273,2364.44339,0.937,0.04008684503
cop_0202,0.1309361467,694.7967586,0.997,0.02363694472
cop_0203,0.1344433571,9063.816008,0.968,0.02838208361
cop_0204,0.1288996976,285.348975,0.955,0.03036309945
cop_0205,0.1218784021,1431.26873,0.96,0.03008050559
cop_0206,0.132041465,47.29097695,0.322,0.01654890874
cop_0207,0.12987914,904.1792158,0.854,0.0488227474
cop_0208,0.1375797084,1040.221687,0.981,0.03776107677
cop_0209,0.1311168477,424.896763,0.595,0.02025438159
cop_0210,0.1285961494,235.5097477,0.964,0.02766139522
cop_0211,0.1224913878,1317.186455,0.99,0.02666645276
cop_0212,0.1321794967,817.3238722,1,0.0278024085
cop_0213,0.1246989234,381.3827721,0.812,0.04527964446
cop_0214,0.13458458,1023.739615,0.993,0.0281815655
cop_0215,0.1331025751,2522.078382,0.751,0.02217012821
cop_0216,0.1342500459,452.0216225,0.962,0.03645028558
cop_0217,0.1425606203,776.2634587,0.972,0.04047040415
cop_0218,0.1251501608,605.6505696,0.935,0.02556128835
cop_0219,0.1288527928,569.2970951,0.996,0.0235023388
cop_0220,0.1252026333,309.431992,0.899,0.03924526462
cop_0221,0.1313786816,464.0921745,0.924,0.03917482733
cop_0222,0.138153538,936.7274844,0.912,0.03476846586
cop_0223,0.1345699992,2568.805946,0.803,0.0231171014
cop_0224,0.1294428072,882.5233886,0.969,0.02720299249
cop_0225,0.1348351388,5656.761732,0.925,0.02756746108
cop_0226,0.125343523,160.0482469,0.628,0.02713588578
cop_0227,0.1295313879,235.0804141,0.86,0.03946474698
cop_0228,0.1284084985,2712.244846,0.927,0.03185171179
cop_0229,0.1323019521,255.9881992,0.65,0.01930627332
cop_0230,0.1426198572,1613.877719,0.978,0.03794403571
cop_0231,0.1236391459,223.7277514,0.739,0.03285226625
cop_0232,0.1284925027,751.2140972,0.688,0.02459883043
cop_0233,0.1300333842,234.1167015,0.955,0.02456196123
cop_0234,0.1356722933,636.6624715,0.906,0.04162080182
cop_0235,0.1429366684,5656.18332,0.931,0.03683235059
cop_0236,0.1293047444,4002.999828,0.969,0.03147475039
cop_0237,0.1333123507,3476.06491,0.875,0.02551929441
cop_0238,0.1286539844,247.2345068,0.769,0.01998744711
cop_0239,0.1278436449,2311.348343,0.886,0.02258110898
cop_0240,0.1238021716,151.4270389,0.724,0.03662799566
cop_0241,0.1199680388,781.2881003,0.868,0.04291281445
cop_0242,0.1352631682,3620.462023,0.882,0.02622009411
cop_0243,0.137879029,5780.373413,0.957,0.0368878762
cop_0244,0.1329357486,581.8403902,0.994,0.03399959654
cop_0245,0.1376525413,1623.019524,0.759,0.02470092973
cop_0246,0.1278060549,826.7860977,0.957,0.03060399633
cop_0247,0.1326813541,1484.947904,0.922,0.03329645405
cop_0248,0.13184483,3362.035658,0.851,0.02415354958
cop_0249,0.1275359098,164.665708,0.823,0.02662974838
cop_0250,0.1271682309,342.4450343,0.942,0.0334373375
cop_0251,0.1384633077,1319.523322,0.87,0.02940417246
cop_0252,0.1265729703,232.0110467,0.858,0.03361770228
cop_0253,0.1360784605,1171.114155,0.998,0.02736016539
cop_0254,0.1347879298,3911.677447,0.914,0.048005598
cop_0255,0.1298411075,153.9178747,0.685,0.04514329305
cop_0256,0.12778959,4301.928846,0.964,0.0394389428
cop_0257,0.1308261824,1191.969101,0.997,0.02409964248
cop_0258,0.1316294672,2552.574643,0.974,0.02948557005
cop_0259,0.1306288267,128.9441864,0.59,0.0211801076
cop_0260,0.1313821226,316.3806938,0.935,0.03580775715
cop_0261,0.1296044756,86.45578984,0.476,0.01861142884
cop_0262,0.1318856404,508.3572924,0.993,0.02510729148
cop_0263,0.1335534646,563.2626208,0.985,0.03965169782
cop_0264,0.128164507,897.610621,0.853,0.02361150288
cop_0265,0.1290317341,4073.879029,0.969,0.03607329851
cop_0266,0.1389724412,620.1639023,0.964,0.03593497548
cop_0267,0.1243215037,1033.8211,0.955,0.03100137407
cop_0268,0.1273029008,375.9668227,0.953,0.02523620172
cop_0269,0.1226868042,808.8967774,0.865,0.04264423859
cop_0270,0.133135422,552.7059991,0.962,0.03899904988
cop_0271,0.1305199974,451.3337721,0.994,0.03181285907
cop_0272,0.1364360242,9977.944362,0.947,0.03277918415
cop_0273,0.129701431,490.3247939,0.627,0.02033790672
cop_0274,0.1235075153,1527.523359,0.946,0.0321698958
cop_0275,0.1319896035,61.56229829,0.448,0.0198511043
cop_0276,0.1364612381,1122.410626,0.685,0.02433346171
cop_0277,0.1271164533,413.7790086,0.881,0.0383240888
cop_0278,0.1352515118,855.6676935,0.812,0.02576833617
cop_0279,0.1396480593,1307.278559,0.972,0.03270631339
cop_0280,0.129764545,4234.361535,0.95,0.02835185583
cop_0281,0.1224056112,1158.953555,0.84,0.03469016973
cop_0282,0.1267758975,2403.176085,0.898,0.02171007663
cop_0283,0.1365081823,6012.205481,0.89,0.02868114012
cop_0284,0.1324182687,842.187184,0.941,0.03778625157
cop_0285,0.1224614301,245.0490034,0.777,0.03252741754
cop_0286,0.1376371735,995.0804324,0.986,0.0325761571
cop_0287,0.1366102695,685.653199,0.995,0.03182521319
cop_0288,0.1276431242,1669.735194,0.96,0.03268967154
cop_0289,0.1276069626,301.1216537,0.882,0.04369541667
cop_0290,0.1377320757,1345.355324,0.98,0.03027703239
cop_0291,0.1403933516,905.4005006,0.982,0.03330782699
cop_0292,0.1290784362,273.6123274,0.92,0.03570674438
cop_0293,0.1325764369,2392.945859,0.831,0.02544155578
cop_0294,0.1377573498,5111.560502,0.886,0.03173389291
cop_0295,0.1337374174,775.8587662,0.947,0.03320619139
cop_0296,0.1338521325,2205.93312,0.965,0.03303602634
cop_0297,0.1304625834,475.4887938,0.998,0.02807098079
cop_0298,0.1228585207,2208.290123,0.961,0.0278606997
cop_0299,0.1223539975,1277.372414,0.962,0.03332758199
cop_0300,0.1412932843,1381.622304,0.962,0.03229676213
cop_0301,0.1314926594,1100.836177,0.976,0.02884664911
cop_0302,0.1270826222,186.4438901,0.841,0.03501970987
cop_0303,0.1296498688,54.57965703,0.427,0.01952593106
cop_0304,0.129930145,56.06862708,0.393,0.01665359157
cop_0305,0.1474431978,780.7907101,0.957,0.04921314192
cop_0306,0.1299459044,2182.836178,0.965,0.04076002758
cop_0307,0.128799625,119.0675071,0.503,0.01826942447
cop_0308,0.1416738145,946.1710576,0.997,0.03248983531
cop_0309,0.1302559124,2624.828241,0.927,0.02625813198
cop_0310,0.1276277497,699.7741078,0.809,0.02364043255
cop_0311,0.1318187802,1539.057014,0.923,0.02153723055
cop_0312,0.1258003452,649.1117137,0.947,0.03050993504
cop_0313,0.130261713,325.0250424,0.926,0.03637466282
cop_0314,0.1369426522,7730.640263,0.957,0.03834310218
cop_0315,0.1437033537,6835.674987,0.874,0.0343729861
cop_0316,0.1270361786,789.2192488,0.965,0.03373837192
cop_0317,0.1241787241,310.2631046,0.813,0.04181884836
cop_0318,0.1276683025,293.9432099,0.931,0.03053100395
cop_0319,0.1280728553,235.3133553,0.915,0.03053571979
cop_0320,0.1254984246,119.6279919,0.629,0.03705971526
cop_0321,0.1272804541,3671.385116,0.956,0.03144302574
cop_0322,0.137835957,715.958897,0.971,0.03842510801
cop_0323,0.1356562373,896.9957943,0.989,0.02863486665
cop_0324,0.1444884926,625.4521604,0.958,0.04203622562
cop_0325,0.1352175726,1039.858247,0.99,0.02875264577
cop_0326,0.1493776027,695.1375137,0.942,0.04253057015
cop_0327,0.138707965,812.1970538,0.966,0.03971100297
cop_0328,0.1363308807,731.6795225,0.952,0.04073452588
cop_0329,0.1293891454,402.1075425,0.968,0.03543908223
cop_0330,0.1271321096,503.0270015,0.912,0.02205992344
cop_0331,0.1267338445,724.6001912,0.961,0.02308421935
cop_0332,0.1320015803,66.46196522,0.425,0.01878599703
cop_0333,0.1484657696,1042.47863,0.974,0.0399286723
cop_0334,0.1295115978,748.9123201,0.886,0.04170081722
cop_0335,0.1245865689,3079.791901,0.974,0.03729591618
cop_0336,0.1316763014,429.3218319,0.976,0.03221843367
cop_0337,0.1275712274,584.4314568,0.869,0.03167739682
cop_0338,0.1328409842,194.1176348,0.725,0.05365563083
cop_0339,0.1312081306,643.9088104,0.959,0.03516393643
cop_0340,0.1283298399,401.2813521,0.953,0.02702060978
cop_0341,0.1325529162,1076.617977,0.904,0.02991698569
cop_0342,0.1301142128,550.7254618,0.797,0.02106116066
cop_0343,0.1251229268,2669.585852,0.927,0.03563211007
cop_0344,0.1281125297,460.21522,0.992,0.02545289307
cop_0345,0.1279133882,272.538466,0.964,0.0238764317
cop_0346,0.1286390108,6160.55128,0.978,0.03532833149
cop_0347,0.1210136974,269.1933869,0.748,0.03797191368
cop_0348,0.1249057665,339.9983016,0.628,0.02517482159
cop_0349,0.1268390354,2185.232338,0.92,0.03459998093
cop_0350,0.1244654562,1327.110238,0.955,0.0271813822
cop_0351,0.1231765662,425.5480485,0.85,0.03034070484
cop_0352,0.1260208092,865.3681356,0.936,0.02694898064
cop_0353,0.123642878,184.5139962,0.803,0.03648535381
cop_0354,0.1603686293,812.4689157,0.953,0.0528483495
cop_0355,0.1383945697,6848.711814,0.873,0.03889103964
cop_0356,0.1241101797,240.3098483,0.692,0.04672181335
cop_0357,0.1323854285,318.7573042,0.921,0.03855018343
cop_0358,0.1275278104,456.4965828,0.967,0.02690472981
cop_0359,0.1302765147,479.4547109,0.989,0.02847560909
cop_0360,0.1357276724,755.0219307,0.978,0.03383204847
cop_0361,0.1269106162,3194.113155,0.936,0.04042809307
cop_0362,0.138983675,651.5670507,0.866,0.0258924571
cop_0363,0.1331556172,216.5148799,0.867,0.02922254438
cop_0364,0.1250239259,425.6110129,0.904,0.03231707361
cop_0365,0.1371790195,806.7611307,0.988,0.03057146145
cop_0366,0.1337614059,478.7671449,0.904,0.02131022221
cop_0367,0.1234659121,2014.981137,0.95,0.03503861923
cop_0368,0.123630355,268.7009174,0.843,0.03967777234
cop_0369,0.124670725,308.5247969,0.818,0.03182884019
cop_0370,0.1313541524,596.4427485,0.987,0.0293109311
cop_0371,0.1370997735,778.9852268,0.947,0.04403664949
cop_0372,0.1394327293,1025.68297,0.945,0.03711789449
cop_0373,0.1271071612,592.6827026,0.962,0.02889112741
cop_0374,0.1251099435,2916.347256,0.954,0.04475538674
cop_0375,0.1498079367,1872.345785,0.995,0.04210360118
cop_0376,0.1302959313,532.1051735,0.972,0.03056644478
cop_0377,0.1257346259,798.598678,0.87,0.02933681965
cop_0378,0.1321252573,5225.514569,0.964,0.0329627688
cop_0379,0.1275398622,245.6167586,0.92,0.03111086715
cop_0380,0.1374931311,1216.857117,0.956,0.02762436739
cop_0381,0.1354409783,1003.984804,0.996,0.03176729004
cop_0382,0.1256414858,2632.209401,0.938,0.02235682321
cop_0383,0.1300307613,781.4176588,0.962,0.03225212586
cop_0384,0.1363880145,474.9967246,0.952,0.03944763129
cop_0385,0.1310230326,691.1850565,0.592,0.02070966602
cop_0386,0.1274084733,359.2699413,0.924,0.03340672582
cop_0387,0.13504388,560.7002295,0.986,0.02990903813
cop_0388,0.1294655763,480.0776435,0.997,0.02198089082
cop_0389,0.1305585187,393.7568323,0.957,0.03685691419
cop_0390,0.1294274087,2343.211318,0.911,0.04481939981
cop_0391,0.1298495208,539.4022441,0.963,0.03778930965
cop_0392,0.1319578831,337.410388,0.955,0.03579305656
cop_0393,0.1306146725,595.2316377,0.996,0.02728327752
cop_0394,0.1409612298,5608.974548,0.842,0.03054482458
cop_0395,0.1257879901,257.3662203,0.943,0.0289312169
cop_0396,0.1284482872,425.0450223,0.779,0.04861849769
cop_0397,0.1218432026,1721.612674,0.94,0.03029175241
cop_0398,0.1462539766,525.7940829,0.937,0.04463473641
cop_0399,0.1254702747,532.6725067,0.801,0.04526787036
cop_0400,0.1267914467,252.6036932,0.847,0.02920668545
cop_0401,0.1333401549,420.4968638,0.958,0.03899499114
cop_0402,0.1289942016,231.3699885,0.981,0.02103278645
cop_0403,0.1348239247,11470.8301,0.921,0.03195263746
cop_0404,0.140510148,1383.02977,0.956,0.0349551031
cop_0405,0.1421256882,649.6547995,0.981,0.03778853957
cop_0406,0.1301527806,173.4234614,0.751,0.02122482439
cop_0407,0.128468396,773.747841,0.967,0.02883915889
cop_0408,0.1253545084,1392.008227,0.95,0.0276623169
cop_0409,0.1284778255,441.2903688,0.968,0.0246437524
cop_0410,0.1191946715,1550.130638,0.932,0.03861936701
cop_0411,0.1301995576,455.448847,0.985,0.0279623345
cop_0412,0.1300926414,327.9023702,0.98,0.02665788412
cop_0413,0.1241857797,374.1724509,0.851,0.02993857497
cop_0414,0.136942793,788.8208184,0.991,0.03127882713
cop_0415,0.1405260405,2130.198826,0.99,0.03433155334
cop_0416,0.1381275313,6589.888461,0.906,0.03039769344
cop_0417,0.1285226519,1213.541418,0.797,0.01862983848
cop_0418,0.1388911148,2637.714542,0.97,0.02978258228
cop_0419,0.1385392367,1195.674798,0.985,0.02922623411
cop_0420,0.1388418738,1448.21775,0.972,0.03415326333
cop_0421,0.130508247,162.6875229,0.712,0.0230602383
cop_0422,0.1259814939,155.5440206,0.69,0.04624715007
cop_0423,0.1245930696,1468.373745,0.885,0.03165637584
cop_0424,0.1228742395,471.784237,0.85,0.04006779205
cop_0425,0.1318939156,580.0970135,0.989,0.03086247688
cop_0426,0.1263736612,620.5147098,0.851,0.04952627735
cop_0427,0.1320034181,424.8672921,0.716,0.02060539713
cop_0428,0.1239930066,837.4127753,0.888,0.03696654558
cop_0429,0.1205125462,1453.881652,0.956,0.03081339324
cop_0430,0.1287794531,163.2017071,0.897,0.02429229048
cop_0431,0.1387832859,4926.627711,0.944,0.036734315
cop_0432,0.1263748747,270.4998887,0.91,0.0337175901
cop_0433,0.1298154295,2469.601008,0.846,0.02168587389
cop_0434,0.140177101,563.3233434,0.949,0.04066797176
cop_0435,0.1258662162,184.3102569,0.732,0.04695122062
cop_0436,0.1278378649,1350.70851,0.91,0.03244788669
cop_0437,0.1204830702,228.2127449,0.704,0.03936759017
cop_0438,0.1323157318,276.9851272,0.872,0.04091777876
cop_0439,0.1263516554,186.2254928,0.849,0.03359180788
cop_0440,0.1297184753,2358.182056,0.908,0.03897638617
cop_0441,0.1284393534,355.6604295,0.925,0.03459333647
cop_0442,0.1308673664,246.2969473,0.89,0.0392482762
cop_0443,0.1267953066,152.1905271,0.77,0.0257140549
cop_0444,0.1267719263,4602.005123,0.984,0.04201787714
cop_0445,0.1300282381,255.5264877,0.948,0.03412837969
cop_0446,0.1306277772,297.9526583,0.951,0.03356980622
cop_0447,0.1348571281,1796.370198,0.888,0.03047558232
cop_0448,0.1313479069,867.568161,0.771,0.02292623044
cop_0449,0.1313601443,398.3330749,0.55,0.01792656196
cop_0450,0.1272039685,2570.155931,0.892,0.03001747358
cop_0451,0.1375321721,424.9891389,0.875,0.04743896484
cop_0452,0.130856641,260.0644354,0.853,0.02631750839
cop_0453,0.1260442551,842.3821828,0.877,0.02573101302
cop_0454,0.1301527332,388.5300782,0.974,0.03508688412
cop_0455,0.1320078515,929.3956442,0.991,0.02574991491
cop_0456,0.1409045117,705.1595674,0.944,0.04103750441
cop_0457,0.1242289192,282.5419494,0.743,0.03833782113
cop_0458,0.1261445694,527.0245429,0.915,0.03972603631
cop_0459,0.1264022886,1348.625963,0.805,0.02504172329
cop_0460,0.124693113,878.4247401,0.933,0.03373548066
cop_0461,0.1314269903,127.8719615,0.611,0.01851735786
cop_0462,0.1306246243,2472.217299,0.863,0.02510738055
cop_0463,0.1364061075,2132.402817,0.94,0.04365336846
cop_0464,0.1336515285,402.685669,0.841,0.0506674086
cop_0465,0.1268641317,1325.559434,0.833,0.02679996596
cop_0466,0.1241109972,1245.346198,0.826,0.02755058184
cop_0467,0.127455785,1456.980394,0.977,0.02433383005
cop_0468,0.1327292475,1112.41613,0.757,0.02257089548
cop_0469,0.1267146653,295.2068956,0.846,0.04663195475
cop_0470,0.1284476333,234.8065997,0.95,0.02986991962
cop_0471,0.1329021288,915.7990714,0.835,0.02656920192
cop_0472,0.1360548845,484.9587731,0.958,0.03921647716
cop_0473,0.1324532396,670.5596958,0.722,0.0271524614
cop_0474,0.1268818645,2410.058448,0.956,0.02899426968
cop_0475,0.1324551903,525.3097979,0.981,0.03006083526
cop_0476,0.1274303177,1162.901601,0.858,0.02082336671
cop_0477,0.1261716458,187.5980898,0.758,0.03171909364
cop_0478,0.1216486841,2124.608861,0.969,0.04210157154
cop_0479,0.1242190521,702.1968044,0.933,0.03573230249
cop_0480,0.1283329194,3138.400705,0.955,0.04161031431
cop_0481,0.12376842,524.5902837,0.893,0.03884833234
cop_0482,0.130303902,673.3505579,0.865,0.04359811089
cop_0483,0.1333695497,2001.024079,0.784,0.02529995121
cop_0484,0.1313013603,510.9855367,0.941,0.02513123489
cop_0485,0.1380520776,636.9792456,0.939,0.04184337567
cop_0486,0.1351016691,547.6082319,0.988,0.02852319733
cop_0487,0.1404223174,710.2246136,0.998,0.03644933726
cop_0488,0.1425824455,1182.126289,0.965,0.03425749078
cop_0489,0.1299625772,5181.04536,0.932,0.02817413261
cop_0490,0.1334771709,790.139475,0.983,0.02669118491
cop_0491,0.1349614053,747.2537606,0.977,0.0357574302
cop_0492,0.1366454757,710.2769221,0.983,0.03658118776
cop_0493,0.1278684245,987.6976813,0.872,0.0213292775
cop_0494,0.1244532127,213.8379504,0.836,0.03982241296
cop_0495,0.1277296918,653.15088,0.986,0.02627286804
cop_0496,0.1324878661,1623.764339,0.978,0.02272982691
cop_0497,0.1322214873,274.0157826,0.837,0.04387561739
cop_0498,0.1268660847,242.5691167,0.875,0.04297037161
cop_0499,0.131062626,380.9810081,0.98,0.03272734009
cop_0500,0.1229797418,850.5694108,0.939,0.03081339271
cop_0501,0.1272930011,2519.369066,0.929,0.03353385649
cop_0502,0.1241285061,979.5460572,0.938,0.02446184949
cop_0503,0.1230552189,1054.867193,0.91,0.03873617318
cop_0504,0.1314614642,3970.683134,0.926,0.02422218955
cop_0505,0.128924329,164.1840912,0.867,0.02392172153
cop_0506,0.1330880617,823.687795,0.968,0.03741577096
cop_0507,0.1377414311,421.7041213,0.89,0.04879553535
cop_0508,0.1333065921,363.0720634,0.943,0.02486847915
cop_0509,0.1289318036,3898.501683,0.978,0.03570350659
cop_0510,0.1220594743,1829.09337,0.975,0.02589796884
cop_0511,0.1424227918,925.673935,0.979,0.03267776863
cop_0512,0.1280207837,130.8134582,0.684,0.0229705055
cop_0513,0.1233065522,448.4485411,0.89,0.03399849579
cop_0514,0.125762285,954.3224912,0.861,0.0287358176
cop_0515,0.1297946626,202.1580976,0.906,0.02489298474
cop_0516,0.1247085306,259.6140176,0.853,0.04054897247
cop_0517,0.1321921737,1135.306945,0.789,0.02035341307
cop_0518,0.1320685454,450.7985427,0.845,0.04759708592
cop_0519,0.1197040367,1889.993653,0.992,0.0312448392
cop_0520,0.1247066397,760.9208321,0.935,0.03406392136
cop_0521,0.1316657465,296.3358883,0.881,0.02415776473
cop_0522,0.1303125006,216.6309894,0.877,0.03601236221
cop_0523,0.1254843323,2546.674458,0.958,0.02648036197
cop_0524,0.1269327165,276.7508577,0.946,0.02694452126
cop_0525,0.133760722,2420.48523,0.882,0.04506618163
cop_0526,0.1263402616,154.5904425,0.696,0.04968172609
cop_0527,0.1233132892,510.5770308,0.782,0.03718250516
cop_0528,0.1337974393,869.9991815,0.994,0.03118296617
cop_0529,0.1271294488,1640.148092,0.926,0.03476188572
cop_0530,0.1385803689,1874.935188,0.977,0.04330016626
cop_0531,0.126270057,286.2105755,0.903,0.03375862265
cop_0532,0.1435879145,1301.583477,0.989,0.03491755015
cop_0533,0.124482148,3471.532516,0.971,0.04155917114
cop_0534,0.1212500372,2379.321568,0.988,0.03667830697
cop_0535,0.1491458717,1088.827048,0.978,0.04914005192
cop_0536,0.13082162,5100.867602,0.979,0.03478165689
cop_0537,0.1312045075,1054.099749,0.988,0.02833857823
cop_0538,0.1224892118,1090.649286,0.858,0.03477925649
cop_0539,0.1366716962,2446.708184,0.869,0.03072087242
cop_0540,0.1329806627,4712.084756,0.931,0.03738996316
cop_0541,0.1290924246,559.5777179,0.904,0.03478045506
cop_0542,0.1267340739,2800.275728,0.943,0.0259110991
cop_0543,0.1358821351,512.2806035,0.918,0.0453696541
cop_0544,0.1317995868,389.5228493,0.868,0.04844693175
cop_0545,0.1367677725,607.4575711,0.932,0.04404636798
cop_0546,0.1334673794,2535.314369,0.805,0.02396743305
cop_0547,0.1283650153,580.7650381,0.94,0.02631651977
cop_0548,0.1393916794,512.1471835,0.661,0.02613012594
cop_0549,0.1457813017,1456.674384,0.959,0.04336693148
cop_0550,0.1446924257,3572.473037,0.968,0.03490895929
cop_0551,0.1317986729,503.8731589,0.978,0.03400387408
cop_0552,0.1247415302,500.5018764,0.851,0.04950260875
cop_0553,0.1255937091,259.8562803,0.789,0.02850916828
cop_0554,0.1228193152,1789.178264,0.99,0.02344032392
cop_0555,0.1266837959,201.1482553,0.564,0.0215027547
cop_0556,0.1296348153,243.8924891,0.896,0.03471999244
cop_0557,0.1366140359,673.9979209,0.966,0.04083308485
cop_0558,0.1330694097,631.5426283,0.941,0.02079823921
cop_0559,0.1479678001,2411.918163,0.984,0.04897977236
cop_0560,0.1462149831,1773.135966,0.965,0.03966953897
cop_0561,0.1316421118,322.9244126,0.843,0.04754146311
cop_0562,0.1308608062,884.0899279,1,0.01909472146
cop_0563,0.1371758914,3588.604042,0.917,0.02754642985
cop_0564,0.1316565574,400.3622086,0.896,0.04233587596
cop_0565,0.1285959336,158.8650128,0.863,0.02224839958
cop_0566,0.126525568,2652.71342,0.906,0.02637400674
cop_0567,0.1374120508,832.3898146,0.959,0.02742962605
cop_0568,0.1262238804,279.5631174,0.935,0.03207267034
cop_0569,0.1416961072,449.6399649,0.914,0.04541511162
cop_0570,0.1270927022,1334.107465,0.922,0.03698796295
cop_0571,0.1288013687,353.8848095,0.902,0.0406640521
cop_0572,0.1333120783,526.3428608,0.984,0.03106192182
cop_0573,0.1381235571,1828.966084,0.92,0.02898210604
cop_0574,0.1265441833,1069.167289,0.823,0.03351023023
cop_0575,0.1267167042,151.5209745,0.703,0.02363525839
cop_0576,0.1292554673,356.402199,0.955,0.03780629336
cop_0577,0.1241337972,319.3483671,0.81,0.04129743611
cop_0578,0.1401028977,569.5958287,0.914,0.03916431786
cop_0579,0.1316349517,545.0916476,0.987,0.03190652727
cop_0580,0.1371090718,1067.748539,0.97,0.03089900313
cop_0581,0.1269193774,2080.455918,0.94,0.03076556296
cop_0582,0.1344577097,719.6132663,0.995,0.03262028553
cop_0583,0.1476542629,720.7806375,0.98,0.04131119988
cop_0584,0.1353453105,770.0750784,0.999,0.03123213658
cop_0585,0.1329791801,2993.872311,0.971,0.02842420832
cop_0586,0.1287897984,246.6988113,0.896,0.0305498843
cop_0587,0.1286022511,522.4375218,0.957,0.03083283191
cop_0588,0.1290857126,399.6044935,0.992,0.02490692607
cop_0589,0.1342586789,1051.07182,0.971,0.03130192478
cop_0590,0.1297488892,461.1017381,0.991,0.02494328332
cop_0591,0.1349245281,811.4409279,0.995,0.02444342142
cop_0592,0.1269546271,299.0459499,0.959,0.02808940152
cop_0593,0.1282525279,292.3364618,0.791,0.05713844917
cop_0594,0.1282023995,1684.495664,0.963,0.03643186567
cop_0595,0.1262933266,762.5504309,0.926,0.02391875616
cop_0596,0.1223561488,811.7459829,0.935,0.03271646341
cop_0597,0.1262170966,835.2256042,0.86,0.0270973671
cop_0598,0.1223469324,1566.826133,0.939,0.03175901978
cop_0599,0.1276612489,249.5418659,0.939,0.03108060519
cop_0600,0.1265783589,2172.135306,0.958,0.02838585761
cop_0601,0.1325713912,1255.938156,0.964,0.03496526914
cop_0602,0.1304239812,512.5618849,0.979,0.02445568619
cop_0603,0.1288255854,261.4671363,0.96,0.03008003258
cop_0604,0.126929436,1785.878085,0.919,0.04455385519
cop_0605,0.1364065671,779.9836476,0.971,0.03955460871
cop_0606,0.1355247288,2638.576945,0.931,0.03581037441
cop_0607,0.1465780853,1874.418856,0.985,0.03588400982
cop_0608,0.1295440393,261.569047,0.868,0.0178299484
cop_0609,0.1383039543,659.8098903,0.952,0.03613577078
cop_0610,0.1372675588,636.2161308,0.975,0.03712559702
cop_0611,0.1272072646,388.5655231,0.968,0.02621621457
cop_0612,0.131244772,593.1012329,0.656,0.01790747157
cop_0613,0.1339138482,1884.585543,0.79,0.02284713901
cop_0614,0.1308630622,425.9080982,0.976,0.03198604085
cop_0615,0.1282481028,167.1945252,0.749,0.03861225539
cop_0616,0.1321898623,1836.202506,0.969,0.0256782753
cop_0617,0.130212142,344.7465118,0.796,0.0285423251
cop_0618,0.1376145197,1512.558184,0.976,0.03151289762
cop_0619,0.1286461187,257.5751586,0.582,0.02127026079
cop_0620,0.1264536899,183.3614077,0.884,0.03040203541
cop_0621,0.1371987651,3032.313206,0.811,0.02571847741
cop_0622,0.1245521005,574.1615046,0.855,0.04316872679
cop_0623,0.1319588659,569.3899097,0.968,0.03571190134
cop_0624,0.1273135809,4412.477362,0.976,0.03333370473
cop_0625,0.1301079302,363.1033479,0.904,0.03926656464
cop_0626,0.1360380005,439.9586795,0.744,0.02325586884
cop_0627,0.1297692111,216.5449586,0.946,0.03287743769
cop_0628,0.1225660474,602.4162769,0.847,0.03453655795
cop_0629,0.1258126536,3613.214989,0.989,0.03296231555
cop_0630,0.1306842881,384.4282559,0.929,0.04362746111
cop_0631,0.1309322541,443.6744123,0.889,0.04877510779
cop_0632,0.1281302672,278.4591311,0.913,0.03627005597
cop_0633,0.1350664546,343.4419411,0.885,0.04901083362
cop_0634,0.1235722097,2778.364087,0.985,0.03030047157
cop_0635,0.1284387441,3200.9083,0.925,0.0328210367
cop_0636,0.1350633145,1395.397091,0.975,0.02803226951
cop_0637,0.1596902,1136.18639,0.993,0.05187243912
cop_0638,0.1311222742,1360.857086,0.964,0.03142613723
cop_0639,0.1312141233,2404.021691,0.907,0.02571651483
cop_0640,0.1285968041,1014.057659,0.983,0.02545846462
cop_0641,0.1271187651,441.7664289,0.717,0.02337872522
cop_0642,0.1229588916,411.8940709,0.869,0.03228793864
cop_0643,0.1278061073,295.1884545,0.719,0.02689820509
cop_0644,0.1270954227,320.8903726,0.941,0.02557547364
cop_0645,0.1277658239,1619.369731,0.791,0.02018947658
cop_0646,0.1272169625,1277.506948,0.869,0.0259041311
cop_0647,0.1265736219,2914.713682,0.974,0.025002813
cop_0648,0.137697588,1190.452973,0.993,0.03719615311
cop_0649,0.129219759,403.4395418,0.958,0.03035707974
cop_0650,0.1261366475,2042.182783,0.918,0.03048648044
cop_0651,0.1420767275,2656.138384,0.983,0.04015235485
cop_0652,0.1234048569,1893.10275,0.991,0.03083411989
cop_0653,0.1279509425,3543.089973,0.935,0.02639720133
cop_0654,0.1250050835,229.7303387,0.759,0.04916963562
cop_0655,0.1289481363,263.5844583,0.972,0.02949090749
cop_0656,0.1299941718,128.7321559,0.609,0.01858464114
cop_0657,0.1358593939,355.4807432,0.978,0.02641016951
cop_0658,0.1308302075,580.4532833,0.983,0.02945294906
cop_0659,0.1290404999,295.0014948,0.919,0.03606536769
cop_0660,0.121794379,1140.702161,0.864,0.03077410682
cop_0661,0.1240350845,658.9518374,0.805,0.04257311162
cop_0662,0.1315300346,1305.9726,0.689,0.01931802299
cop_0663,0.1303608533,427.4601871,0.993,0.03366830493
cop_0664,0.1251086892,1553.737487,0.941,0.02880767762
cop_0665,0.122879111,730.7363859,0.865,0.04640491169
cop_0666,0.1295563678,7348.902494,0.976,0.02924299798
cop_0667,0.1281828529,231.2793829,0.876,0.03574417716
cop_0668,0.1287868526,214.4239424,0.892,0.03204639962
cop_0669,0.1321471361,304.8543126,0.961,0.02953931435
cop_0670,0.1353445293,1438.417859,0.996,0.02487545232
cop_0671,0.1289566134,422.4135448,0.985,0.03733002114
cop_0672,0.1420960137,10851.46793,0.911,0.03677884712
cop_0673,0.125329537,1056.69966,0.944,0.02107556113
cop_0674,0.1432166417,561.5260081,0.939,0.0456083375
cop_0675,0.1342731431,875.7116681,0.98,0.03124011041
cop_0676,0.1293169462,389.1057709,0.948,0.0337111768
cop_0677,0.1370374356,646.6780564,0.987,0.02886616825
cop_0678,0.1297863071,157.9252606,0.639,0.02059516244
cop_0679,0.1478923981,1601.545302,0.995,0.03906845476
cop_0680,0.1310256999,624.9647108,0.617,0.02100222958
cop_0681,0.1301259158,58.19077398,0.387,0.01739743147
cop_0682,0.1306264845,4841.570255,0.91,0.02389064696
cop_0683,0.1263470437,596.8021054,0.845,0.03525041686
cop_0684,0.1237848267,2655.045335,0.975,0.02893402534
cop_0685,0.1263117833,1774.1368,0.932,0.03772181424
cop_0686,0.126575713,2097.126719,0.845,0.04265570693
cop_0687,0.1300740567,461.484296,0.715,0.01718629337
cop_0688,0.1340270364,295.1124766,0.837,0.04722970834
cop_0689,0.1232136012,971.1273275,0.973,0.02158897828
cop_0690,0.1358990779,1690.669677,0.992,0.02828624685
cop_0691,0.122608743,566.929049,0.84,0.03703715742
cop_0692,0.132229216,176.4230646,0.761,0.05079823414
cop_0693,0.1290576432,1588.072597,0.857,0.01905878266
cop_0694,0.1259164656,1269.68744,0.871,0.02587305968
cop_0695,0.1318547783,353.9401088,0.937,0.03963257681
cop_0696,0.1286195935,168.819737,0.691,0.04962537661
cop_0697,0.1296577767,2996.225756,0.963,0.03299821744
cop_0698,0.1384256494,1593.037961,0.96,0.03890393317
cop_0699,0.1303998502,642.1344729,0.985,0.02559381168
cop_0700,0.1328902838,117.3375399,0.543,0.01897974262
cop_0701,0.1363145513,620.9994373,0.977,0.03244013172
cop_0702,0.1214471021,2017.269605,0.962,0.03110925079
cop_0703,0.1303321091,3192.252982,0.95,0.03126858217
cop_0704,0.1305661096,577.1691641,0.998,0.01846928202
cop_0705,0.1319103119,365.3624602,0.887,0.04540393312
cop_0706,0.1345565979,4744.746884,0.971,0.03404112319
cop_0707,0.12526024,824.0916319,0.915,0.03740182933
cop_0708,0.120163961,2104.431552,0.969,0.03628761548
cop_0709,0.1414563055,1439.558139,0.765,0.030585924
cop_0710,0.1308147199,627.1748177,0.976,0.02604154248
cop_0711,0.1321541588,3500.492516,0.887,0.03633272383
cop_0712,0.1271314575,182.7706873,0.876,0.03180289891
cop_0713,0.1281022814,721.8069329,0.73,0.02237208331
cop_0714,0.1318528286,641.9805206,0.996,0.03045727252
cop_0715,0.1255758559,886.2135604,0.886,0.04932136019
cop_0716,0.1314397117,598.5818176,0.978,0.02631597472
cop_0717,0.1196653051,407.9810657,0.814,0.03625784142
cop_0718,0.1310717111,294.7567132,0.98,0.02433130106
cop_0719,0.1348087849,2113.360123,0.965,0.04132912106
cop_0720,0.1219208519,359.1126907,0.823,0.04232218234
cop_0721,0.1393168597,2263.825165,0.919,0.03021171131
cop_0722,0.1327923265,601.6375438,0.987,0.02794956716
cop_0723,0.1302532758,2314.154254,0.947,0.02976291071
cop_0724,0.1303897679,211.9368664,0.841,0.02493999087
cop_0725,0.1259644139,1428.997851,0.843,0.02814635716
cop_0726,0.1287911462,380.1477492,0.954,0.02855952496
cop_0727,0.1245783678,326.9140368,0.869,0.03290007456
cop_0728,0.1277732626,203.9514399,0.913,0.02635262944
cop_0729,0.1285782546,1598.104347,0.869,0.0276268499
cop_0730,0.1322447314,3816.246223,0.799,0.02318725608
cop_0731,0.124751584,209.2752286,0.866,0.03087473119
cop_0732,0.133158902,460.502529,0.948,0.04196018871
cop_0733,0.1290337766,638.4314375,0.959,0.02973493213
cop_0734,0.1413164574,1646.300276,0.75,0.03068363884
cop_0735,0.1275134544,421.179748,0.86,0.04354194526
cop_0736,0.1284184633,254.3410861,0.896,0.042798748
cop_0737,0.1385542945,2475.510795,0.753,0.02576743841
cop_0738,0.1320239528,3028.155463,0.835,0.04111558813
cop_0739,0.1309718561,198.5624399,0.73,0.01688742372
cop_0740,0.1287820904,158.1484393,0.655,0.05014141991
cop_0741,0.127063062,1270.423503,0.929,0.02495364968
cop_0742,0.1260815567,572.0300994,0.88,0.03990158495
cop_0743,0.1298874767,1115.017122,0.966,0.02849138938
cop_0744,0.1296112257,703.0603155,0.66,0.01785913052
cop_0745,0.1286291521,150.6418579,0.818,0.0210586883
cop_0746,0.1283680233,210.370405,0.948,0.02212261257
cop_0747,0.1325463076,495.356746,0.989,0.03069488406
cop_0748,0.1245081805,1039.338147,0.953,0.03025055584
cop_0749,0.1304176187,271.4160968,0.88,0.04530831884
cop_0750,0.1372327975,199.6247275,0.739,0.05497935779
cop_0751,0.1212167086,985.3094033,0.923,0.02922187185
cop_0752,0.1333418621,469.7026736,0.982,0.02415276467
cop_0753,0.1291893758,342.8881098,0.94,0.03954581923
cop_0754,0.1286173303,305.6621118,0.954,0.03244611303
cop_0755,0.1370627044,8332.309093,0.93,0.02918231041
cop_0756,0.124793716,408.3829465,0.881,0.03699430162
cop_0757,0.1296755858,2080.779388,0.935,0.0409579567
cop_0758,0.1290585721,1325.002604,0.864,0.02051206228
cop_0759,0.132468058,1963.834615,0.859,0.02821035001
cop_0760,0.1331649491,1145.431657,0.936,0.02768462151
cop_0761,0.1326055269,1773.867236,0.831,0.02361018234
cop_0762,0.1281696793,813.9671756,0.978,0.0289138041
cop_0763,0.1259372794,295.5808675,0.852,0.04183269033
cop_0764,0.1263457965,330.3223954,0.875,0.04078795286
cop_0765,0.1333187653,1213.319566,0.946,0.04323019648
cop_0766,0.1258740179,806.7537394,0.963,0.02902334317
cop_0767,0.1289014514,496.8911631,0.966,0.01793563661
cop_0768,0.1334117205,1244.802905,0.991,0.01986739016
cop_0769,0.1274249203,261.3648452,0.913,0.02852223775
cop_0770,0.1266726906,1179.970325,0.823,0.0229013152
cop_0771,0.1339158321,3809.874894,0.927,0.02977503176
cop_0772,0.1236551273,735.0006511,0.853,0.02641074765
cop_0773,0.1218502116,177.3584799,0.687,0.04027891394
cop_0774,0.123157728,2267.953353,0.97,0.03998178538
cop_0775,0.1370289505,477.7012145,0.904,0.04365149605
cop_0776,0.1342128377,427.7324785,0.87,0.04135064844
cop_0777,0.1206127688,861.4709726,0.918,0.033489967
cop_0778,0.1287603227,780.1660676,0.906,0.0388467509
cop_0779,0.1252833496,404.5577861,0.826,0.02808637294
cop_0780,0.1257841142,1025.51622,0.915,0.03882170212
cop_0781,0.1323240336,198.6284305,0.767,0.02478316731
cop_0782,0.1224735661,983.5366719,0.996,0.02281068994
cop_0783,0.1310028835,115.8053739,0.579,0.01814851283
cop_0784,0.1241081999,352.2794601,0.853,0.03661627749
cop_0785,0.1328044748,371.9454599,0.638,0.01925650911
cop_0786,0.1343625109,816.3593714,0.967,0.03060792857
cop_0787,0.1395868742,1122.011652,0.985,0.02889304701
cop_0788,0.1284447331,558.5542878,0.947,0.02247185064
cop_0789,0.1289464683,183.8216325,0.71,0.02292843282
cop_0790,0.1370083979,1301.307238,0.979,0.03305335869
cop_0791,0.1288882536,261.4552923,0.925,0.03369854664
cop_0792,0.132438181,348.2516332,0.984,0.02551108418
cop_0793,0.1258537181,437.3353831,0.924,0.03215503808
cop_0794,0.1318948461,2886.083392,0.882,0.03429281591
cop_0795,0.1282149416,2278.306233,0.874,0.0207839738
cop_0796,0.1242424483,232.8520181,0.79,0.03813018615
cop_0797,0.1296569658,403.016455,0.941,0.0311018803
cop_0798,0.1293383346,290.4423206,0.892,0.037820568
cop_0799,0.1288745552,88.4194117,0.428,0.0190319429
cop_0800,0.1363043188,255.9681416,0.824,0.05066890733
cop_0801,0.1307254341,267.2953936,0.74,0.05811233623
cop_0802,0.1290494663,789.4395323,0.75,0.03222885672
cop_0803,0.1263545583,1289.339832,0.804,0.03030563793
cop_0804,0.1281644446,260.5663554,0.963,0.03268212856
cop_0805,0.1272528596,287.5663283,0.906,0.02670615187
cop_0806,0.1303880402,5622.180382,0.971,0.03533443713
cop_0807,0.1303389363,338.3581073,0.642,0.02214346396
cop_0808,0.1438644017,711.5194805,0.969,0.04267087967
cop_0809,0.1347343972,321.6638669,0.924,0.02424814253
cop_0810,0.1307904131,393.507085,0.998,0.02206257328
cop_0811,0.1321897423,694.8986002,0.997,0.02854903596
cop_0812,0.144798417,745.2551871,0.927,0.03922844733
cop_0813,0.1401682458,669.251423,0.97,0.0415281659
cop_0814,0.1333035284,4601.017489,0.917,0.02855229425
cop_0815,0.1373951653,909.5387172,0.95,0.03846235497
cop_0816,0.1315908528,617.1907676,0.997,0.02608561764
cop_0817,0.1288784211,2092.007727,0.879,0.02656987346
cop_0818,0.1315650381,603.9618153,0.973,0.03047468431
cop_0819,0.140406137,10012.97353,0.901,0.03037905127
cop_0820,0.1235224348,725.7767362,0.889,0.03367766372
cop_0821,0.1279185304,2702.937675,0.919,0.03397120775
cop_0822,0.1285076629,230.5026056,0.958,0.02847529238
cop_0823,0.1317897923,292.8365843,0.993,0.02318309895
cop_0824,0.1206922672,996.6071617,0.906,0.04160871602
cop_0825,0.1295237015,373.9184005,0.917,0.04290647121
cop_0826,0.1310386661,696.3989795,0.853,0.05144576242
cop_0827,0.1295675655,443.310879,0.866,0.0483749449
cop_0828,0.128003781,133.7851857,0.719,0.02441601731
cop_0829,0.1348278051,497.2452331,0.959,0.03545128014
cop_0830,0.1303028965,33.98758244,0.241,0.01700878985
cop_0831,0.1330608669,511.2158033,0.963,0.03204002039
cop_0832,0.1224912848,120.2321613,0.576,0.04022845347
cop_0833,0.1317964021,407.310582,0.973,0.02404132578
cop_0834,0.1292329094,549.8665905,0.907,0.03806152457
cop_0835,0.1451749352,1061.776712,0.962,0.03696359726
cop_0836,0.1324716625,691.8819447,0.626,0.0200015555
cop_0837,0.1319936009,811.6876928,0.989,0.02934381044
cop_0838,0.1326582227,2878.676976,0.983,0.03302379788
cop_0839,0.1343367796,523.7610458,0.908,0.02638702868
cop_0840,0.127960954,2328.312205,0.855,0.02636639088
cop_0841,0.1271606239,2256.785076,0.895,0.03626979024
cop_0842,0.1303276982,481.8588049,0.997,0.02669706726
cop_0843,0.1296766365,1517.996172,0.977,0.02625283823
cop_0844,0.1249250567,726.676243,0.927,0.01799614022
cop_0845,0.1322860857,758.9425329,0.994,0.03113898547
cop_0846,0.1291842301,444.0491172,0.911,0.01935108322
cop_0847,0.136076143,1029.128317,0.909,0.02747005935
cop_0848,0.1287891368,331.1955375,0.922,0.04098214223
cop_0849,0.1260477894,1165.555532,0.869,0.03901288744
cop_0850,0.125183171,2030.26392,0.949,0.02860842707
cop_0851,0.1300716251,396.8230301,0.976,0.0308830065
cop_0852,0.1257750952,1435.138895,0.95,0.0338681218
cop_0853,0.127015285,640.6604818,0.914,0.0382275559
cop_0854,0.1316959604,704.9122573,0.929,0.04115145616
cop_0855,0.1281306512,217.7889825,0.852,0.0376838209
cop_0856,0.1277739315,466.8988816,0.894,0.02191124759
cop_0857,0.1396662591,754.8833621,0.942,0.04593819925
cop_0858,0.1384096692,1064.3695,0.97,0.04036605419
cop_0859,0.1210086091,989.7878034,0.953,0.03082461136
cop_0860,0.1331049541,431.3673238,0.987,0.02700969387
cop_0861,0.1285863725,262.1308025,0.939,0.0325632667
cop_0862,0.1239404281,878.0885074,0.807,0.03018957831
cop_0863,0.129982902,320.063998,0.838,0.04552600228
cop_0864,0.1431773309,1062.693971,0.981,0.04418335122
cop_0865,0.1507515985,840.8741742,0.986,0.04467941285
cop_0866,0.1256740459,414.0719996,0.937,0.02717333139
cop_0867,0.1292457656,496.7006516,0.86,0.04221977102
cop_0868,0.1349205089,640.3750277,0.995,0.03135869748
cop_0869,0.128869969,335.6492612,0.948,0.03765421169
cop_0870,0.1325659967,453.4468941,0.999,0.02516633716
cop_0871,0.1226557116,716.6525103,0.873,0.03372433364
cop_0872,0.1311331997,716.6041537,0.961,0.03823963612
cop_0873,0.1336503498,481.6531509,0.971,0.03313512206
cop_0874,0.12572209,2761.320537,0.941,0.03854692479
cop_0875,0.1257282966,650.5447326,0.894,0.03329843849
cop_0876,0.125471493,2651.629603,0.947,0.02922352317
cop_0877,0.134062673,2626.13707,0.976,0.03404396153
cop_0878,0.1251437634,188.5873024,0.827,0.03797281913
cop_0879,0.1294571451,292.6193453,0.849,0.03901424244
cop_0880,0.1254520561,506.0091764,0.915,0.03140167739
cop_0881,0.128901589,969.7933613,0.927,0.02855922198
cop_0882,0.1298068369,1773.186763,0.964,0.0323338627
cop_0883,0.1347622564,366.6781206,0.54,0.02111652458
cop_0884,0.1278323617,2233.603771,0.89,0.03542587454
cop_0885,0.1322971,439.2048787,0.97,0.03225534876
cop_0886,0.143616302,9940.331642,0.886,0.04834233589
cop_0887,0.1426578644,642.0671447,0.948,0.0398299629
cop_0888,0.163285244,854.515741,0.971,0.0591929615
cop_0889,0.1280590248,207.4010376,0.811,0.03455708629
cop_0890,0.1419383688,864.5589246,0.986,0.03357651086
cop_0891,0.1344834324,312.3480502,0.872,0.04496359852
cop_0892,0.1299190467,739.5373126,0.97,0.02872329461
cop_0893,0.1360496335,1050.05231,0.961,0.0397292777
cop_0894,0.1350320565,1901.063376,0.778,0.02359103892
cop_0895,0.1412800293,249.2748833,0.756,0.05567200402
cop_0896,0.1346341994,5295.832778,0.952,0.03978804052
cop_0897,0.1221199735,464.4330299,0.82,0.03612004255
cop_0898,0.1355144067,1027.443094,0.926,0.04619232279
cop_0899,0.1278273121,600.348274,0.821,0.04502860497
cop_0900,0.1335492273,35.94932194,0.319,0.02007320025
cop_0901,0.1296093003,317.2872483,0.899,0.03870909421
cop_0902,0.1347284726,183.9355451,0.697,0.05460835149
cop_0903,0.1340381133,2338.645918,0.933,0.02588241613
cop_0904,0.1301480305,3823.142583,0.961,0.03235030586
cop_0905,0.1283339946,304.2304678,0.778,0.05952577762
cop_0906,0.1202582653,1957.068364,0.97,0.03302575824
cop_0907,0.131270969,362.2816382,0.936,0.03528291454
cop_0908,0.1281959153,260.1367089,0.981,0.02553005557
cop_0909,0.1309430133,781.5732683,0.983,0.02274470301
cop_0910,0.1272603674,297.5386797,0.944,0.02945087079
cop_0911,0.1246396406,235.2365026,0.851,0.03143662772
cop_0912,0.1268510486,778.2907837,0.911,0.02218471763
cop_0913,0.1249672039,740.4844987,0.858,0.04231019466
cop_0914,0.1238201108,194.5784181,0.772,0.04121357347
cop_0915,0.1282986123,251.8402355,0.934,0.02731912772
cop_0916,0.1284999809,158.2978395,0.683,0.02326138343
cop_0917,0.1203546865,500.5799573,0.834,0.04048329743
cop_0918,0.14540416,852.9105891,0.975,0.04091849345
cop_0919,0.1301619232,88.58782214,0.462,0.01683795233
cop_0920,0.1262417532,246.3582194,0.957,0.03184290986
cop_0921,0.1373124452,4321.006633,0.849,0.0304096699
cop_0922,0.132605495,889.0295121,0.963,0.0279021131
cop_0923,0.1302520269,1570.364499,0.967,0.03332052138
cop_0924,0.130001964,622.5308041,0.996,0.01842795894
cop_0925,0.1282353441,842.0879607,0.801,0.02487603532
cop_0926,0.1371633655,846.1784789,0.997,0.03373394724
cop_0927,0.1406059841,2638.318359,0.844,0.03057313438
cop_0928,0.1323029208,67.0036173,0.42,0.01711928751
cop_0929,0.1293856089,508.0250605,0.967,0.02031838282
cop_0930,0.129535256,575.786258,0.72,0.02652983405
cop_0931,0.1193062658,542.9960771,0.877,0.03683262123
cop_0932,0.132672282,300.2539186,0.921,0.02426695818
cop_0933,0.1275351435,214.7495498,0.706,0.02240619574
cop_0934,0.1278722278,213.0118606,0.904,0.033299123
cop_0935,0.1277785507,150.7190482,0.711,0.02388869143
cop_0936,0.1311793118,1290.342403,0.967,0.02405651304
cop_0937,0.1243640076,2913.929597,0.974,0.02936978449
cop_0938,0.1329031464,531.1973956,0.978,0.02676365385
cop_0939,0.1390794856,2955.654458,0.871,0.03175038607
cop_0940,0.1303014507,297.7482404,0.977,0.02496672269
cop_0941,0.1317634874,416.4490872,0.896,0.04312932069
cop_0942,0.1304227517,449.1782928,0.948,0.03976062801
cop_0943,0.1276542698,1851.847187,0.965,0.03665386447
cop_0944,0.1323570175,2336.398822,0.867,0.02553239023
cop_0945,0.1374948115,1260.27605,0.784,0.02554950227
cop_0946,0.1283492711,295.1718422,0.937,0.02187258902
cop_0947,0.1290289326,1049.271366,0.809,0.02005500153
cop_0948,0.123227076,598.3328757,0.776,0.02612630986
cop_0949,0.1359194824,743.6083731,0.99,0.02976564396
cop_0950,0.1332504124,2698.0035,0.885,0.03859468731
cop_0951,0.1312816904,1962.211418,0.957,0.03518511919
cop_0952,0.1265025443,457.8028683,0.954,0.02878249217
cop_0953,0.141635989,2051.456241,0.977,0.03458106628
cop_0954,0.1398554991,695.9671537,0.928,0.04842859766
cop_0955,0.1296798585,1621.217445,0.944,0.03075391613
cop_0956,0.1339931443,3251.334199,0.872,0.03557101973
cop_0957,0.1309677288,164.0800429,0.692,0.02738328374
cop_0958,0.133757797,35.34486349,0.275,0.01993509154
cop_0959,0.1312018973,2053.98008,0.913,0.035476727
cop_0960,0.1406921916,833.7971778,0.975,0.03897644571
cop_0961,0.1300898242,1055.258414,0.881,0.02007166058
cop_0962,0.1403613962,3839.850358,0.988,0.03785767551
cop_0963,0.1281369985,527.9224893,0.78,0.03191559802
cop_0964,0.1251839014,874.7302339,0.945,0.02114639896
cop_0965,0.1330381655,174.6020257,0.552,0.02006543897
cop_0966,0.1346429933,573.0953507,0.989,0.0329584467
cop_0967,0.1421779174,916.5796937,0.986,0.03816968972
cop_0968,0.1310626649,615.8835747,0.915,0.03967592421
cop_0969,0.1298165148,2867.057401,0.902,0.03926781097
cop_0970,0.1229536391,233.5989248,0.721,0.04300757164
cop_0971,0.1241647168,1831.619175,0.977,0.02966965507
cop_0972,0.1317548522,1053.332737,0.914,0.04639146338
cop_0973,0.1291838115,2056.634373,0.836,0.02056924702
cop_0974,0.1255447145,358.2460712,0.638,0.0251301565
cop_0975,0.1307962093,514.8197843,0.985,0.03376604058
cop_0976,0.1320623051,773.110669,0.989,0.02879176966
cop_0977,0.1595221959,1476.252653,0.98,0.04936934001
cop_0978,0.1347263334,497.7742663,0.97,0.04115139712
cop_0979,0.1310287514,510.3779834,0.948,0.03990962632
cop_0980,0.1338494524,617.4725518,0.864,0.02285051478
cop_0981,0.1516935676,666.2283248,0.952,0.0438225124
cop_0982,0.1320947525,6849.104583,0.95,0.02812193732
cop_0983,0.1339982561,440.075505,0.9,0.03175699636
cop_0984,0.1360993016,864.1421641,0.988,0.03313639004
cop_0985,0.1384571848,1253.22431,0.98,0.03461725504
cop_0986,0.1280936614,381.6621035,0.944,0.02915457636
cop_0987,0.134877173,2553.138267,0.872,0.02592687968
cop_0988,0.1335701425,883.3106678,0.928,0.03579724317
cop_0989,0.1313386036,49.40325817,0.369,0.01840874612
cop_0990,0.1292950819,342.3866958,0.969,0.02269364981
cop_0991,0.1284222567,817.1900862,0.921,0.03011953861
cop_0992,0.1305689522,499.542547,0.978,0.03459518221
cop_0993,0.128093206,267.6205711,0.893,0.02649335352
cop_0994,0.123892135,155.8903832,0.739,0.03323808155
cop_0995,0.1299832148,855.6715863,0.936,0.03459211302
cop_0996,0.1330659635,6431.409235,0.964,0.03243769335
cop_0997,0.1312606644,625.3785602,0.995,0.02869474978
cop_0998,0.1280188557,819.9660869,0.917,0.03206692851
cop_0999,0.127526214,443.9573974,0.966,0.02800897568
cop_1000,0.1339266309,409.2410372,0.933,0.03745861193
