series,sample_size,replicates,mean_skewness,mean_excess_kurtosis,null_excess_kurtosis,mean_anderson_darling,null_anderson_darling,share_ad_below_05,share_ad_below_01,share_jb_below_05,share_jb_below_01
gdp_growth,100,1000000,0.018718477,0.650275621,-0.0574480682,0.500705905,0.38167412,0.149575,0.071273,0.25739,0.157289
gdp_growth,150,1000000,0.015045323,0.814409891,-0.0383607271,0.554283126,0.382891436,0.187433,0.096067,0.333407,0.222072
gdp_growth,200,1000000,0.0124095061,0.920754753,-0.0306855866,0.606515959,0.382785703,0.22499,0.121669,0.396267,0.282268
gdp_growth,250,1000000,0.0108402764,0.997489436,-0.0221410349,0.658806766,0.383666515,0.257149,0.147921,0.448652,0.335157
gdp_growth,300,1000000,0.0091951474,1.05841274,-0.019740348,0.711825721,0.38325002,0.290962,0.17083,0.495229,0.38224
gdp_growth,350,1000000,0.00794850504,1.10859888,-0.0169601118,0.765705736,0.383449212,0.31898,0.196598,0.534803,0.422543
gdp_growth,400,1000000,0.00685653722,1.15086548,-0.0138265805,0.820714218,0.383615651,0.34652,0.2212,0.570243,0.462983
energy_growth,100,1000000,-0.00761633705,0.694173794,-0.0574480682,0.509045616,0.38167412,0.154824,0.076495,0.265261,0.165979
energy_growth,150,1000000,-0.0108921831,0.864419799,-0.0383607271,0.56629302,0.382891436,0.193394,0.102167,0.34202,0.23177
energy_growth,200,1000000,-0.0126086012,0.973197638,-0.0306855866,0.622124198,0.382785703,0.232452,0.129061,0.404908,0.292594
energy_growth,250,1000000,-0.0130654745,1.05016691,-0.0221410349,0.677627608,0.383666515,0.2642,0.155889,0.45643,0.345402
energy_growth,300,1000000,-0.0135300837,1.10981789,-0.019740348,0.733731056,0.38325002,0.297919,0.178938,0.502605,0.391305
energy_growth,350,1000000,-0.0135901624,1.15794339,-0.0169601118,0.790773631,0.383449212,0.32577,0.204534,0.541405,0.431225
energy_growth,400,1000000,-0.0134202575,1.1976956,-0.0138265805,0.848769588,0.383615651,0.353152,0.229038,0.576996,0.470259
employment_change,100,1000000,-0.00127921746,0.666372915,-0.0574480682,0.504599568,0.38167412,0.153109,0.073726,0.264339,0.162999
employment_change,150,1000000,-0.00464726895,0.829073056,-0.0383607271,0.560970041,0.382891436,0.192109,0.099786,0.341505,0.229507
employment_change,200,1000000,-0.00679889606,0.931579219,-0.0306855866,0.615489672,0.382785703,0.230654,0.12649,0.404512,0.290502
employment_change,250,1000000,-0.00791852969,1.00383896,-0.0221410349,0.669797072,0.383666515,0.262563,0.153092,0.456062,0.343156
employment_change,300,1000000,-0.0091232438,1.06025348,-0.019740348,0.724402522,0.38325002,0.29579,0.176089,0.501768,0.389631
employment_change,350,1000000,-0.00998646517,1.10583838,-0.0169601118,0.779302012,0.383449212,0.322913,0.201475,0.540703,0.429291
employment_change,400,1000000,-0.0107126429,1.14337292,-0.0138265805,0.835051151,0.383615651,0.350004,0.225466,0.575448,0.468703
inflation,100,1000000,-0.0935834327,0.719410086,-0.0574480682,0.50843808,0.38167412,0.159583,0.077015,0.278069,0.177044
inflation,150,1000000,-0.104771779,0.884543262,-0.0383607271,0.565307764,0.382891436,0.200313,0.104325,0.358947,0.247515
inflation,200,1000000,-0.111312629,0.985232375,-0.0306855866,0.620618359,0.382785703,0.240029,0.132489,0.423482,0.311451
inflation,250,1000000,-0.115573174,1.05447199,-0.0221410349,0.675515896,0.383666515,0.273152,0.160169,0.47581,0.366229
inflation,300,1000000,-0.11908078,1.1078561,-0.019740348,0.730868454,0.38325002,0.307066,0.184424,0.522577,0.414156
inflation,350,1000000,-0.121823246,1.14974159,-0.0169601118,0.786301113,0.383449212,0.334451,0.210339,0.561772,0.454667
inflation,400,1000000,-0.124073907,1.18437703,-0.0138265805,0.8425755,0.383615651,0.362201,0.235347,0.596769,0.494286
interest_rate,100,1000000,0.0385471904,-0.202445493,-0.0574480682,0.812434921,0.38167412,0.417503,0.25173,0.21338,0.057353
interest_rate,150,1000000,0.0463740481,-0.091350931,-0.0383607271,0.841530131,0.382891436,0.431935,0.261167,0.268025,0.083237
interest_rate,200,1000000,0.0515862467,-0.0238342635,-0.0306855866,0.861459029,0.382785703,0.447281,0.2716,0.30496,0.111021
interest_rate,250,1000000,0.0553095936,0.0227815654,-0.0221410349,0.87837101,0.383666515,0.454317,0.280956,0.330296,0.135718
interest_rate,300,1000000,0.0582326364,0.0576612968,-0.019740348,0.893662263,0.38325002,0.464444,0.284774,0.354123,0.158306
interest_rate,350,1000000,0.0608402344,0.0849565772,-0.0169601118,0.908849265,0.383449212,0.46974,0.293964,0.37169,0.177495
interest_rate,400,1000000,0.0630775676,0.106630945,-0.0138265805,0.922204383,0.383615651,0.476473,0.301638,0.389103,0.198898
interest_rate_change,100,1000000,0.00620189284,0.0410802789,-0.0574480682,0.491978975,0.38167412,0.150052,0.059362,0.134594,0.051051
interest_rate_change,150,1000000,0.0062411388,0.139163631,-0.0383607271,0.50946316,0.382891436,0.163797,0.065949,0.17681,0.075517
interest_rate_change,200,1000000,0.00617077553,0.196235188,-0.0306855866,0.52360901,0.382785703,0.179332,0.073619,0.212274,0.100849
interest_rate_change,250,1000000,0.00586434609,0.234915666,-0.0221410349,0.537810289,0.383666515,0.190144,0.082047,0.24206,0.124791
interest_rate_change,300,1000000,0.00573751159,0.263318582,-0.019740348,0.55083593,0.38325002,0.20346,0.087482,0.270389,0.146563
interest_rate_change,350,1000000,0.00555366933,0.285210611,-0.0169601118,0.563909394,0.383449212,0.21281,0.09551,0.29472,0.166119
