model,mean_loss,pvalue,in_set,elimination_round
cop_0001_qvarma_p1q1r2,0.12700415022616277,0,0,167
cop_0002_qvarma_p1q1r2,0.13548166088716412,0,0,805
cop_0003_qvarma_p1q1r2,0.12597688352495123,0,0,652
cop_0004_qvarma_p1q1r2,0.12520475475665066,0,0,580
cop_0005_qvarma_p1q1r2,0.12708555889956505,0,0,117
cop_0006_qvarma_p1q1r2,0.12832331158841007,0,0,276
cop_0007_qvarma_p1q1r2,0.12551010103832791,0,0,352
cop_0008_qvarma_p1q1r2,0.12753588687113621,0,0,185
cop_0009_qvarma_p1q1r2,0.12975882302760783,0,0,166
cop_0010_qvarma_p1q1r2,0.13559874304712394,0,0,911
cop_0011_qvarma_p1q1r2,0.12371894368627344,0,0,295
cop_0012_qvarma_p1q1r2,0.13771093288608327,0,0,661
cop_0013_qvarma_p1q1r2,0.13040309201369327,0,0,115
cop_0014_qvarma_p1q1r2,0.1314159729671289,0,0,148
cop_0015_qvarma_p1q1r2,0.13624591703385663,0,0,596
cop_0016_qvarma_p1q1r2,0.12565523385748983,0,0,905
cop_0017_qvarma_p1q1r2,0.12978333790322616,0,0,770
cop_0018_qvarma_p1q1r2,0.13017964967301429,0,0,272
cop_0019_qvarma_p1q1r2,0.12770478373939814,0,0,790
cop_0020_qvarma_p1q1r2,0.13837286449125905,0,0,605
cop_0021_qvarma_p1q1r2,0.13968069345524009,0,0,884
cop_0022_qvarma_p1q1r2,0.12749722836464997,0,0,70
cop_0023_qvarma_p1q1r2,0.13393091467848534,0,0,203
cop_0024_qvarma_p1q1r2,0.12510762438866363,0,0,420
cop_0025_qvarma_p1q1r2,0.13100168301709639,0,0,25
cop_0026_qvarma_p1q1r2,0.13766000361439731,0,0,875
cop_0027_qvarma_p1q1r2,0.12573619543328887,0,0,267
cop_0028_qvarma_p1q1r2,0.13073279548396838,0,0,807
cop_0029_qvarma_p1q1r2,0.13781127969607906,0,0,834
cop_0030_qvarma_p1q1r2,0.12610484370619524,0,0,222
cop_0031_qvarma_p1q1r2,0.12209063359242311,0,0,554
cop_0032_qvarma_p1q1r2,0.12520528966040212,0,0,485
cop_0033_qvarma_p1q1r2,0.13232277731389436,0,0,858
cop_0034_qvarma_p1q1r2,0.13131923386652522,0,0,774
cop_0035_qvarma_p1q1r2,0.12694891254299198,0,0,708
cop_0036_qvarma_p1q1r2,0.12328012796938105,0,0,716
cop_0037_qvarma_p1q1r2,0.12575706680350474,0,0,982
cop_0038_qvarma_p1q1r2,0.13168346624990235,0,0,791
cop_0039_qvarma_p1q1r2,0.13133401416530555,0,0,785
cop_0040_qvarma_p1q1r2,0.12463747387075073,0,0,391
cop_0041_qvarma_p1q1r2,0.1306683539603774,0,0,255
cop_0042_qvarma_p1q1r2,0.1291065505437366,0,0,199
cop_0043_qvarma_p1q1r2,0.13033537807556636,0,0,539
cop_0044_qvarma_p1q1r2,0.1221164775262292,0,0,886
cop_0045_qvarma_p1q1r2,0.12691868260280184,0,0,459
cop_0046_qvarma_p1q1r2,0.13487400540155872,0,0,542
cop_0047_qvarma_p1q1r2,0.12214618495870672,0,0,773
cop_0048_qvarma_p1q1r2,0.13057256692409222,0,0,207
cop_0049_qvarma_p1q1r2,0.13182378571885531,0,0,434
cop_0050_qvarma_p1q1r2,0.12560256796870548,0,0,179
cop_0051_qvarma_p1q1r2,0.13346346491290906,0,0,664
cop_0052_qvarma_p1q1r2,0.15025435653550329,0,0,796
cop_0053_qvarma_p1q1r2,0.13173347417773204,0,0,156
cop_0054_qvarma_p1q1r2,0.12166315399952383,0,0,872
cop_0055_qvarma_p1q1r2,0.14273539759933387,0,0,916
cop_0056_qvarma_p1q1r2,0.131694215467348,0,0,428
cop_0057_qvarma_p1q1r2,0.12256253786330695,0,0,621
cop_0058_qvarma_p1q1r2,0.13131742999637952,0,0,2
cop_0059_qvarma_p1q1r2,0.13101999914856732,0,0,86
cop_0060_qvarma_p1q1r2,0.12828980016452424,0,0,777
cop_0061_qvarma_p1q1r2,0.12450965072364449,0,0,597
cop_0062_qvarma_p1q1r2,0.12954896476373307,0,0,488
cop_0063_qvarma_p1q1r2,0.14387183108617277,0,0,762
cop_0064_qvarma_p1q1r2,0.13344955625076449,0,0,11
cop_0065_qvarma_p1q1r2,0.13141857575070393,0,0,144
cop_0066_qvarma_p1q1r2,0.12325507512575704,0,0,624
cop_0067_qvarma_p1q1r2,0.13329053532787208,0,0,229
cop_0068_qvarma_p1q1r2,0.12807101898463449,0,0,141
cop_0069_qvarma_p1q1r2,0.12671551999320085,0,0,513
cop_0070_qvarma_p1q1r2,0.12337244091772485,0,0,481
cop_0071_qvarma_p1q1r2,0.12827525085645061,0,0,293
cop_0072_qvarma_p1q1r2,0.12692140617126837,0,0,238
cop_0073_qvarma_p1q1r2,0.12619020937325054,0,0,195
cop_0074_qvarma_p1q1r2,0.1313858089855352,0,0,315
cop_0075_qvarma_p1q1r2,0.13453256485843015,0,0,493
cop_0076_qvarma_p1q1r2,0.12830129962535072,0,0,58
cop_0077_qvarma_p1q1r2,0.13328348026864742,0,0,150
cop_0078_qvarma_p1q1r2,0.12626567251617093,0,0,308
cop_0079_qvarma_p1q1r2,0.12267733584361983,0,0,800
cop_0080_qvarma_p1q1r2,0.12935604547128876,0,0,152
cop_0081_qvarma_p1q1r2,0.12655063499241204,0,0,347
cop_0082_qvarma_p1q1r2,0.14040105083766966,0,0,510
cop_0083_qvarma_p1q1r2,0.13198266105679371,0,0,98
cop_0084_qvarma_p1q1r2,0.13657639338090655,0,0,620
cop_0085_qvarma_p1q1r2,0.13317903515507987,0,0,69
cop_0086_qvarma_p1q1r2,0.14129458587172003,0,0,733
cop_0087_qvarma_p1q1r2,0.12763863474438067,0,0,288
cop_0088_qvarma_p1q1r2,0.13950643905143792,0,0,831
cop_0089_qvarma_p1q1r2,0.15185400731158277,0,0,772
cop_0090_qvarma_p1q1r2,0.13023292946296289,0,0,18
cop_0091_qvarma_p1q1r2,0.12463242070390886,0,0,381
cop_0092_qvarma_p1q1r2,0.13237843811690406,0,0,337
cop_0093_qvarma_p1q1r2,0.14291020160547657,0,0,175
cop_0094_qvarma_p1q1r2,0.12571112922180044,0,0,369
cop_0095_qvarma_p1q1r2,0.13572642985224823,0,0,676
cop_0096_qvarma_p1q1r2,0.14423152983818766,0,0,719
cop_0097_qvarma_p1q1r2,0.1282714971705598,0,0,497
cop_0098_qvarma_p1q1r2,0.13222320214727884,0,0,28
cop_0099_qvarma_p1q1r2,0.12669204189685676,0,0,503
cop_0100_qvarma_p1q1r2,0.12098634290453986,0,0,930
cop_0101_qvarma_p1q1r2,0.12891418784992448,0,0,274
cop_0102_qvarma_p1q1r2,0.12278434226815807,0,0,921
cop_0103_qvarma_p1q1r2,0.12439450017132253,0,0,490
cop_0104_qvarma_p1q1r2,0.14310666790495954,0,0,768
cop_0105_qvarma_p1q1r2,0.13573255546823387,0,0,242
cop_0106_qvarma_p1q1r2,0.12297418001739963,0,0,546
cop_0107_qvarma_p1q1r2,0.12241709994581569,0,0,738
cop_0108_qvarma_p1q1r2,0.13610022568144087,0,0,707
cop_0109_qvarma_p1q1r2,0.12560230304292372,0,0,357
cop_0110_qvarma_p1q1r2,0.12949255536687013,0,0,178
cop_0111_qvarma_p1q1r2,0.13819118613535131,0,0,54
cop_0112_qvarma_p1q1r2,0.12560031416642789,0,0,216
cop_0113_qvarma_p1q1r2,0.12753631931099221,0,0,598
cop_0114_qvarma_p1q1r2,0.14387145462848422,0,0,902
cop_0115_qvarma_p1q1r2,0.13690165772964719,0,0,966
cop_0116_qvarma_p1q1r2,0.13155538021771615,0,0,946
cop_0117_qvarma_p1q1r2,0.12477642638369815,0,0,265
cop_0118_qvarma_p1q1r2,0.12719796130341399,0,0,416
cop_0119_qvarma_p1q1r2,0.13774180620459472,0,0,685
cop_0120_qvarma_p1q1r2,0.12670149911741066,0,0,360
cop_0121_qvarma_p1q1r2,0.12376532863667937,0,0,468
cop_0122_qvarma_p1q1r2,0.14009640997587125,0,0,789
cop_0123_qvarma_p1q1r2,0.13133595728318415,0,0,501
cop_0124_qvarma_p1q1r2,0.12965237347064554,0,0,8
cop_0125_qvarma_p1q1r2,0.12896231701657121,0,0,444
cop_0126_qvarma_p1q1r2,0.12906143026945446,0,0,304
cop_0127_qvarma_p1q1r2,0.13475041531228429,0,0,205
cop_0128_qvarma_p1q1r2,0.12805367175026686,0,0,572
cop_0129_qvarma_p1q1r2,0.13170375350990157,0,0,925
cop_0130_qvarma_p1q1r2,0.13208956262553137,0,0,475
cop_0131_qvarma_p1q1r2,0.12796312128235937,0,0,471
cop_0132_qvarma_p1q1r2,0.13832637264078013,0,0,619
cop_0133_qvarma_p1q1r2,0.12967702836274961,0,0,218
cop_0134_qvarma_p1q1r2,0.12328128438398371,0,0,321
cop_0135_qvarma_p1q1r2,0.12343952357599354,0,0,588
cop_0136_qvarma_p1q1r2,0.12325364928006702,0,0,837
cop_0137_qvarma_p1q1r2,0.13230595656781616,0,0,359
cop_0138_qvarma_p1q1r2,0.14010132185068216,0,0,498
cop_0139_qvarma_p1q1r2,0.12064277167736782,0,0,794
cop_0140_qvarma_p1q1r2,0.142666797988487,0,0,909
cop_0141_qvarma_p1q1r2,0.13086652878925181,0,0,124
cop_0142_qvarma_p1q1r2,0.12170292544245119,0,0,779
cop_0143_qvarma_p1q1r2,0.13337499221091167,0,0,177
cop_0144_qvarma_p1q1r2,0.13681873063406763,0,0,923
cop_0145_qvarma_p1q1r2,0.12461731541082254,0,0,844
cop_0146_qvarma_p1q1r2,0.12925411560622191,0,0,365
cop_0147_qvarma_p1q1r2,0.12397967652658694,0,0,568
cop_0148_qvarma_p1q1r2,0.11866565736569919,0.0011000000000000001,0,999
cop_0149_qvarma_p1q1r2,0.13603480649226043,0,0,447
cop_0150_qvarma_p1q1r2,0.12885316053989546,0,0,586
cop_0151_qvarma_p1q1r2,0.13091966037522554,0,0,650
cop_0152_qvarma_p1q1r2,0.12637846797265959,0,0,425
cop_0153_qvarma_p1q1r2,0.14157872476310102,0,0,983
cop_0154_qvarma_p1q1r2,0.1379330452625343,0,0,487
cop_0155_qvarma_p1q1r2,0.12953584533544013,0,0,456
cop_0156_qvarma_p1q1r2,0.12459892725699472,0,0,356
cop_0157_qvarma_p1q1r2,0.12248805571378923,0,0,986
cop_0158_qvarma_p1q1r2,0.14589278321038773,0,0,838
cop_0159_qvarma_p1q1r2,0.13162886568485349,0,0,543
cop_0160_qvarma_p1q1r2,0.14016884452055822,0,0,725
cop_0161_qvarma_p1q1r2,0.12626338640907711,0,0,673
cop_0162_qvarma_p1q1r2,0.12947948355629907,0,0,135
cop_0163_qvarma_p1q1r2,0.13578108779717771,0,0,969
cop_0164_qvarma_p1q1r2,0.1371983919426436,0,0,802
cop_0165_qvarma_p1q1r2,0.12275143891286266,0,0,419
cop_0166_qvarma_p1q1r2,0.12185638893056185,0,0,873
cop_0167_qvarma_p1q1r2,0.13353505672006455,0,0,723
cop_0168_qvarma_p1q1r2,0.13098184988850628,0,0,27
cop_0169_qvarma_p1q1r2,0.12712435191294316,0,0,105
cop_0170_qvarma_p1q1r2,0.12905119232622106,0,0,623
cop_0171_qvarma_p1q1r2,0.12676231343765015,0,0,161
cop_0172_qvarma_p1q1r2,0.12329491854852671,0,0,533
cop_0173_qvarma_p1q1r2,0.12581252795854739,0,0,565
cop_0174_qvarma_p1q1r2,0.12942428685215329,0,0,718
cop_0175_qvarma_p1q1r2,0.13061205392433572,0,0,626
cop_0176_qvarma_p1q1r2,0.13289487758635596,0,0,964
cop_0177_qvarma_p1q1r2,0.14164776180819347,0,0,187
cop_0178_qvarma_p1q1r2,0.12992847589695855,0,0,454
cop_0179_qvarma_p1q1r2,0.12536062501975012,0,0,825
cop_0180_qvarma_p1q1r2,0.12730697275543967,0,0,575
cop_0181_qvarma_p1q1r2,0.12915682855633184,0,0,750
cop_0182_qvarma_p1q1r2,0.13211370405092604,0,0,888
cop_0183_qvarma_p1q1r2,0.12485844695173706,0,0,433
cop_0184_qvarma_p1q1r2,0.13402223064300078,0,0,33
cop_0185_qvarma_p1q1r2,0.12665551657494131,0,0,154
cop_0186_qvarma_p1q1r2,0.13140792256437303,0,0,389
cop_0187_qvarma_p1q1r2,0.12772439237038785,0,0,112
cop_0188_qvarma_p1q1r2,0.13738959076319526,0,0,647
cop_0189_qvarma_p1q1r2,0.12924691108581543,0,0,17
cop_0190_qvarma_p1q1r2,0.13201632088064424,0,0,589
cop_0191_qvarma_p1q1r2,0.11816271824059081,1,1,0
cop_0192_qvarma_p1q1r2,0.13078330941688662,0,0,90
cop_0193_qvarma_p1q1r2,0.13141570131306232,0,0,264
cop_0194_qvarma_p1q1r2,0.13348350351660696,0,0,633
cop_0195_qvarma_p1q1r2,0.13238871204836875,0,0,612
cop_0196_qvarma_p1q1r2,0.12524996865279781,0,0,613
cop_0197_qvarma_p1q1r2,0.12794566403995872,0,0,720
cop_0198_qvarma_p1q1r2,0.13364174089039482,0,0,632
cop_0199_qvarma_p1q1r2,0.13883536345547381,0,0,244
cop_0200_qvarma_p1q1r2,0.12742013287509629,0,0,314
cop_0201_qvarma_p1q1r2,0.12808042731570954,0,0,373
cop_0202_qvarma_p1q1r2,0.13093614674327542,0,0,410
cop_0203_qvarma_p1q1r2,0.13444335711159788,0,0,143
cop_0204_qvarma_p1q1r2,0.12889969762207548,0,0,361
cop_0205_qvarma_p1q1r2,0.12187840205714243,0,0,547
cop_0206_qvarma_p1q1r2,0.13204146503039549,0,0,10
cop_0207_qvarma_p1q1r2,0.12987913996778094,0,0,560
cop_0208_qvarma_p1q1r2,0.13757970841737047,0,0,951
cop_0209_qvarma_p1q1r2,0.13111684766775578,0,0,3
cop_0210_qvarma_p1q1r2,0.1285961493985327,0,0,151
cop_0211_qvarma_p1q1r2,0.12249138780934142,0,0,531
cop_0212_qvarma_p1q1r2,0.13217949669169338,0,0,298
cop_0213_qvarma_p1q1r2,0.12469892340335217,0,0,682
cop_0214_qvarma_p1q1r2,0.13458458004883286,0,0,678
cop_0215_qvarma_p1q1r2,0.13310257513166854,0,0,336
cop_0216_qvarma_p1q1r2,0.1342500458900148,0,0,640
cop_0217_qvarma_p1q1r2,0.14256062030302505,0,0,896
cop_0218_qvarma_p1q1r2,0.12515016083021979,0,0,646
cop_0219_qvarma_p1q1r2,0.12885279276878048,0,0,100
cop_0220_qvarma_p1q1r2,0.12520263331290873,0,0,483
cop_0221_qvarma_p1q1r2,0.13137868160033161,0,0,793
cop_0222_qvarma_p1q1r2,0.13815353800749905,0,0,871
cop_0223_qvarma_p1q1r2,0.13456999919827409,0,0,4
cop_0224_qvarma_p1q1r2,0.12944280721078244,0,0,437
cop_0225_qvarma_p1q1r2,0.13483513876766856,0,0,327
cop_0226_qvarma_p1q1r2,0.12534352297565499,0,0,248
cop_0227_qvarma_p1q1r2,0.12953138787323548,0,0,279
cop_0228_qvarma_p1q1r2,0.12840849850317523,0,0,261
cop_0229_qvarma_p1q1r2,0.13230195206391795,0,0,340
cop_0230_qvarma_p1q1r2,0.14261985724002049,0,0,671
cop_0231_qvarma_p1q1r2,0.12363914586126934,0,0,504
cop_0232_qvarma_p1q1r2,0.12849250268599272,0,0,155
cop_0233_qvarma_p1q1r2,0.13003338417508586,0,0,46
cop_0234_qvarma_p1q1r2,0.13567229326229302,0,0,574
cop_0235_qvarma_p1q1r2,0.14293666838006694,0,0,353
cop_0236_qvarma_p1q1r2,0.12930474444208265,0,0,56
cop_0237_qvarma_p1q1r2,0.13331235069133593,0,0,224
cop_0238_qvarma_p1q1r2,0.12865398436407241,0,0,843
cop_0239_qvarma_p1q1r2,0.12784364491965267,0,0,273
cop_0240_qvarma_p1q1r2,0.12380217164687138,0,0,540
cop_0241_qvarma_p1q1r2,0.11996803878474047,0,0,993
cop_0242_qvarma_p1q1r2,0.1352631681812497,0,0,140
cop_0243_qvarma_p1q1r2,0.1378790289920645,0,0,375
cop_0244_qvarma_p1q1r2,0.13293574855332038,0,0,698
cop_0245_qvarma_p1q1r2,0.13765254132711027,0,0,408
cop_0246_qvarma_p1q1r2,0.12780605489379759,0,0,346
cop_0247_qvarma_p1q1r2,0.1326813541296436,0,0,548
cop_0248_qvarma_p1q1r2,0.13184483004459452,0,0,126
cop_0249_qvarma_p1q1r2,0.12753590982196461,0,0,114
cop_0250_qvarma_p1q1r2,0.12716823087437459,0,0,736
cop_0251_qvarma_p1q1r2,0.13846330774807938,0,0,821
cop_0252_qvarma_p1q1r2,0.12657297030361939,0,0,364
cop_0253_qvarma_p1q1r2,0.13607846053194972,0,0,617
cop_0254_qvarma_p1q1r2,0.13478792978973286,0,0,372
cop_0255_qvarma_p1q1r2,0.1298411075269463,0,0,405
cop_0256_qvarma_p1q1r2,0.12778959000027462,0,0,305
cop_0257_qvarma_p1q1r2,0.13082618235511762,0,0,256
cop_0258_qvarma_p1q1r2,0.13162946719344248,0,0,312
cop_0259_qvarma_p1q1r2,0.13062882668962525,0,0,14
cop_0260_qvarma_p1q1r2,0.13138212255587661,0,0,754
cop_0261_qvarma_p1q1r2,0.12960447558360302,0,0,29
cop_0262_qvarma_p1q1r2,0.13188564040102932,0,0,40
cop_0263_qvarma_p1q1r2,0.13355346457230691,0,0,616
cop_0264_qvarma_p1q1r2,0.12816450704975416,0,0,60
cop_0265_qvarma_p1q1r2,0.12903173410238566,0,0,971
cop_0266_qvarma_p1q1r2,0.13897244124469149,0,0,737
cop_0267_qvarma_p1q1r2,0.124321503664478,0,0,595
cop_0268_qvarma_p1q1r2,0.12730290080608597,0,0,191
cop_0269_qvarma_p1q1r2,0.12268680417016671,0,0,715
cop_0270_qvarma_p1q1r2,0.13313542202374065,0,0,269
cop_0271_qvarma_p1q1r2,0.13051999742722101,0,0,832
cop_0272_qvarma_p1q1r2,0.13643602418195921,0,0,263
cop_0273_qvarma_p1q1r2,0.12970143096639491,0,0,182
cop_0274_qvarma_p1q1r2,0.12350751527862222,0,0,709
cop_0275_qvarma_p1q1r2,0.13198960353468467,0,0,426
cop_0276_qvarma_p1q1r2,0.13646123811051558,0,0,142
cop_0277_qvarma_p1q1r2,0.12711645325504403,0,0,604
cop_0278_qvarma_p1q1r2,0.13525151177614927,0,0,952
cop_0279_qvarma_p1q1r2,0.13964805925864826,0,0,945
cop_0280_qvarma_p1q1r2,0.12976454495269898,0,0,354
cop_0281_qvarma_p1q1r2,0.12240561123855027,0,0,643
cop_0282_qvarma_p1q1r2,0.12677589748071322,0,0,107
cop_0283_qvarma_p1q1r2,0.13650818230010203,0,0,665
cop_0284_qvarma_p1q1r2,0.13241826866059769,0,0,810
cop_0285_qvarma_p1q1r2,0.12246143011592998,0,0,655
cop_0286_qvarma_p1q1r2,0.13763717349152882,0,0,956
cop_0287_qvarma_p1q1r2,0.13661026954051755,0,0,851
cop_0288_qvarma_p1q1r2,0.1276431242154881,0,0,984
cop_0289_qvarma_p1q1r2,0.1276069626244361,0,0,452
cop_0290_qvarma_p1q1r2,0.13773207570650614,0,0,944
cop_0291_qvarma_p1q1r2,0.14039335159108637,0,0,963
cop_0292_qvarma_p1q1r2,0.12907843618105244,0,0,824
cop_0293_qvarma_p1q1r2,0.1325764369201127,0,0,466
cop_0294_qvarma_p1q1r2,0.13775734975057724,0,0,294
cop_0295_qvarma_p1q1r2,0.13373741735023098,0,0,506
cop_0296_qvarma_p1q1r2,0.13385213248181099,0,0,567
cop_0297_qvarma_p1q1r2,0.13046258344200592,0,0,197
cop_0298_qvarma_p1q1r2,0.12285852070681165,0,0,478
cop_0299_qvarma_p1q1r2,0.12235399750573611,0,0,607
cop_0300_qvarma_p1q1r2,0.14129328433821212,0,0,814
cop_0301_qvarma_p1q1r2,0.13149265937882618,0,0,918
cop_0302_qvarma_p1q1r2,0.12708262222621719,0,0,277
cop_0303_qvarma_p1q1r2,0.12964986876535833,0,0,418
cop_0304_qvarma_p1q1r2,0.12993014500358216,0,0,30
cop_0305_qvarma_p1q1r2,0.14744319781337745,0,0,929
cop_0306_qvarma_p1q1r2,0.12994590440874013,0,0,414
cop_0307_qvarma_p1q1r2,0.1287996249601058,0,0,52
cop_0308_qvarma_p1q1r2,0.14167381452762148,0,0,749
cop_0309_qvarma_p1q1r2,0.13025591240526949,0,0,870
cop_0310_qvarma_p1q1r2,0.1276277496547398,0,0,108
cop_0311_qvarma_p1q1r2,0.13181878018908269,0,0,811
cop_0312_qvarma_p1q1r2,0.12580034520705197,0,0,819
cop_0313_qvarma_p1q1r2,0.13026171302509928,0,0,968
cop_0314_qvarma_p1q1r2,0.13694265215211185,0,0,618
cop_0315_qvarma_p1q1r2,0.14370335370465218,0,0,153
cop_0316_qvarma_p1q1r2,0.12703617856433411,0,0,666
cop_0317_qvarma_p1q1r2,0.12417872410643047,0,0,781
cop_0318_qvarma_p1q1r2,0.12766830251470274,0,0,489
cop_0319_qvarma_p1q1r2,0.12807285532063456,0,0,193
cop_0320_qvarma_p1q1r2,0.12549842456714405,0,0,386
cop_0321_qvarma_p1q1r2,0.12728045412023861,0,0,492
cop_0322_qvarma_p1q1r2,0.13783595700210313,0,0,960
cop_0323_qvarma_p1q1r2,0.13565623730584073,0,0,287
cop_0324_qvarma_p1q1r2,0.14448849264303806,0,0,917
cop_0325_qvarma_p1q1r2,0.13521757255415764,0,0,520
cop_0326_qvarma_p1q1r2,0.14937760267109465,0,0,931
cop_0327_qvarma_p1q1r2,0.13870796499371177,0,0,528
cop_0328_qvarma_p1q1r2,0.13633088072529803,0,0,728
cop_0329_qvarma_p1q1r2,0.12938914539674939,0,0,208
cop_0330_qvarma_p1q1r2,0.1271321096131128,0,0,266
cop_0331_qvarma_p1q1r2,0.12673384448870972,0,0,227
cop_0332_qvarma_p1q1r2,0.13200158031961584,0,0,301
cop_0333_qvarma_p1q1r2,0.14846576961479954,0,0,933
cop_0334_qvarma_p1q1r2,0.12951159778193422,0,0,585
cop_0335_qvarma_p1q1r2,0.12458656890194614,0,0,530
cop_0336_qvarma_p1q1r2,0.13167630139816885,0,0,477
cop_0337_qvarma_p1q1r2,0.12757122736202869,0,0,132
cop_0338_qvarma_p1q1r2,0.13284098422351159,0,0,446
cop_0339_qvarma_p1q1r2,0.13120813057845893,0,0,302
cop_0340_qvarma_p1q1r2,0.12832983987742438,0,0,840
cop_0341_qvarma_p1q1r2,0.13255291618320436,0,0,891
cop_0342_qvarma_p1q1r2,0.13011421280177685,0,0,629
cop_0343_qvarma_p1q1r2,0.12512292678941808,0,0,344
cop_0344_qvarma_p1q1r2,0.12811252970045617,0,0,476
cop_0345_qvarma_p1q1r2,0.12791338819207329,0,0,99
cop_0346_qvarma_p1q1r2,0.12863901078056345,0,0,362
cop_0347_qvarma_p1q1r2,0.12101369740204442,0,0,890
cop_0348_qvarma_p1q1r2,0.12490576646735851,0,0,246
cop_0349_qvarma_p1q1r2,0.12683903535021465,0,0,160
cop_0350_qvarma_p1q1r2,0.12446545615563892,0,0,759
cop_0351_qvarma_p1q1r2,0.12317656615171027,0,0,499
cop_0352_qvarma_p1q1r2,0.12602080921398096,0,0,300
cop_0353_qvarma_p1q1r2,0.12364287802403817,0,0,566
cop_0354_qvarma_p1q1r2,0.16036862929090193,0,0,897
cop_0355_qvarma_p1q1r2,0.13839456971787714,0,0,290
cop_0356_qvarma_p1q1r2,0.12411017966282425,0,0,767
cop_0357_qvarma_p1q1r2,0.13238542845663456,0,0,329
cop_0358_qvarma_p1q1r2,0.12752781043381267,0,0,721
cop_0359_qvarma_p1q1r2,0.13027651466884721,0,0,467
cop_0360_qvarma_p1q1r2,0.13572767241347367,0,0,849
cop_0361_qvarma_p1q1r2,0.12691061617452024,0,0,494
cop_0362_qvarma_p1q1r2,0.13898367499147585,0,0,684
cop_0363_qvarma_p1q1r2,0.13315561715527505,0,0,659
cop_0364_qvarma_p1q1r2,0.12502392585743696,0,0,429
cop_0365_qvarma_p1q1r2,0.13717901948522998,0,0,943
cop_0366_qvarma_p1q1r2,0.13376140594599673,0,0,590
cop_0367_qvarma_p1q1r2,0.12346591210692236,0,0,443
cop_0368_qvarma_p1q1r2,0.12363035498460041,0,0,756
cop_0369_qvarma_p1q1r2,0.12467072495955836,0,0,472
cop_0370_qvarma_p1q1r2,0.13135415239830139,0,0,397
cop_0371_qvarma_p1q1r2,0.13709977350073432,0,0,726
cop_0372_qvarma_p1q1r2,0.13943272931917489,0,0,876
cop_0373_qvarma_p1q1r2,0.12710716118742968,0,0,706
cop_0374_qvarma_p1q1r2,0.12510994350677948,0,0,537
cop_0375_qvarma_p1q1r2,0.14980793674398735,0,0,717
cop_0376_qvarma_p1q1r2,0.1302959313258536,0,0,555
cop_0377_qvarma_p1q1r2,0.12573462594366525,0,0,351
cop_0378_qvarma_p1q1r2,0.13212525725463739,0,0,435
cop_0379_qvarma_p1q1r2,0.12753986218941166,0,0,184
cop_0380_qvarma_p1q1r2,0.13749313105843525,0,0,978
cop_0381_qvarma_p1q1r2,0.13544097830548116,0,0,705
cop_0382_qvarma_p1q1r2,0.1256414857576991,0,0,119
cop_0383_qvarma_p1q1r2,0.13003076131965713,0,0,281
cop_0384_qvarma_p1q1r2,0.13638801452327246,0,0,868
cop_0385_qvarma_p1q1r2,0.13102303255179981,0,0,34
cop_0386_qvarma_p1q1r2,0.12740847328251739,0,0,368
cop_0387_qvarma_p1q1r2,0.13504387997232301,0,0,173
cop_0388_qvarma_p1q1r2,0.12946557634851102,0,0,233
cop_0389_qvarma_p1q1r2,0.13055851868523533,0,0,231
cop_0390_qvarma_p1q1r2,0.12942740874540859,0,0,577
cop_0391_qvarma_p1q1r2,0.12984952081343304,0,0,412
cop_0392_qvarma_p1q1r2,0.13195788312593343,0,0,186
cop_0393_qvarma_p1q1r2,0.13061467247157535,0,0,438
cop_0394_qvarma_p1q1r2,0.14096122980592721,0,0,313
cop_0395_qvarma_p1q1r2,0.12578799007739042,0,0,252
cop_0396_qvarma_p1q1r2,0.12844828719191184,0,0,455
cop_0397_qvarma_p1q1r2,0.12184320258045039,0,0,648
cop_0398_qvarma_p1q1r2,0.14625397655801009,0,0,936
cop_0399_qvarma_p1q1r2,0.12547027466172264,0,0,611
cop_0400_qvarma_p1q1r2,0.12679144669573197,0,0,250
cop_0401_qvarma_p1q1r2,0.13334015494359022,0,0,764
cop_0402_qvarma_p1q1r2,0.12899420156167027,0,0,47
cop_0403_qvarma_p1q1r2,0.13482392468214302,0,0,201
cop_0404_qvarma_p1q1r2,0.14051014798141961,0,0,972
cop_0405_qvarma_p1q1r2,0.14212568822367946,0,0,883
cop_0406_qvarma_p1q1r2,0.13015278057611784,0,0,31
cop_0407_qvarma_p1q1r2,0.12846839601596621,0,0,448
cop_0408_qvarma_p1q1r2,0.12535450840885104,0,0,345
cop_0409_qvarma_p1q1r2,0.12847782551803857,0,0,865
cop_0410_qvarma_p1q1r2,0.1191946715334623,0,0,996
cop_0411_qvarma_p1q1r2,0.13019955758397822,0,0,116
cop_0412_qvarma_p1q1r2,0.13009264140896215,0,0,382
cop_0413_qvarma_p1q1r2,0.12418577969877119,0,0,403
cop_0414_qvarma_p1q1r2,0.13694279301837586,0,0,44
cop_0415_qvarma_p1q1r2,0.14052604046936157,0,0,920
cop_0416_qvarma_p1q1r2,0.13812753134485109,0,0,235
cop_0417_qvarma_p1q1r2,0.12852265190998774,0,0,284
cop_0418_qvarma_p1q1r2,0.13889111480621857,0,0,908
cop_0419_qvarma_p1q1r2,0.13853923668629048,0,0,949
cop_0420_qvarma_p1q1r2,0.13884187379013929,0,0,536
cop_0421_qvarma_p1q1r2,0.13050824698546651,0,0,16
cop_0422_qvarma_p1q1r2,0.12598149393318961,0,0,880
cop_0423_qvarma_p1q1r2,0.12459306955539723,0,0,309
cop_0424_qvarma_p1q1r2,0.12287423947153629,0,0,696
cop_0425_qvarma_p1q1r2,0.13189391558356311,0,0,370
cop_0426_qvarma_p1q1r2,0.12637366121435459,0,0,583
cop_0427_qvarma_p1q1r2,0.13200341806062291,0,0,635
cop_0428_qvarma_p1q1r2,0.12399300659958272,0,0,552
cop_0429_qvarma_p1q1r2,0.12051254621724017,0,0,997
cop_0430_qvarma_p1q1r2,0.12877945308711136,0,0,93
cop_0431_qvarma_p1q1r2,0.13878328588409772,0,0,335
cop_0432_qvarma_p1q1r2,0.12637487467886124,0,0,491
cop_0433_qvarma_p1q1r2,0.12981542949021682,0,0,374
cop_0434_qvarma_p1q1r2,0.14017710102188033,0,0,955
cop_0435_qvarma_p1q1r2,0.1258662162371863,0,0,556
cop_0436_qvarma_p1q1r2,0.12783786488064511,0,0,710
cop_0437_qvarma_p1q1r2,0.12048307019938782,0,0,961
cop_0438_qvarma_p1q1r2,0.13231573184027143,0,0,349
cop_0439_qvarma_p1q1r2,0.12635165536590778,0,0,307
cop_0440_qvarma_p1q1r2,0.12971847527553362,0,0,505
cop_0441_qvarma_p1q1r2,0.12843935338424914,0,0,638
cop_0442_qvarma_p1q1r2,0.13086736636526064,0,0,517
cop_0443_qvarma_p1q1r2,0.12679530658727411,0,0,145
cop_0444_qvarma_p1q1r2,0.12677192626285494,0,0,502
cop_0445_qvarma_p1q1r2,0.13002823814730144,0,0,163
cop_0446_qvarma_p1q1r2,0.13062777717348928,0,0,198
cop_0447_qvarma_p1q1r2,0.13485712806324102,0,0,679
cop_0448_qvarma_p1q1r2,0.13134790686790185,0,0,24
cop_0449_qvarma_p1q1r2,0.13136014427851719,0,0,7
cop_0450_qvarma_p1q1r2,0.12720396852055166,0,0,430
cop_0451_qvarma_p1q1r2,0.1375321720671428,0,0,940
cop_0452_qvarma_p1q1r2,0.13085664099702141,0,0,578
cop_0453_qvarma_p1q1r2,0.12604425505701433,0,0,423
cop_0454_qvarma_p1q1r2,0.1301527332270023,0,0,390
cop_0455_qvarma_p1q1r2,0.13200785146558267,0,0,859
cop_0456_qvarma_p1q1r2,0.14090451167106074,0,0,657
cop_0457_qvarma_p1q1r2,0.12422891916080514,0,0,495
cop_0458_qvarma_p1q1r2,0.1261445693723165,0,0,670
cop_0459_qvarma_p1q1r2,0.12640228858419691,0,0,174
cop_0460_qvarma_p1q1r2,0.12469311301500809,0,0,516
cop_0461_qvarma_p1q1r2,0.13142699026367219,0,0,127
cop_0462_qvarma_p1q1r2,0.13062462431622046,0,0,210
cop_0463_qvarma_p1q1r2,0.13640610745816026,0,0,769
cop_0464_qvarma_p1q1r2,0.13365152852718726,0,0,818
cop_0465_qvarma_p1q1r2,0.12686413165499366,0,0,134
cop_0466_qvarma_p1q1r2,0.12411099724671366,0,0,379
cop_0467_qvarma_p1q1r2,0.12745578498793361,0,0,158
cop_0468_qvarma_p1q1r2,0.1327292474599088,0,0,1
cop_0469_qvarma_p1q1r2,0.12671466531714831,0,0,534
cop_0470_qvarma_p1q1r2,0.12844763326887573,0,0,136
cop_0471_qvarma_p1q1r2,0.13290212882265531,0,0,282
cop_0472_qvarma_p1q1r2,0.13605488445926731,0,0,985
cop_0473_qvarma_p1q1r2,0.13245323963261274,0,0,75
cop_0474_qvarma_p1q1r2,0.12688186448444724,0,0,257
cop_0475_qvarma_p1q1r2,0.13245519027069527,0,0,350
cop_0476_qvarma_p1q1r2,0.12743031767833526,0,0,82
cop_0477_qvarma_p1q1r2,0.12617164577725759,0,0,692
cop_0478_qvarma_p1q1r2,0.12164868406871122,0,0,784
cop_0479_qvarma_p1q1r2,0.12421905214049882,0,0,500
cop_0480_qvarma_p1q1r2,0.12833291944344963,0,0,427
cop_0481_qvarma_p1q1r2,0.12376842002501107,0,0,729
cop_0482_qvarma_p1q1r2,0.130303901985722,0,0,514
cop_0483_qvarma_p1q1r2,0.13336954969396644,0,0,268
cop_0484_qvarma_p1q1r2,0.13130136029918521,0,0,813
cop_0485_qvarma_p1q1r2,0.13805207760526711,0,0,839
cop_0486_qvarma_p1q1r2,0.13510166914071114,0,0,727
cop_0487_qvarma_p1q1r2,0.14042231736535457,0,0,885
cop_0488_qvarma_p1q1r2,0.1425824455446166,0,0,842
cop_0489_qvarma_p1q1r2,0.12996257721390411,0,0,146
cop_0490_qvarma_p1q1r2,0.13347717087760855,0,0,862
cop_0491_qvarma_p1q1r2,0.13496140533402007,0,0,674
cop_0492_qvarma_p1q1r2,0.13664547571911734,0,0,989
cop_0493_qvarma_p1q1r2,0.12786842453225056,0,0,78
cop_0494_qvarma_p1q1r2,0.12445321273446806,0,0,550
cop_0495_qvarma_p1q1r2,0.12772969184215927,0,0,319
cop_0496_qvarma_p1q1r2,0.13248786606948715,0,0,817
cop_0497_qvarma_p1q1r2,0.13222148730319846,0,0,496
cop_0498_qvarma_p1q1r2,0.12686608469821029,0,0,409
cop_0499_qvarma_p1q1r2,0.13106262595499582,0,0,453
cop_0500_qvarma_p1q1r2,0.12297974181930259,0,0,535
cop_0501_qvarma_p1q1r2,0.12729300112353234,0,0,383
cop_0502_qvarma_p1q1r2,0.1241285061051067,0,0,317
cop_0503_qvarma_p1q1r2,0.12305521885124431,0,0,748
cop_0504_qvarma_p1q1r2,0.13146146417195934,0,0,61
cop_0505_qvarma_p1q1r2,0.12892432900477721,0,0,64
cop_0506_qvarma_p1q1r2,0.13308806174144547,0,0,906
cop_0507_qvarma_p1q1r2,0.13774143112688345,0,0,990
cop_0508_qvarma_p1q1r2,0.13330659210291315,0,0,55
cop_0509_qvarma_p1q1r2,0.1289318036335472,0,0,745
cop_0510_qvarma_p1q1r2,0.12205947433070909,0,0,507
cop_0511_qvarma_p1q1r2,0.1424227917987502,0,0,746
cop_0512_qvarma_p1q1r2,0.12802078374818562,0,0,88
cop_0513_qvarma_p1q1r2,0.12330655216022572,0,0,668
cop_0514_qvarma_p1q1r2,0.12576228503646386,0,0,190
cop_0515_qvarma_p1q1r2,0.1297946626094687,0,0,332
cop_0516_qvarma_p1q1r2,0.1247085305982167,0,0,527
cop_0517_qvarma_p1q1r2,0.13219217367773692,0,0,687
cop_0518_qvarma_p1q1r2,0.13206854540452387,0,0,782
cop_0519_qvarma_p1q1r2,0.11970403668357159,0,0,954
cop_0520_qvarma_p1q1r2,0.12470663967369423,0,0,395
cop_0521_qvarma_p1q1r2,0.13166574650584625,0,0,299
cop_0522_qvarma_p1q1r2,0.13031250056345875,0,0,827
cop_0523_qvarma_p1q1r2,0.12548433233744161,0,0,247
cop_0524_qvarma_p1q1r2,0.12693271648124266,0,0,181
cop_0525_qvarma_p1q1r2,0.13376072197470981,0,0,938
cop_0526_qvarma_p1q1r2,0.12634026159923153,0,0,553
cop_0527_qvarma_p1q1r2,0.12331328919593237,0,0,581
cop_0528_qvarma_p1q1r2,0.13379743932773228,0,0,775
cop_0529_qvarma_p1q1r2,0.12712944882097466,0,0,432
cop_0530_qvarma_p1q1r2,0.13858036892940415,0,0,854
cop_0531_qvarma_p1q1r2,0.12627005695193352,0,0,417
cop_0532_qvarma_p1q1r2,0.14358791450030972,0,0,991
cop_0533_qvarma_p1q1r2,0.12448214798741877,0,0,441
cop_0534_qvarma_p1q1r2,0.12125003716798072,0,0,704
cop_0535_qvarma_p1q1r2,0.14914587165041815,0,0,820
cop_0536_qvarma_p1q1r2,0.13082162004101122,0,0,236
cop_0537_qvarma_p1q1r2,0.13120450751385587,0,0,328
cop_0538_qvarma_p1q1r2,0.12248921179721506,0,0,591
cop_0539_qvarma_p1q1r2,0.13667169624124648,0,0,927
cop_0540_qvarma_p1q1r2,0.13298066265158962,0,0,667
cop_0541_qvarma_p1q1r2,0.12909242464742851,0,0,399
cop_0542_qvarma_p1q1r2,0.12673407385119079,0,0,280
cop_0543_qvarma_p1q1r2,0.13588213511595185,0,0,861
cop_0544_qvarma_p1q1r2,0.13179958676505996,0,0,734
cop_0545_qvarma_p1q1r2,0.13676777252218186,0,0,980
cop_0546_qvarma_p1q1r2,0.13346737944450099,0,0,297
cop_0547_qvarma_p1q1r2,0.12836501527979646,0,0,311
cop_0548_qvarma_p1q1r2,0.13939167936564442,0,0,526
cop_0549_qvarma_p1q1r2,0.14578130173372569,0,0,449
cop_0550_qvarma_p1q1r2,0.1446924257015044,0,0,788
cop_0551_qvarma_p1q1r2,0.13179867293637962,0,0,523
cop_0552_qvarma_p1q1r2,0.12474153019867149,0,0,747
cop_0553_qvarma_p1q1r2,0.12559370912303108,0,0,237
cop_0554_qvarma_p1q1r2,0.12281931518548263,0,0,376
cop_0555_qvarma_p1q1r2,0.12668379586960746,0,0,109
cop_0556_qvarma_p1q1r2,0.12963481532122162,0,0,330
cop_0557_qvarma_p1q1r2,0.13661403588430007,0,0,914
cop_0558_qvarma_p1q1r2,0.13306940966669048,0,0,561
cop_0559_qvarma_p1q1r2,0.14796780010152713,0,0,941
cop_0560_qvarma_p1q1r2,0.14621498311662115,0,0,942
cop_0561_qvarma_p1q1r2,0.13164211180254368,0,0,743
cop_0562_qvarma_p1q1r2,0.13086080623850613,0,0,128
cop_0563_qvarma_p1q1r2,0.1371758913846621,0,0,731
cop_0564_qvarma_p1q1r2,0.13165655738224474,0,0,934
cop_0565_qvarma_p1q1r2,0.12859593355911558,0,0,53
cop_0566_qvarma_p1q1r2,0.1265255680065028,0,0,239
cop_0567_qvarma_p1q1r2,0.13741205075888324,0,0,965
cop_0568_qvarma_p1q1r2,0.12622388039043286,0,0,675
cop_0569_qvarma_p1q1r2,0.1416961071532048,0,0,950
cop_0570_qvarma_p1q1r2,0.12709270220721117,0,0,465
cop_0571_qvarma_p1q1r2,0.12880136870335945,0,0,450
cop_0572_qvarma_p1q1r2,0.13331207826471475,0,0,622
cop_0573_qvarma_p1q1r2,0.13812355714894697,0,0,815
cop_0574_qvarma_p1q1r2,0.1265441832928158,0,0,258
cop_0575_qvarma_p1q1r2,0.12671670417918321,0,0,149
cop_0576_qvarma_p1q1r2,0.12925546730939247,0,0,695
cop_0577_qvarma_p1q1r2,0.12413379721591229,0,0,662
cop_0578_qvarma_p1q1r2,0.14010289770265413,0,0,765
cop_0579_qvarma_p1q1r2,0.13163495174709022,0,0,221
cop_0580_qvarma_p1q1r2,0.13710907184176582,0,0,907
cop_0581_qvarma_p1q1r2,0.12691937736459347,0,0,378
cop_0582_qvarma_p1q1r2,0.13445770967407933,0,0,606
cop_0583_qvarma_p1q1r2,0.14765426290806596,0,0,981
cop_0584_qvarma_p1q1r2,0.13534531054473836,0,0,798
cop_0585_qvarma_p1q1r2,0.13297918006149839,0,0,642
cop_0586_qvarma_p1q1r2,0.12878979839110641,0,0,168
cop_0587_qvarma_p1q1r2,0.12860225112807266,0,0,700
cop_0588_qvarma_p1q1r2,0.12908571260867291,0,0,283
cop_0589_qvarma_p1q1r2,0.1342586789182201,0,0,935
cop_0590_qvarma_p1q1r2,0.12974888917936381,0,0,129
cop_0591_qvarma_p1q1r2,0.13492452805109945,0,0,776
cop_0592_qvarma_p1q1r2,0.12695462706769042,0,0,593
cop_0593_qvarma_p1q1r2,0.12825252793569719,0,0,639
cop_0594_qvarma_p1q1r2,0.12820239948897227,0,0,809
cop_0595_qvarma_p1q1r2,0.12629332660137363,0,0,180
cop_0596_qvarma_p1q1r2,0.12235614880120969,0,0,630
cop_0597_qvarma_p1q1r2,0.12621709658056032,0,0,232
cop_0598_qvarma_p1q1r2,0.12234693237054582,0,0,515
cop_0599_qvarma_p1q1r2,0.12766124893443345,0,0,806
cop_0600_qvarma_p1q1r2,0.12657835894290601,0,0,275
cop_0601_qvarma_p1q1r2,0.13257139123239933,0,0,937
cop_0602_qvarma_p1q1r2,0.13042398119320575,0,0,751
cop_0603_qvarma_p1q1r2,0.12882558543104028,0,0,118
cop_0604_qvarma_p1q1r2,0.12692943597589182,0,0,571
cop_0605_qvarma_p1q1r2,0.13640656708370164,0,0,697
cop_0606_qvarma_p1q1r2,0.13552472882222352,0,0,967
cop_0607_qvarma_p1q1r2,0.14657808529930444,0,0,901
cop_0608_qvarma_p1q1r2,0.12954403926276917,0,0,77
cop_0609_qvarma_p1q1r2,0.13830395430089432,0,0,812
cop_0610_qvarma_p1q1r2,0.13726755882879449,0,0,887
cop_0611_qvarma_p1q1r2,0.12720726455449896,0,0,200
cop_0612_qvarma_p1q1r2,0.13124477204133694,0,0,39
cop_0613_qvarma_p1q1r2,0.13391384817109564,0,0,138
cop_0614_qvarma_p1q1r2,0.13086306223675004,0,0,413
cop_0615_qvarma_p1q1r2,0.12824810276867796,0,0,220
cop_0616_qvarma_p1q1r2,0.13218986225952176,0,0,310
cop_0617_qvarma_p1q1r2,0.13021214195472522,0,0,91
cop_0618_qvarma_p1q1r2,0.13761451966027494,0,0,919
cop_0619_qvarma_p1q1r2,0.12864611865494271,0,0,83
cop_0620_qvarma_p1q1r2,0.12645368987378561,0,0,223
cop_0621_qvarma_p1q1r2,0.13719876507493312,0,0,42
cop_0622_qvarma_p1q1r2,0.12455210052558639,0,0,689
cop_0623_qvarma_p1q1r2,0.1319588659007021,0,0,342
cop_0624_qvarma_p1q1r2,0.12731358085074376,0,0,188
cop_0625_qvarma_p1q1r2,0.13010793022920611,0,0,470
cop_0626_qvarma_p1q1r2,0.1360380004914685,0,0,881
cop_0627_qvarma_p1q1r2,0.12976921111277584,0,0,121
cop_0628_qvarma_p1q1r2,0.1225660473511383,0,0,660
cop_0629_qvarma_p1q1r2,0.12581265364565553,0,0,147
cop_0630_qvarma_p1q1r2,0.13068428810330399,0,0,763
cop_0631_qvarma_p1q1r2,0.13093225405586284,0,0,628
cop_0632_qvarma_p1q1r2,0.12813026723365076,0,0,393
cop_0633_qvarma_p1q1r2,0.13506645456661218,0,0,326
cop_0634_qvarma_p1q1r2,0.12357220970776077,0,0,320
cop_0635_qvarma_p1q1r2,0.12843874406199496,0,0,333
cop_0636_qvarma_p1q1r2,0.13506331448535419,0,0,893
cop_0637_qvarma_p1q1r2,0.15969020003297194,0,0,833
cop_0638_qvarma_p1q1r2,0.13112227418978595,0,0,797
cop_0639_qvarma_p1q1r2,0.13121412334354415,0,0,573
cop_0640_qvarma_p1q1r2,0.12859680409640198,0,0,808
cop_0641_qvarma_p1q1r2,0.12711876509098977,0,0,92
cop_0642_qvarma_p1q1r2,0.12295889159400475,0,0,519
cop_0643_qvarma_p1q1r2,0.12780610734018516,0,0,104
cop_0644_qvarma_p1q1r2,0.12709542268215993,0,0,192
cop_0645_qvarma_p1q1r2,0.12776582390232133,0,0,81
cop_0646_qvarma_p1q1r2,0.12721696254527212,0,0,85
cop_0647_qvarma_p1q1r2,0.12657362186928137,0,0,94
cop_0648_qvarma_p1q1r2,0.13769758796772871,0,0,522
cop_0649_qvarma_p1q1r2,0.12921975895917839,0,0,879
cop_0650_qvarma_p1q1r2,0.12613664748883938,0,0,209
cop_0651_qvarma_p1q1r2,0.14207672753988987,0,0,863
cop_0652_qvarma_p1q1r2,0.12340485689640644,0,0,601
cop_0653_qvarma_p1q1r2,0.12795094253301459,0,0,133
cop_0654_qvarma_p1q1r2,0.12500508347604852,0,0,724
cop_0655_qvarma_p1q1r2,0.12894813628226318,0,0,176
cop_0656_qvarma_p1q1r2,0.12999417182434467,0,0,19
cop_0657_qvarma_p1q1r2,0.13585939392154733,0,0,74
cop_0658_qvarma_p1q1r2,0.13083020750036578,0,0,835
cop_0659_qvarma_p1q1r2,0.12904049989485231,0,0,211
cop_0660_qvarma_p1q1r2,0.12179437898390313,0,0,649
cop_0661_qvarma_p1q1r2,0.12403508454831898,0,0,658
cop_0662_qvarma_p1q1r2,0.1315300345923047,0,0,36
cop_0663_qvarma_p1q1r2,0.1303608532714042,0,0,431
cop_0664_qvarma_p1q1r2,0.12510868921161478,0,0,377
cop_0665_qvarma_p1q1r2,0.12287911099118161,0,0,757
cop_0666_qvarma_p1q1r2,0.12955636779152557,0,0,62
cop_0667_qvarma_p1q1r2,0.12818285294768,0,0,753
cop_0668_qvarma_p1q1r2,0.12878685263490683,0,0,241
cop_0669_qvarma_p1q1r2,0.13214713611066789,0,0,32
cop_0670_qvarma_p1q1r2,0.13534452930208679,0,0,683
cop_0671_qvarma_p1q1r2,0.12895661343197409,0,0,411
cop_0672_qvarma_p1q1r2,0.14209601373840836,0,0,159
cop_0673_qvarma_p1q1r2,0.12532953698988425,0,0,355
cop_0674_qvarma_p1q1r2,0.14321664173364071,0,0,564
cop_0675_qvarma_p1q1r2,0.13427314307014301,0,0,669
cop_0676_qvarma_p1q1r2,0.12931694619252637,0,0,524
cop_0677_qvarma_p1q1r2,0.13703743559973267,0,0,957
cop_0678_qvarma_p1q1r2,0.12978630713115638,0,0,23
cop_0679_qvarma_p1q1r2,0.1478923980939737,0,0,752
cop_0680_qvarma_p1q1r2,0.13102569993258231,0,0,5
cop_0681_qvarma_p1q1r2,0.13012591580327457,0,0,217
cop_0682_qvarma_p1q1r2,0.13062648447020359,0,0,139
cop_0683_qvarma_p1q1r2,0.1263470437228327,0,0,404
cop_0684_qvarma_p1q1r2,0.12378482670531317,0,0,463
cop_0685_qvarma_p1q1r2,0.12631178327238321,0,0,636
cop_0686_qvarma_p1q1r2,0.1265757129697932,0,0,866
cop_0687_qvarma_p1q1r2,0.13007405668511787,0,0,43
cop_0688_qvarma_p1q1r2,0.1340270363860023,0,0,318
cop_0689_qvarma_p1q1r2,0.12321360118883452,0,0,730
cop_0690_qvarma_p1q1r2,0.13589907793101658,0,0,521
cop_0691_qvarma_p1q1r2,0.1226087429554623,0,0,702
cop_0692_qvarma_p1q1r2,0.13222921602722851,0,0,445
cop_0693_qvarma_p1q1r2,0.12905764324778543,0,0,66
cop_0694_qvarma_p1q1r2,0.12591646564855255,0,0,563
cop_0695_qvarma_p1q1r2,0.13185477826131151,0,0,422
cop_0696_qvarma_p1q1r2,0.12861959345147553,0,0,544
cop_0697_qvarma_p1q1r2,0.12965777666530301,0,0,473
cop_0698_qvarma_p1q1r2,0.13842564937623331,0,0,582
cop_0699_qvarma_p1q1r2,0.13039985021410494,0,0,823
cop_0700_qvarma_p1q1r2,0.13289028377694276,0,0,26
cop_0701_qvarma_p1q1r2,0.13631455126371472,0,0,852
cop_0702_qvarma_p1q1r2,0.12144710207853789,0,0,603
cop_0703_qvarma_p1q1r2,0.13033210908566681,0,0,860
cop_0704_qvarma_p1q1r2,0.1305661096303839,0,0,87
cop_0705_qvarma_p1q1r2,0.1319103118920516,0,0,694
cop_0706_qvarma_p1q1r2,0.1345565978860862,0,0,801
cop_0707_qvarma_p1q1r2,0.12526023998137947,0,0,644
cop_0708_qvarma_p1q1r2,0.12016396098624275,0,0,899
cop_0709_qvarma_p1q1r2,0.14145630554226543,0,0,579
cop_0710_qvarma_p1q1r2,0.13081471994242072,0,0,511
cop_0711_qvarma_p1q1r2,0.13215415880297102,0,0,609
cop_0712_qvarma_p1q1r2,0.12713145745238899,0,0,541
cop_0713_qvarma_p1q1r2,0.12810228138733856,0,0,37
cop_0714_qvarma_p1q1r2,0.13185282858067796,0,0,525
cop_0715_qvarma_p1q1r2,0.12557585592303358,0,0,627
cop_0716_qvarma_p1q1r2,0.13143971174813307,0,0,958
cop_0717_qvarma_p1q1r2,0.11966530505898694,0,0,995
cop_0718_qvarma_p1q1r2,0.13107171112558277,0,0,51
cop_0719_qvarma_p1q1r2,0.13480878489739145,0,0,645
cop_0720_qvarma_p1q1r2,0.12192085187099545,0,0,829
cop_0721_qvarma_p1q1r2,0.13931685971325333,0,0,857
cop_0722_qvarma_p1q1r2,0.13279232648118519,0,0,826
cop_0723_qvarma_p1q1r2,0.1302532758083301,0,0,253
cop_0724_qvarma_p1q1r2,0.13038976790838014,0,0,440
cop_0725_qvarma_p1q1r2,0.12596441387015339,0,0,170
cop_0726_qvarma_p1q1r2,0.12879114622573323,0,0,795
cop_0727_qvarma_p1q1r2,0.12457836784647561,0,0,384
cop_0728_qvarma_p1q1r2,0.12777326264833891,0,0,206
cop_0729_qvarma_p1q1r2,0.12857825461345418,0,0,84
cop_0730_qvarma_p1q1r2,0.13224473137551709,0,0,50
cop_0731_qvarma_p1q1r2,0.12475158402961498,0,0,363
cop_0732_qvarma_p1q1r2,0.1331589019754171,0,0,339
cop_0733_qvarma_p1q1r2,0.12903377664634047,0,0,424
cop_0734_qvarma_p1q1r2,0.14131645743791157,0,0,462
cop_0735_qvarma_p1q1r2,0.1275134543894906,0,0,680
cop_0736_qvarma_p1q1r2,0.12841846325049938,0,0,988
cop_0737_qvarma_p1q1r2,0.13855429449855719,0,0,243
cop_0738_qvarma_p1q1r2,0.13202395277510148,0,0,394
cop_0739_qvarma_p1q1r2,0.13097185611222198,0,0,194
cop_0740_qvarma_p1q1r2,0.12878209036654392,0,0,509
cop_0741_qvarma_p1q1r2,0.12706306197792303,0,0,97
cop_0742_qvarma_p1q1r2,0.12608155670075472,0,0,822
cop_0743_qvarma_p1q1r2,0.12988747672136519,0,0,656
cop_0744_qvarma_p1q1r2,0.1296112257087963,0,0,13
cop_0745_qvarma_p1q1r2,0.12862915211556986,0,0,48
cop_0746_qvarma_p1q1r2,0.12836802333537867,0,0,45
cop_0747_qvarma_p1q1r2,0.13254630755483493,0,0,799
cop_0748_qvarma_p1q1r2,0.124508180470177,0,0,512
cop_0749_qvarma_p1q1r2,0.13041761873667501,0,0,316
cop_0750_qvarma_p1q1r2,0.13723279751091405,0,0,271
cop_0751_qvarma_p1q1r2,0.12121670855556149,0,0,962
cop_0752_qvarma_p1q1r2,0.13334186209150575,0,0,183
cop_0753_qvarma_p1q1r2,0.12918937577833567,0,0,693
cop_0754_qvarma_p1q1r2,0.12861733027682037,0,0,392
cop_0755_qvarma_p1q1r2,0.13706270438428447,0,0,672
cop_0756_qvarma_p1q1r2,0.12479371604788739,0,0,641
cop_0757_qvarma_p1q1r2,0.12967558575220892,0,0,856
cop_0758_qvarma_p1q1r2,0.129058572067135,0,0,479
cop_0759_qvarma_p1q1r2,0.13246805802187259,0,0,278
cop_0760_qvarma_p1q1r2,0.13316494910093796,0,0,894
cop_0761_qvarma_p1q1r2,0.13260552693029673,0,0,400
cop_0762_qvarma_p1q1r2,0.12816967926261669,0,0,341
cop_0763_qvarma_p1q1r2,0.12593727935971435,0,0,614
cop_0764_qvarma_p1q1r2,0.12634579650566824,0,0,970
cop_0765_qvarma_p1q1r2,0.13331876525286088,0,0,792
cop_0766_qvarma_p1q1r2,0.12587401793772007,0,0,421
cop_0767_qvarma_p1q1r2,0.12890145144185794,0,0,137
cop_0768_qvarma_p1q1r2,0.13341172054196793,0,0,80
cop_0769_qvarma_p1q1r2,0.12742492031516459,0,0,212
cop_0770_qvarma_p1q1r2,0.12667269061845257,0,0,106
cop_0771_qvarma_p1q1r2,0.13391583209056843,0,0,740
cop_0772_qvarma_p1q1r2,0.12365512727549188,0,0,688
cop_0773_qvarma_p1q1r2,0.12185021162043035,0,0,830
cop_0774_qvarma_p1q1r2,0.12315772796603654,0,0,625
cop_0775_qvarma_p1q1r2,0.13702895049831237,0,0,366
cop_0776_qvarma_p1q1r2,0.13421283771239736,0,0,722
cop_0777_qvarma_p1q1r2,0.12061276879933966,0,0,913
cop_0778_qvarma_p1q1r2,0.1287603226577016,0,0,889
cop_0779_qvarma_p1q1r2,0.12528334956946652,0,0,245
cop_0780_qvarma_p1q1r2,0.12578411423473798,0,0,460
cop_0781_qvarma_p1q1r2,0.1323240336457073,0,0,9
cop_0782_qvarma_p1q1r2,0.12247356610015162,0,0,508
cop_0783_qvarma_p1q1r2,0.13100288352328729,0,0,12
cop_0784_qvarma_p1q1r2,0.1241081998680635,0,0,975
cop_0785_qvarma_p1q1r2,0.13280447483921839,0,0,41
cop_0786_qvarma_p1q1r2,0.1343625109354713,0,0,559
cop_0787_qvarma_p1q1r2,0.13958687418432839,0,0,714
cop_0788_qvarma_p1q1r2,0.12844473312874821,0,0,343
cop_0789_qvarma_p1q1r2,0.1289464683367697,0,0,59
cop_0790_qvarma_p1q1r2,0.13700839789392533,0,0,973
cop_0791_qvarma_p1q1r2,0.12888825360201286,0,0,259
cop_0792_qvarma_p1q1r2,0.13243818100869911,0,0,131
cop_0793_qvarma_p1q1r2,0.12585371809312307,0,0,663
cop_0794_qvarma_p1q1r2,0.13189484613697183,0,0,325
cop_0795_qvarma_p1q1r2,0.12821494158467367,0,0,63
cop_0796_qvarma_p1q1r2,0.12424244834745111,0,0,584
cop_0797_qvarma_p1q1r2,0.12965696579461775,0,0,910
cop_0798_qvarma_p1q1r2,0.12933833464501557,0,0,677
cop_0799_qvarma_p1q1r2,0.128874555195305,0,0,22
cop_0800_qvarma_p1q1r2,0.13630431881208821,0,0,285
cop_0801_qvarma_p1q1r2,0.13072543409906615,0,0,484
cop_0802_qvarma_p1q1r2,0.12904946626559508,0,0,385
cop_0803_qvarma_p1q1r2,0.12635455827111128,0,0,371
cop_0804_qvarma_p1q1r2,0.12816444460197099,0,0,196
cop_0805_qvarma_p1q1r2,0.12725285963702215,0,0,213
cop_0806_qvarma_p1q1r2,0.13038804023597994,0,0,215
cop_0807_qvarma_p1q1r2,0.13033893630962151,0,0,79
cop_0808_qvarma_p1q1r2,0.14386440165939554,0,0,977
cop_0809_qvarma_p1q1r2,0.13473439716432153,0,0,111
cop_0810_qvarma_p1q1r2,0.13079041306938316,0,0,260
cop_0811_qvarma_p1q1r2,0.13218974229179001,0,0,741
cop_0812_qvarma_p1q1r2,0.14479841696464316,0,0,932
cop_0813_qvarma_p1q1r2,0.14016824583153176,0,0,703
cop_0814_qvarma_p1q1r2,0.13330352840524365,0,0,228
cop_0815_qvarma_p1q1r2,0.13739516533378193,0,0,836
cop_0816_qvarma_p1q1r2,0.13159085278249952,0,0,608
cop_0817_qvarma_p1q1r2,0.12887842109790909,0,0,89
cop_0818_qvarma_p1q1r2,0.13156503812898157,0,0,869
cop_0819_qvarma_p1q1r2,0.14040613698440016,0,0,113
cop_0820_qvarma_p1q1r2,0.12352243482703661,0,0,562
cop_0821_qvarma_p1q1r2,0.12791853039845488,0,0,322
cop_0822_qvarma_p1q1r2,0.12850766285625254,0,0,122
cop_0823_qvarma_p1q1r2,0.13178979229437873,0,0,38
cop_0824_qvarma_p1q1r2,0.12069226720672925,0,0,974
cop_0825_qvarma_p1q1r2,0.12952370148467379,0,0,841
cop_0826_qvarma_p1q1r2,0.13103866613504903,0,0,486
cop_0827_qvarma_p1q1r2,0.12956756545688544,0,0,551
cop_0828_qvarma_p1q1r2,0.12800378102641768,0,0,73
cop_0829_qvarma_p1q1r2,0.13482780510977363,0,0,686
cop_0830_qvarma_p1q1r2,0.13030289653350102,0,0,67
cop_0831_qvarma_p1q1r2,0.13306086694779212,0,0,760
cop_0832_qvarma_p1q1r2,0.12249128478581285,0,0,758
cop_0833_qvarma_p1q1r2,0.13179640210068894,0,0,120
cop_0834_qvarma_p1q1r2,0.12923290935503745,0,0,755
cop_0835_qvarma_p1q1r2,0.1451749351535237,0,0,816
cop_0836_qvarma_p1q1r2,0.13247166245334979,0,0,110
cop_0837_qvarma_p1q1r2,0.13199360089102902,0,0,761
cop_0838_qvarma_p1q1r2,0.13265822265935565,0,0,415
cop_0839_qvarma_p1q1r2,0.13433677964716223,0,0,898
cop_0840_qvarma_p1q1r2,0.12796095402592911,0,0,125
cop_0841_qvarma_p1q1r2,0.12716062387607407,0,0,388
cop_0842_qvarma_p1q1r2,0.13032769823667009,0,0,406
cop_0843_qvarma_p1q1r2,0.12967663649164243,0,0,594
cop_0844_qvarma_p1q1r2,0.12492505671784344,0,0,464
cop_0845_qvarma_p1q1r2,0.13228608568518388,0,0,637
cop_0846_qvarma_p1q1r2,0.12918423012283117,0,0,57
cop_0847_qvarma_p1q1r2,0.13607614296201859,0,0,771
cop_0848_qvarma_p1q1r2,0.12878913682756551,0,0,924
cop_0849_qvarma_p1q1r2,0.12604778942345701,0,0,599
cop_0850_qvarma_p1q1r2,0.12518317103606427,0,0,296
cop_0851_qvarma_p1q1r2,0.13007162505919811,0,0,538
cop_0852_qvarma_p1q1r2,0.12577509521689142,0,0,900
cop_0853_qvarma_p1q1r2,0.12701528502355819,0,0,367
cop_0854_qvarma_p1q1r2,0.13169596044085036,0,0,846
cop_0855_qvarma_p1q1r2,0.1281306512068458,0,0,292
cop_0856_qvarma_p1q1r2,0.1277739315060317,0,0,101
cop_0857_qvarma_p1q1r2,0.1396662590640971,0,0,874
cop_0858_qvarma_p1q1r2,0.13840966915990749,0,0,928
cop_0859_qvarma_p1q1r2,0.12100860914165336,0,0,867
cop_0860_qvarma_p1q1r2,0.13310495410187637,0,0,49
cop_0861_qvarma_p1q1r2,0.12858637251623883,0,0,482
cop_0862_qvarma_p1q1r2,0.12394042807873515,0,0,442
cop_0863_qvarma_p1q1r2,0.12998290200825247,0,0,691
cop_0864_qvarma_p1q1r2,0.14317733085230086,0,0,895
cop_0865_qvarma_p1q1r2,0.15075159851915887,0,0,979
cop_0866_qvarma_p1q1r2,0.12567404586080708,0,0,324
cop_0867_qvarma_p1q1r2,0.12924576561535223,0,0,786
cop_0868_qvarma_p1q1r2,0.13492050893435176,0,0,474
cop_0869_qvarma_p1q1r2,0.12886996902081005,0,0,576
cop_0870_qvarma_p1q1r2,0.13256599673188416,0,0,71
cop_0871_qvarma_p1q1r2,0.12265571159742664,0,0,631
cop_0872_qvarma_p1q1r2,0.13113319974377929,0,0,651
cop_0873_qvarma_p1q1r2,0.13365034977563137,0,0,787
cop_0874_qvarma_p1q1r2,0.12572209001936563,0,0,230
cop_0875_qvarma_p1q1r2,0.12572829658037241,0,0,240
cop_0876_qvarma_p1q1r2,0.12547149301719535,0,0,226
cop_0877_qvarma_p1q1r2,0.13406267298210053,0,0,882
cop_0878_qvarma_p1q1r2,0.12514376338176367,0,0,469
cop_0879_qvarma_p1q1r2,0.12945714507985773,0,0,387
cop_0880_qvarma_p1q1r2,0.12545205608308835,0,0,558
cop_0881_qvarma_p1q1r2,0.12890158901119603,0,0,338
cop_0882_qvarma_p1q1r2,0.12980683686568317,0,0,402
cop_0883_qvarma_p1q1r2,0.13476225644734563,0,0,234
cop_0884_qvarma_p1q1r2,0.1278323616571409,0,0,439
cop_0885_qvarma_p1q1r2,0.13229709996601166,0,0,600
cop_0886_qvarma_p1q1r2,0.14361630195681604,0,0,398
cop_0887_qvarma_p1q1r2,0.14265786441318865,0,0,713
cop_0888_qvarma_p1q1r2,0.16328524395900604,0,0,926
cop_0889_qvarma_p1q1r2,0.12805902477099612,0,0,164
cop_0890_qvarma_p1q1r2,0.14193836877453408,0,0,947
cop_0891_qvarma_p1q1r2,0.13448343238425786,0,0,214
cop_0892_qvarma_p1q1r2,0.12991904673688698,0,0,451
cop_0893_qvarma_p1q1r2,0.13604963351490315,0,0,529
cop_0894_qvarma_p1q1r2,0.13503205653179109,0,0,407
cop_0895_qvarma_p1q1r2,0.14128002932223263,0,0,219
cop_0896_qvarma_p1q1r2,0.13463419942964761,0,0,592
cop_0897_qvarma_p1q1r2,0.12211997354903742,0,0,744
cop_0898_qvarma_p1q1r2,0.13551440674573026,0,0,701
cop_0899_qvarma_p1q1r2,0.12782731214212886,0,0,401
cop_0900_qvarma_p1q1r2,0.13354922733823862,0,0,76
cop_0901_qvarma_p1q1r2,0.12960930028702736,0,0,569
cop_0902_qvarma_p1q1r2,0.13472847255532058,0,0,545
cop_0903_qvarma_p1q1r2,0.13403811325995318,0,0,912
cop_0904_qvarma_p1q1r2,0.13014803054124299,0,0,306
cop_0905_qvarma_p1q1r2,0.12833399455761496,0,0,615
cop_0906_qvarma_p1q1r2,0.12025826527960064,0,0,864
cop_0907_qvarma_p1q1r2,0.13127096899821236,0,0,225
cop_0908_qvarma_p1q1r2,0.12819591531462604,0,0,172
cop_0909_qvarma_p1q1r2,0.13094301329419464,0,0,712
cop_0910_qvarma_p1q1r2,0.12726036741942065,0,0,587
cop_0911_qvarma_p1q1r2,0.12463964057610707,0,0,396
cop_0912_qvarma_p1q1r2,0.12685104859694088,0,0,169
cop_0913_qvarma_p1q1r2,0.12496720388746681,0,0,518
cop_0914_qvarma_p1q1r2,0.12382011079008054,0,0,602
cop_0915_qvarma_p1q1r2,0.12829861225688954,0,0,157
cop_0916_qvarma_p1q1r2,0.12849998086625244,0,0,65
cop_0917_qvarma_p1q1r2,0.12035468649659568,0,0,987
cop_0918_qvarma_p1q1r2,0.14540415997926448,0,0,780
cop_0919_qvarma_p1q1r2,0.13016192315715278,0,0,21
cop_0920_qvarma_p1q1r2,0.12624175320980305,0,0,262
cop_0921_qvarma_p1q1r2,0.13731244520679897,0,0,202
cop_0922_qvarma_p1q1r2,0.1326054949678194,0,0,804
cop_0923_qvarma_p1q1r2,0.13025202690804497,0,0,976
cop_0924_qvarma_p1q1r2,0.13000196404495745,0,0,15
cop_0925_qvarma_p1q1r2,0.12823534409057938,0,0,102
cop_0926_qvarma_p1q1r2,0.13716336550991845,0,0,853
cop_0927_qvarma_p1q1r2,0.14060598414953426,0,0,348
cop_0928_qvarma_p1q1r2,0.13230292084281772,0,0,20
cop_0929_qvarma_p1q1r2,0.12938560893173079,0,0,291
cop_0930_qvarma_p1q1r2,0.12953525599234486,0,0,96
cop_0931_qvarma_p1q1r2,0.11930626584296282,0,0,998
cop_0932_qvarma_p1q1r2,0.13267228196601821,0,0,557
cop_0933_qvarma_p1q1r2,0.12753514346799424,0,0,103
cop_0934_qvarma_p1q1r2,0.1278722277987232,0,0,165
cop_0935_qvarma_p1q1r2,0.12777855073046709,0,0,72
cop_0936_qvarma_p1q1r2,0.13117931178959069,0,0,286
cop_0937_qvarma_p1q1r2,0.12436400762416469,0,0,380
cop_0938_qvarma_p1q1r2,0.13290314643116752,0,0,634
cop_0939_qvarma_p1q1r2,0.13907948559315214,0,0,848
cop_0940_qvarma_p1q1r2,0.1303014506774644,0,0,68
cop_0941_qvarma_p1q1r2,0.13176348737133223,0,0,610
cop_0942_qvarma_p1q1r2,0.13042275169674869,0,0,323
cop_0943_qvarma_p1q1r2,0.127654269762699,0,0,457
cop_0944_qvarma_p1q1r2,0.13235701752833706,0,0,130
cop_0945_qvarma_p1q1r2,0.13749481150133114,0,0,904
cop_0946_qvarma_p1q1r2,0.12834927105832541,0,0,959
cop_0947_qvarma_p1q1r2,0.12902893260605888,0,0,6
cop_0948_qvarma_p1q1r2,0.12322707597781508,0,0,436
cop_0949_qvarma_p1q1r2,0.13591948243244675,0,0,915
cop_0950_qvarma_p1q1r2,0.13325041238687779,0,0,249
cop_0951_qvarma_p1q1r2,0.13128169042713164,0,0,939
cop_0952_qvarma_p1q1r2,0.12650254430343563,0,0,570
cop_0953_qvarma_p1q1r2,0.14163598901420554,0,0,878
cop_0954_qvarma_p1q1r2,0.13985549909244954,0,0,681
cop_0955_qvarma_p1q1r2,0.12967985845708968,0,0,766
cop_0956_qvarma_p1q1r2,0.13399314426102582,0,0,303
cop_0957_qvarma_p1q1r2,0.13096772883483232,0,0,204
cop_0958_qvarma_p1q1r2,0.13375779695703902,0,0,331
cop_0959_qvarma_p1q1r2,0.13120189730416401,0,0,461
cop_0960_qvarma_p1q1r2,0.14069219158490856,0,0,892
cop_0961_qvarma_p1q1r2,0.13008982419612364,0,0,654
cop_0962_qvarma_p1q1r2,0.14036139621277738,0,0,653
cop_0963_qvarma_p1q1r2,0.12813699845675125,0,0,123
cop_0964_qvarma_p1q1r2,0.12518390135235793,0,0,549
cop_0965_qvarma_p1q1r2,0.13303816554448472,0,0,699
cop_0966_qvarma_p1q1r2,0.13464299331906937,0,0,270
cop_0967_qvarma_p1q1r2,0.14217791740648522,0,0,732
cop_0968_qvarma_p1q1r2,0.13106266488071469,0,0,803
cop_0969_qvarma_p1q1r2,0.12981651483008871,0,0,358
cop_0970_qvarma_p1q1r2,0.12295363909404539,0,0,828
cop_0971_qvarma_p1q1r2,0.12416471680405461,0,0,850
cop_0972_qvarma_p1q1r2,0.13175485219126976,0,0,739
cop_0973_qvarma_p1q1r2,0.12918381146551944,0,0,35
cop_0974_qvarma_p1q1r2,0.12554471452571125,0,0,189
cop_0975_qvarma_p1q1r2,0.13079620925038651,0,0,254
cop_0976_qvarma_p1q1r2,0.13206230514441611,0,0,922
cop_0977_qvarma_p1q1r2,0.15952219593698813,0,0,903
cop_0978_qvarma_p1q1r2,0.13472633338609977,0,0,994
cop_0979_qvarma_p1q1r2,0.13102875143283563,0,0,847
cop_0980_qvarma_p1q1r2,0.13384945237733664,0,0,783
cop_0981_qvarma_p1q1r2,0.15169356760552047,0,0,953
cop_0982_qvarma_p1q1r2,0.1320947524571951,0,0,251
cop_0983_qvarma_p1q1r2,0.13399825608862267,0,0,778
cop_0984_qvarma_p1q1r2,0.1360993015535592,0,0,742
cop_0985_qvarma_p1q1r2,0.13845718478765709,0,0,992
cop_0986_qvarma_p1q1r2,0.12809366140407702,0,0,711
cop_0987_qvarma_p1q1r2,0.13487717301987703,0,0,735
cop_0988_qvarma_p1q1r2,0.13357014253139415,0,0,877
cop_0989_qvarma_p1q1r2,0.13133860360745558,0,0,95
cop_0990_qvarma_p1q1r2,0.12929508193638459,0,0,334
cop_0991_qvarma_p1q1r2,0.12842225666622137,0,0,289
cop_0992_qvarma_p1q1r2,0.13056895217061595,0,0,458
cop_0993_qvarma_p1q1r2,0.12809320600677279,0,0,162
cop_0994_qvarma_p1q1r2,0.1238921350407034,0,0,480
cop_0995_qvarma_p1q1r2,0.12998321484053976,0,0,855
cop_0996_qvarma_p1q1r2,0.13306596348846336,0,0,171
cop_0997_qvarma_p1q1r2,0.1312606644333453,0,0,532
cop_0998_qvarma_p1q1r2,0.12801885566204224,0,0,948
cop_0999_qvarma_p1q1r2,0.12752621403166775,0,0,690
cop_1000_qvarma_p1q1r2,0.13392663089215529,0,0,845
