parameter,us_benchmark,averaged_unconstrained,mean_constrained,p05,p25,p50,p75,p95,us_benchmark_theta,averaged_theta,link
"c[0]",0.668002429,0.2774838317,0.2774838317,0.2462529903,0.2641471868,0.2777774006,0.2906101577,0.3092871723,0.668002429,0.2774838317,theta
"c[1]",0.2841211519,-0.007326983306,-0.007326983306,-0.06673255057,-0.02794520656,-0.006480486357,0.01551982817,0.04399179608,0.2841211519,-0.007326983306,theta
"c[2]",0.03095227849,-5.915700646e-05,-5.915700646e-05,-0.003022050746,-0.0008328624133,-1.476560864e-05,0.0007761263574,0.0026547279,0.03095227849,-5.915700646e-05,theta
"c[3]",1.568731232,0.4751262925,0.4751262925,0.1982533272,0.3627268947,0.4712212808,0.5917149641,0.7453453841,1.568731232,0.4751262925,theta
"c[4]",10.40045229,0.8705822153,0.8705822153,0.3545468799,0.6648266104,0.8670570973,1.0704963,1.361702498,10.40045229,0.8705822153,theta
"Phi_star[0]",0.595419602,0.3959355527,0.3853296126,0.1461428435,0.2918594134,0.392177521,0.4820336872,0.5866672107,0.6860207891,0.4188196118,1 tanh(theta)
"Psi_star1[0,0]",0.2784646211,-0.06869726216,-0.06869726216,-0.407952575,-0.2266894658,-0.08067097933,0.07866077229,0.3137867022,0.2784646211,-0.06869726216,theta
"Psi_star1[0,1]",0.0498619619,0.08981722065,0.08981722065,-0.1811476893,-0.04474026701,0.1081893146,0.2046746484,0.3577041349,0.0498619619,0.08981722065,theta
"Psi_star1[0,2]",0.2013515733,-0.736621312,-0.736621312,-1.049403911,-0.859436726,-0.7390638492,-0.6242191066,-0.4356478619,0.2013515733,-0.736621312,theta
"Psi_star1[0,3]",-0.3226244278,0.1454427549,0.1454427549,-0.7238923135,-0.2573156898,0.1049161264,0.5251337804,1.06474553,-0.3226244278,0.1454427549,theta
"Psi_star1[0,4]",0.2473043655,2.945265377,2.945265377,0.5148774902,1.894757848,2.911743841,3.963499251,5.575758639,0.2473043655,2.945265377,theta
"Psi_star1[1,0]",0.4144564924,-0.4618133688,-0.4618133688,-1.017323793,-0.7115345623,-0.4814412953,-0.2442207122,0.145538533,0.4144564924,-0.4618133688,theta
"Psi_star1[1,1]",-0.4719164961,0.4154597596,0.4154597596,-0.0295221391,0.2751587039,0.4394595661,0.5929913618,0.7554007086,-0.4719164961,0.4154597596,theta
"Psi_star1[1,2]",1.197595414,-0.6367259956,-0.6367259956,-1.054076198,-0.8120515571,-0.6337147523,-0.457784366,-0.1780601993,1.197595414,-0.6367259956,theta
"Psi_star1[1,3]",-0.2821594627,0.2611952172,0.2611952172,-0.6907130605,-0.1497134997,0.2201342671,0.6626697275,1.37377229,-0.2821594627,0.2611952172,theta
"Psi_star1[1,4]",0.09390741782,2.395480036,2.395480036,-0.1026841834,1.139490091,2.302654947,3.504874102,5.477109076,0.09390741782,2.395480036,theta
"Psi_star1[2,0]",0.1599762104,0.02546051374,0.02546051374,-0.06537293259,-0.02089928193,0.01472468204,0.06565576657,0.1592336551,0.1599762104,0.02546051374,theta
"Psi_star1[2,1]",0.01456112297,0.009409210677,0.009409210677,-0.0446298493,-0.00866540873,0.007479432859,0.02557474807,0.0740469196,0.01456112297,0.009409210677,theta
"Psi_star1[2,2]",0.6483313703,-0.6537176409,-0.6537176409,-0.8957614879,-0.7534413225,-0.6555263959,-0.556666447,-0.4283938713,0.6483313703,-0.6537176409,theta
"Psi_star1[2,3]",-0.04854983474,0.4793974621,0.4793974621,0.08217736284,0.2779996667,0.4442410551,0.6473344416,0.9958301873,-0.04854983474,0.4793974621,theta
"Psi_star1[2,4]",0.1901852597,1.402750912,1.402750912,-0.004939500433,0.8805800752,1.582880218,1.947837319,2.375741936,0.1901852597,1.402750912,theta
"Omega_inv[0,0]",0.5514537426,1.26604665,1.270125306,1.113626234,1.199788976,1.263466244,1.327877192,1.45797729,-0.5951973194,0.2358991712,exp(theta)
"Omega_inv[1,1]",1.501935726,0.172963565,0.1794239558,0.116925988,0.1413161716,0.1691582989,0.206241992,0.2818849033,0.4067547604,-1.754674313,exp(theta)
"Omega_inv[2,2]",0.1730641166,0.1400479073,0.1417062661,0.1111195468,0.1255929232,0.1380331048,0.1555942499,0.1834002742,-1.754093137,-1.96577072,exp(theta)
"Omega_inv[3,3]",0.460562104,0.2727151927,0.273973823,0.2337374777,0.2566953666,0.2735890311,0.2917226937,0.3157347614,-0.7753075704,-1.299327278,exp(theta)
"Omega_inv[4,4]",0.7369447316,0.02208082032,0.02233393701,0.01842565603,0.0201635757,0.02164797395,0.02351125017,0.02871113306,-0.3052423807,-3.813045906,exp(theta)
"Omega_inv[1,0]",0.0752868081,1.246354273,1.246354273,1.044295058,1.15097599,1.230543588,1.326453677,1.505750558,0.0752868081,1.246354273,theta
"Omega_inv[2,0]",0.1023291687,1.15233148,1.15233148,1.003494543,1.083598054,1.143565582,1.216742106,1.325394059,0.1023291687,1.15233148,theta
"Omega_inv[2,1]",0.008045341245,0.02649512788,0.02649512788,-0.06697264777,-0.01441244616,0.02810517708,0.06838158997,0.1153538701,0.008045341245,0.02649512788,theta
"Omega_inv[3,0]",-0.0064792926,0.09595247261,0.09595247261,0.05125919855,0.07645545369,0.09510306895,0.1151333609,0.1421874216,-0.0064792926,0.09595247261,theta
"Omega_inv[3,1]",0.002640439945,0.02606044272,0.02606044272,-0.06198567983,-0.01391651873,0.02929122969,0.06474952678,0.1071026416,0.002640439945,0.02606044272,theta
"Omega_inv[3,2]",-0.02580297014,0.1387631344,0.1387631344,0.08060830923,0.1139796201,0.1382552875,0.1619469443,0.196141275,-0.02580297014,0.1387631344,theta
"Omega_inv[4,0]",0.206548282,0.08761593911,0.08761593911,0.06867224166,0.07990140548,0.08755769264,0.09544229189,0.1067077934,0.206548282,0.08761593911,theta
"Omega_inv[4,1]",0.06052998601,0.005980231195,0.005980231195,-0.0191409793,-0.004859194541,0.006827506388,0.01659645358,0.02814396891,0.06052998601,0.005980231195,theta
"Omega_inv[4,2]",0.1851957846,0.03847098437,0.03847098437,0.02211829838,0.03124336013,0.03771250945,0.04484795807,0.05635891244,0.1851957846,0.03847098437,theta
"Omega_inv[4,3]",0.0165115963,0.07426951801,0.07426951801,0.05972305572,0.06811876545,0.07484311106,0.0808736544,0.08866568279,0.0165115963,0.07426951801,theta
"nu",7.198920587,2853.39799,1594244040,266.1869108,808.9355568,1802.117306,5315.640766,378374.3488,1.648451025,7.955564676,exp(theta) + 2
"alpha1[0,0]",0.07926139696,-0.02791379154,-0.02791379154,-0.05723174646,-0.03972740364,-0.02802251613,-0.01700566044,-0.004507702145,0.07926139696,-0.02791379154,theta
"alpha1[1,0]",0.5061436329,0.1553509884,0.1553509884,0.09114181746,0.1218287841,0.1516210705,0.18667337,0.2310963048,0.5061436329,0.1553509884,theta
"alpha2[0,0]",-0.009452844094,0.1360715802,0.1360715802,0.07704387423,0.1092100721,0.134932718,0.1633151019,0.2022075895,-0.009452844094,0.1360715802,theta
"alpha2[1,0]",0.09185653992,0.0768765968,0.0768765968,0.05401165043,0.0672137485,0.07772462822,0.08694652504,0.09768421748,0.09185653992,0.0768765968,theta
"beta1[0,1]",4.803691535,4.107801352,4.107801352,1.736131251,2.594066556,3.645714517,5.001074683,7.53798076,4.803691535,4.107801352,theta
