series,law,parameters,converged,log_likelihood,aic,bic,p1,p2,p3,p4,p5
gdp_growth,Gaussian,2,1,-212.992471,429.984942,436.447159,0.65634199,0.755828063,nan,nan,nan
gdp_growth,Laplace,2,1,-197.728928,399.457855,405.920072,0.71242951,0.529525881,nan,nan,nan
gdp_growth,Subbotin,3,1,-197.71446,401.428919,411.122245,0.712436856,0.512861547,0.978179088,nan,nan
gdp_growth,Student t,3,1,-198.512487,403.024973,412.718299,0.698308288,0.481544506,2.85465689,nan,nan
gdp_growth,lognormal mixture,3,1,-197.387425,400.77485,410.468176,0.696301605,0.569339852,0.558634758,nan,nan
gdp_growth,normal inverse Gaussian,4,1,-196.760799,401.521598,414.446033,0.750215479,0.548876784,0.960265704,-0.161882139,nan
gdp_growth,variance gamma,4,1,-196.838771,401.677541,414.601976,0.740134954,0.746998821,1.04777549,-0.0837924844,nan
gdp_growth,generalised hyperbolic,5,1,-196.502434,403.004868,419.160411,0.747383427,0.331124029,1.39998137,-0.160037182,0.225622154
energy_growth,Gaussian,2,1,-373.090638,750.181276,756.643493,0.149292987,1.77926182,nan,nan,nan
energy_growth,Laplace,2,1,-381.175214,766.350427,772.812645,0.181351597,1.41230475,nan,nan,nan
energy_growth,Subbotin,3,1,-373.016151,752.032302,761.725627,0.151551446,2.43440007,1.88291563,nan,nan
energy_growth,Student t,3,1,-372.997329,751.994659,761.687985,0.147414895,1.7325339,38.5368009,nan,nan
energy_growth,lognormal mixture,3,1,-372.995865,751.99173,761.685056,0.147779304,1.7546167,0.118201716,nan,nan
energy_growth,normal inverse Gaussian,4,1,-372.976288,753.952576,766.877011,-0.36511488,8.1611766,2.59390956,0.163173193,nan
energy_growth,variance gamma,4,1,-373.025858,754.051716,766.97615,0.422419182,1.77785076,0.0775828629,-0.273126062,nan
energy_growth,generalised hyperbolic,5,0,50.8163969,-91.6327938,-75.4772507,-0.289770342,80.3184862,0.969046474,0.373087148,-433.034776
employment_change,Gaussian,2,1,-61.4321845,126.864369,133.326586,0.00711229946,0.33607391,nan,nan,nan
employment_change,Laplace,2,0,-33.9309372,71.8618745,78.3240917,0.0700039056,0.220898297,nan,nan,nan
employment_change,Subbotin,3,0,-30.4063206,66.8126412,76.5059671,0.0999998777,0.106717661,0.687720197,nan,nan
employment_change,Student t,3,1,-30.4625614,66.9251227,76.6184486,0.0784357887,0.165768095,2.00075164,nan,nan
employment_change,lognormal mixture,3,1,-30.0220472,66.0440944,75.7374202,0.0829545939,0.216785851,0.690742925,nan,nan
employment_change,normal inverse Gaussian,4,1,-21.120448,50.2408961,63.1653305,0.141826067,0.179361132,2.73260864,-1.64106884,nan
employment_change,variance gamma,4,0,-20.118498,48.2369961,61.1614305,0.130000026,0.287497769,1.32849599,-0.122698126,nan
employment_change,generalised hyperbolic,5,1,-20.7030541,51.4061083,67.5616514,0.141900341,0.112382365,3.44455612,-1.6282168,0.0453645822
inflation,Gaussian,2,1,-225.738541,455.477082,461.9393,0.957455296,0.809142241,nan,nan,nan
inflation,Laplace,2,1,-202.635029,409.270058,415.732275,0.782522152,0.543602282,nan,nan,nan
inflation,Subbotin,3,1,-198.969538,403.939077,413.632402,0.777319614,0.276482764,0.702309053,nan,nan
inflation,Student t,3,1,-203.581038,413.162076,422.855402,0.777954371,0.380326027,1.71263274,nan,nan
inflation,lognormal mixture,3,1,-200.093436,406.186873,415.880199,0.772693063,0.512123084,0.787151432,nan,nan
inflation,normal inverse Gaussian,4,1,-194.05702,396.114039,409.038474,0.674834671,0.403358477,0.859436579,0.493170304,nan
inflation,variance gamma,4,0,-193.509307,395.018614,407.943049,0.734912619,0.761371206,1.49827283,0.224741999,nan
inflation,generalised hyperbolic,5,1,-191.862449,393.724898,409.880441,0.681338332,0.16329227,1.29822806,0.480532243,0.252818051
interest_rate,Gaussian,2,1,-526.487878,1056.97576,1063.43797,5.09053476,4.04105044,nan,nan,nan
interest_rate,Laplace,2,1,-531.984249,1067.9685,1074.43072,5.24995833,3.16352967,nan,nan,nan
interest_rate,Subbotin,3,1,-526.101848,1058.2037,1067.89702,5.01821638,5.29095622,1.75378069,nan,nan
interest_rate,Student t,3,1,-525.328078,1056.65616,1066.34948,4.8993878,3.71225424,12.9446978,nan,nan
interest_rate,lognormal mixture,3,1,-525.495241,1056.99048,1066.68381,4.92281245,3.88239774,0.195283517,nan,nan
interest_rate,normal inverse Gaussian,4,0,-509.043597,1026.08719,1039.01163,-2.81033776,0.00371339395,1751037.4,1751037.2,nan
interest_rate,variance gamma,4,0,-495.407961,998.815922,1011.74036,0.0900001902,0.784418939,1.6516888,3.62255547,nan
interest_rate,generalised hyperbolic,5,0,-481.240488,972.480975,988.636518,0.0699927868,6.74808877e-09,3.07143698e+10,3.07143698e+10,0.749888878
