configuration,replicate,own_nu,own_log_likelihood,own_loss,own_converged,held_nu,log_likelihood,loss,gradient_norm,converged,stop_reason,iterations
cop_0191,0,1466.336701,641.7657485,0.1167050652,0,7.198920587,580.4612585,0.1115602325,1177.95,0,"hit the iteration limit",20000
cop_0191,0,1466.336701,641.7657485,0.1167050652,0,10,624.9463232,0.1124793585,27052.3,1,"function decrease below tolerance",3962
cop_0191,0,1466.336701,641.7657485,0.1167050652,0,30,543.1354202,0.1175465029,1253.42,1,"function decrease below tolerance",4303
cop_0191,0,1466.336701,641.7657485,0.1167050652,0,100,629.6517387,0.1169984656,211.79,1,"function decrease below tolerance",5958
cop_0191,0,1466.336701,641.7657485,0.1167050652,0,1000,643.6755948,0.1171166361,187.177,1,"function decrease below tolerance",3800
cop_0191,0,1466.336701,641.7657485,0.1167050652,0,10000,643.4061359,0.1168952954,138.104,1,"function decrease below tolerance",6496
cop_0191,0,1466.336701,641.7657485,0.1167050652,0,100000,644.5233282,0.1167036142,2951.7,1,"function decrease below tolerance",8961
cop_0191,0,1466.336701,641.7657485,0.1167050652,0,1000000,644.1562873,0.1172511475,850.951,1,"function decrease below tolerance",8690
cop_0191,1,2018.399143,683.6174898,0.1169384338,1,7.198920587,-2740.167466,0.1161624354,3.41342e+07,0,"line search could not decrease the objective",5
cop_0191,1,2018.399143,683.6174898,0.1169384338,1,10,513.2491278,0.1113919151,7.99499e+06,0,"line search could not decrease the objective",5001
cop_0191,1,2018.399143,683.6174898,0.1169384338,1,30,499.078029,0.1143699568,6021.27,1,"function decrease below tolerance",3767
cop_0191,1,2018.399143,683.6174898,0.1169384338,1,100,627.3039819,0.1159776139,3639.6,1,"function decrease below tolerance",3570
cop_0191,1,2018.399143,683.6174898,0.1169384338,1,1000,265.2243956,0.1169601001,3.1937e+09,0,"line search could not decrease the objective",2
cop_0191,1,2018.399143,683.6174898,0.1169384338,1,10000,-12441.86113,0.1169472833,2.23183e+10,0,"line search could not decrease the objective",2
cop_0191,1,2018.399143,683.6174898,0.1169384338,1,100000,-59178.61165,0.1169330575,1.55837e+11,0,"line search could not decrease the objective",2
cop_0191,1,2018.399143,683.6174898,0.1169384338,1,1000000,682.3929798,0.1169236568,2602.23,1,"function decrease below tolerance",6
cop_0191,2,1606.946879,515.6600715,0.1171538971,1,7.198920587,195.5921417,0.1195361839,464.242,1,"function decrease below tolerance",1387
cop_0191,2,1606.946879,515.6600715,0.1171538971,1,10,256.1536004,0.1205945912,461.466,1,"function decrease below tolerance",2330
cop_0191,2,1606.946879,515.6600715,0.1171538971,1,30,393.5367007,0.1120177064,0.511143,0,"hit the iteration limit",20000
cop_0191,2,1606.946879,515.6600715,0.1171538971,1,100,478.1052961,0.1149322365,0.0118809,1,"function decrease below tolerance",5275
cop_0191,2,1606.946879,515.6600715,0.1171538971,1,1000,-69.60854761,0.1171548599,1.68298e+09,0,"line search could not decrease the objective",2
cop_0191,2,1606.946879,515.6600715,0.1171538971,1,10000,514.6362972,0.1171525215,1819.14,1,"function decrease below tolerance",6
cop_0191,2,1606.946879,515.6600715,0.1171538971,1,100000,-8484.585576,0.1171523432,7.76934e+10,0,"line search could not decrease the objective",2
cop_0191,2,1606.946879,515.6600715,0.1171538971,1,1000000,-17429.58882,0.1171522483,1.25792e+11,0,"line search could not decrease the objective",2
cop_0191,3,61963.66002,658.4147345,0.1172646398,0,7.198920587,269.9661837,0.1157623257,1867.02,1,"function decrease below tolerance",11677
cop_0191,3,61963.66002,658.4147345,0.1172646398,0,10,302.1978594,0.1181564495,9.57818e+06,0,"line search could not decrease the objective",5306
cop_0191,3,61963.66002,658.4147345,0.1172646398,0,30,453.063934,0.1156328142,18940.4,0,"line search could not decrease the objective",2479
cop_0191,3,61963.66002,658.4147345,0.1172646398,0,100,615.6670285,0.1168345151,334.707,1,"function decrease below tolerance",9465
cop_0191,3,61963.66002,658.4147345,0.1172646398,0,1000,662.8213592,0.1178695083,418.888,1,"function decrease below tolerance",6654
cop_0191,3,61963.66002,658.4147345,0.1172646398,0,10000,663.690154,0.1181166374,2497.27,1,"function decrease below tolerance",7120
cop_0191,3,61963.66002,658.4147345,0.1172646398,0,100000,661.4915676,0.1178773988,266.641,1,"function decrease below tolerance",5651
cop_0191,3,61963.66002,658.4147345,0.1172646398,0,1000000,661.93186,0.1176872993,1951.12,1,"function decrease below tolerance",6619
cop_0191,4,4843.778036,570.1627288,0.1190594923,0,7.198920587,372.7265656,0.1114889822,170361,0,"hit the iteration limit",20000
cop_0191,4,4843.778036,570.1627288,0.1190594923,0,10,427.8609786,0.1153598752,6.09759,0,"hit the iteration limit",20000
cop_0191,4,4843.778036,570.1627288,0.1190594923,0,30,533.6712729,0.1130415017,1.69614,0,"hit the iteration limit",20000
cop_0191,4,4843.778036,570.1627288,0.1190594923,0,100,510.0896708,0.1187533343,0.0149897,1,"function decrease below tolerance",4247
cop_0191,4,4843.778036,570.1627288,0.1190594923,0,1000,571.6275111,0.119139895,17248.8,0,"line search could not decrease the objective",4875
cop_0191,4,4843.778036,570.1627288,0.1190594923,0,10000,574.6637631,0.1190787336,1927.42,1,"function decrease below tolerance",7231
cop_0191,4,4843.778036,570.1627288,0.1190594923,0,100000,574.9669846,0.1190745908,107.085,1,"function decrease below tolerance",8675
cop_0191,4,4843.778036,570.1627288,0.1190594923,0,1000000,575.0945939,0.1191148594,2005.06,1,"function decrease below tolerance",10003
cop_0191,5,696.732142,678.9343797,0.1166336205,0,7.198920587,-1090.143098,0.1083495837,122421,0,"line search could not decrease the objective",14
cop_0191,5,696.732142,678.9343797,0.1166336205,0,10,323.5588534,0.1114951075,1527.25,1,"function decrease below tolerance",3268
cop_0191,5,696.732142,678.9343797,0.1166336205,0,30,424.3876162,0.1152679814,10873.5,1,"function decrease below tolerance",289
cop_0191,5,696.732142,678.9343797,0.1166336205,0,100,647.4103402,0.1159570402,650.461,1,"function decrease below tolerance",7177
cop_0191,5,696.732142,678.9343797,0.1166336205,0,1000,682.9930203,0.1165121465,764.147,0,"line search could not decrease the objective",5309
cop_0191,5,696.732142,678.9343797,0.1166336205,0,10000,682.9412026,0.1164448092,576.482,1,"function decrease below tolerance",7947
cop_0191,5,696.732142,678.9343797,0.1166336205,0,100000,683.0380326,0.116199765,323.392,1,"function decrease below tolerance",7621
cop_0191,5,696.732142,678.9343797,0.1166336205,0,1000000,682.8650383,0.1163264674,395.75,1,"function decrease below tolerance",5557
cop_0191,6,930.5465627,795.9791149,0.1216116556,1,7.198920587,612.3387409,0.1151204038,284.409,0,"hit the iteration limit",20000
cop_0191,6,930.5465627,795.9791149,0.1216116556,1,10,675.9696863,0.114597299,5.86266,0,"hit the iteration limit",20000
cop_0191,6,930.5465627,795.9791149,0.1216116556,1,30,702.1931467,0.1219568451,0.0112099,1,"function decrease below tolerance",3732
cop_0191,6,930.5465627,795.9791149,0.1216116556,1,100,776.3592899,0.1217272789,0.115153,1,"function decrease below tolerance",4469
cop_0191,6,930.5465627,795.9791149,0.1216116556,1,1000,795.9765543,0.1216115735,0.176726,1,"function decrease below tolerance",783
cop_0191,6,930.5465627,795.9791149,0.1216116556,1,10000,795.5355409,0.1216137285,0.0721372,1,"function decrease below tolerance",3026
cop_0191,6,930.5465627,795.9791149,0.1216116556,1,100000,795.4495135,0.1216138641,0.0235943,1,"function decrease below tolerance",2515
cop_0191,6,930.5465627,795.9791149,0.1216116556,1,1000000,795.4405024,0.1216137959,0.0231093,1,"function decrease below tolerance",3290
cop_0191,7,1652.063427,467.4197623,0.1178736835,0,7.198920587,360.8065646,0.1096715279,6658.42,0,"hit the iteration limit",20000
cop_0191,7,1652.063427,467.4197623,0.1178736835,0,10,405.9435705,0.1111774291,9586.96,1,"function decrease below tolerance",5117
cop_0191,7,1652.063427,467.4197623,0.1178736835,0,30,351.43266,0.114203275,810.67,1,"function decrease below tolerance",2395
cop_0191,7,1652.063427,467.4197623,0.1178736835,0,100,394.9462064,0.1170621507,190.581,1,"function decrease below tolerance",6986
cop_0191,7,1652.063427,467.4197623,0.1178736835,0,1000,461.9893467,0.1178871577,2.01667e+07,0,"line search could not decrease the objective",2
cop_0191,7,1652.063427,467.4197623,0.1178736835,0,10000,476.9795949,0.1168970892,1024.2,1,"function decrease below tolerance",7109
cop_0191,7,1652.063427,467.4197623,0.1178736835,0,100000,471.7376862,0.1176267154,469.931,1,"function decrease below tolerance",3972
cop_0191,7,1652.063427,467.4197623,0.1178736835,0,1000000,471.5164294,0.117857328,707.707,1,"function decrease below tolerance",9168
