configuration,seed,periods,dim_mach,growth_skewness,growth_excess_kurtosis,standardised_skewness,standardised_excess_kurtosis,dispersion_excess_kurtosis,k_firm_change_excess_kurtosis,c_firm_change_excess_kurtosis,k_firm_change_concentration,c_firm_change_concentration
1,1,400,40,0.207884631,0.0541923711,0.194986205,-0.187061142,1.20609725,5.64259497,20.6518955,3.78515682,3.44607574
1,2,400,40,0.299367747,0.427132551,0.279188758,0.466641048,1.07278685,4.64888104,21.0608963,3.44051706,3.46198096
1,3,400,40,0.160071357,-0.132787889,0.156010201,-0.412433096,0.72971133,4.11087853,22.3015269,3.14554279,3.51815777
1,4,400,40,0.034819908,0.0182805311,0.173565325,-0.233366037,0.683762325,3.96640884,21.0573906,3.00941998,3.43292163
1,5,400,40,-0.0548834111,-0.0852907811,0.160317693,-0.0132032688,0.831891653,4.19388218,20.5514916,3.27920806,3.35741826
250,1,400,40,-0.150769415,0.938934489,-0.194730719,0.224096725,0.358771603,2.38151139,14.5381167,2.40616745,3.0992521
250,2,400,40,0.133959673,-0.383219179,0.133405254,-0.608589559,0.38720562,2.50127089,13.0885972,2.43514934,3.01441736
250,3,400,40,-0.0572134182,-0.158364685,-0.0817054994,-0.253682749,0.321812811,1.9692119,13.0459553,2.28555566,2.97022155
250,4,400,40,-0.241607848,0.201197401,-0.202313332,0.170527195,0.427722627,2.38506051,13.0747899,2.43480184,3.03184014
250,5,400,40,0.208370678,0.0944254022,0.239964698,-0.0238588651,0.362336938,2.59482427,13.4243774,2.42009926,2.99813448
500,1,400,40,-0.132612133,0.0925698343,0.0502717326,-0.252880314,1.29331192,5.51239082,18.554402,4.15784337,3.39218683
500,2,400,40,0.0727327644,0.065196714,0.0455732234,-0.259629109,1.18388137,6.28727835,18.9951278,4.5075068,3.33863269
500,3,400,40,-0.0694337221,0.417994343,0.152200743,-0.163598209,1.32179466,6.06781755,18.375697,4.35822177,3.35162236
500,4,400,40,-0.211937206,0.338325758,-0.137671879,-0.203263513,0.979508179,6.13132286,19.058736,4.47064746,3.39550044
500,5,400,40,0.159444627,-0.0640779127,0.212585861,-0.316824298,1.0052943,5.58535362,16.6985645,3.91866799,3.1981646
750,1,400,40,-0.150236117,1.20704672,0.0876666324,0.491970125,0.555407229,4.28558939,10.9381516,3.21580039,2.99286985
750,2,400,40,-0.0695332802,0.82254305,-0.0144044644,0.422530652,0.52112662,3.69900806,9.01030414,2.87288039,2.80983938
750,3,400,40,-0.0316178457,1.55444028,0.148401898,1.53933246,0.532139579,4.3280066,9.264316,3.25154446,2.84868261
750,4,400,40,0.0870850549,1.41176008,0.166508872,0.974664364,0.515987999,4.06278287,9.77770755,3.1576324,2.88709539
750,5,400,40,-0.264652558,1.82236174,0.200389954,0.81954624,0.565650795,4.53380841,10.6676551,3.28440571,2.98376052
1000,1,400,40,0.0587684049,1.16576304,-0.0159249151,0.476047989,0.232895308,0.964917954,9.17094403,1.95015313,2.80959932
1000,2,400,40,-0.0758587729,1.36599394,-0.0614651669,0.794725091,0.215887065,1.03727056,9.98720547,1.95700986,2.85738386
1000,3,400,40,0.124104663,0.0406825123,0.0499523203,0.00581857529,0.174178705,0.989746483,9.3678291,1.94758062,2.80718323
1000,4,400,40,0.0120069233,0.929140286,0.0317881464,0.160246066,0.211282906,1.1277963,9.65723435,2.00904671,2.7932839
1000,5,400,40,0.18394367,2.13290491,0.166941991,1.06010451,0.171306802,1.07714292,9.14540051,1.98737337,2.78708082
