GDP_growth,Inflation,Fed_rate
-2.6822046375714472,-0.051524831740083821,0.0083987034482932987
0.7811353644285528,0.1619600339584315,0.16304257329740918
3.0938443011184487,0.024300866706916724,0.20304796058229835
1.0427241256419659,0.20311485696523024,0.023814344182653713
0.57140319946256923,0.37755616242844825,0.27993703236232892
-0.62140545919842882,0.38910832574971632,-0.053167264510209922
-2.10202244365244,0.18495434408449318,-0.33044498340246786
0.43324785397527976,-0.049552603868666445,-0.2247780054758266
-1.3123737497088097,0.392036705614625,-0.33688259306785273
1.5253624361208429,-0.86515517480058923,-0.36921558529742526
0.57628922170736829,0.61607970096347708,-0.16523069780927813
-1.0159469522072542,-0.15992961124001193,-0.28613094902102176
1.5015082980308176,-0.48904717906243222,0.12749821551857243
-3.0978020931301171,-0.1078340547405372,-0.22580220112625393
-2.5539337274800822,-0.060523983307392504,-1.3283845041799249
1.4642386466112276,-0.022537407475272886,-0.035462331693007054
0.22738203226615417,0.24438066653097446,0.55385919463421551
2.5936113939869943,0.46115331868116316,0.48552720028238072
3.690712782028708,-1.0034516065454973,0.030955590681687628
1.3492180337664461,0.060558576507024009,0.57913238465019701
-1.9586972100021418,-0.3029336418388523,0.18629516040393757
-0.68644032120134835,0.11787119059709411,0.58541908132632836
1.100456456558117,0.077397466886581001,-0.16220026403583709
-2.6038493272152188,0.027233946624930061,0.20453865221316381
1.2769940441766268,-0.083902716250087161,-0.72222903464554733
-1.6450035647145351,-0.046564687758499868,0.031859539789281466
-1.154777262987293,-0.13777158238728324,-0.20475025789954943
2.398906802666759,0.1489432526939426,0.02701523710663678
0.56394592671494315,-0.13745072151789733,0.11544024499177163
2.9393835023791115,0.1287049753398451,0.80769821723595414
0.58727665113051852,0.13825277701172922,-0.27752785836556182
-0.21484756191996901,-0.148662497029033,0.40922492039501779
0.052917669808280277,-0.074316519618701782,-0.0018943612040411839
-0.94044861268557733,-0.13092147531584086,0.13289039264434277
0.07096035153234781,-0.055847919071355334,0.087581849043017357
0.5183449518223171,0.0027999803049073013,0.11941451890656252
1.0267049040897085,-0.1268065661002914,0.5014706923657346
0.20029597671979804,0.5533587828169656,0.0281180579031588
1.4926713023656735,-0.45391387913499059,0.056623758517117651
0.0034682800860847962,0.11462513852941258,0.14754084750221641
-0.028723366335948075,0.094849945611030551,-0.11070973288739561
0.32915663899116998,-0.4634049713167625,0.26493979049118943
0.57903974678569758,0.30519507223403264,0.38102213066296509
0.47908037685022142,-0.02148302462679319,-0.034015343297522538
1.0382876930072933,-0.081902541295458375,0.18166135959236396
2.1843139829032747,0.14889283951450083,0.094885342374892989
0.19377159374352892,-0.062972082821217246,0.42666010066814009
-0.17411413013221377,0.24641280739823035,0.11904707999770014
-0.33534363148469115,0.32507565736303023,0.38070086263955538
-0.61505908974454337,-0.21888215753479745,-0.26106942463554894
-0.76458752062401403,-0.28274563041599166,-0.7282663535023346
0.38536514564998803,-0.22256617833821313,-0.4384625298470497
0.19090065029515757,0.13938009289293196,0.27896995376063272
-0.067601585500237649,0.25754071432319048,0.1886725123882198
1.2862710285737631,0.60988335205718869,0.52147896985941644
1.4518378490114943,0.15613527397602933,0.67199313760501322
-0.37851218079128657,-0.31865061378696424,-0.84063113144675761
0.39137412904570335,0.3187259712177859,0.17142973270140605
-0.047588505908478851,-0.42498018240253632,0.14274902511400978
-1.0404561328484954,0.30022967032685344,1.4714229168861053
0.18531778152560929,0.024675335867359927,-0.47798278076431622
-0.5982011093936187,-0.27402849093501302,0.19320386947540236
-1.5342069999366352,0.2907723823546533,-0.56304621700401469
0.40499165217855815,-0.063757887271693292,-0.44479255032762222
0.0027656897503531841,-0.58777332756190681,-0.92201233742577404
-0.78135852596811706,0.40816104988894386,-0.50407234194178407
2.9789462522052972,0.13492372171829636,-1.4048326468059611
0.096055881617641115,0.18902598193560616,1.4107033676883223
-0.41117058055177069,0.16655192683477349,-0.22692078556632644
1.7312347130048586,-0.41852349804996525,-0.86853884580945184
-0.91462602997822828,0.29419714564108501,-0.83916067845842379
2.4799747024159737,-0.56949303014297881,1.045432443297571
-0.37115879530512252,0.20878234420970632,-0.12990988567565021
2.0558206382801383,0.53372611572908291,0.42882154890993762
0.75504032409842914,-0.56602414905413845,1.0737496939551452
-0.9821386629999056,1.0073781692340771,0.61118857729783205
-0.44308335592752046,0.46767525003368426,2.1056556569813871
-0.37894933947864828,0.022724884877280971,-2.0965102115122196
-2.3211894502715418,0.4840296611967938,-0.0228358044943473
-0.077550553280552492,0.25457967955238736,1.1730902587155025
-0.80428914806047258,0.3803142590952362,-0.72714964492210932
-1.2147787259052789,0.44741369497865868,-3.1773463577560719
-0.016392511197158122,0.23710896034455331,-2.8302270531116314
0.4806766371316824,-0.75547749301583078,-0.74878778946994728
1.8681205838587678,-0.56854941090382294,0.20015609926050359
0.65147678837748102,-0.66335914736043833,-1.4794069998225545
3.3772163647791631,-0.27190712305194431,0.18335933761877721
-0.49754348586730135,0.17417423704610502,0.54307027257544016
-0.56264351560558401,0.01904546699959031,-0.00081724034735231044
0.18040637966812945,0.59254211999394779,-0.12605028796582074
-0.5038529311035671,0.62192022026578275,-0.092514167158397775
1.7633058775636923,0.33786320458536068,0.27265894026903759
1.0390586620681539,-0.24090652815873881,-0.064701920586026418
-0.66497927176643667,0.4296341904362988,0.1388484364324416
-0.086053523141255361,-0.42003093034110517,-0.53456178329799009
2.3758902330945628,0.70181257144417231,0.41900015699279169
-0.79905307342001208,0.087324139298595504,0.023231074074919533
2.0915047658755377,-0.20966601100474591,0.89414120640763528
-0.32178349273796858,0.17881506182058171,-0.57753077376262496
-2.7587115445608141,0.35784452111549925,0.024814952696029735
0.92954964254736683,0.23752693355170074,0.22417905133612237
-1.1827432515984553,-0.50895287420691915,1.9211967755096513
-0.21075167858063448,0.044594100268616543,0.072046330146486426
-2.1450251382473891,-0.3726906220213273,-2.7071015226753836
-0.19833201070608997,0.25444640049663914,-1.5626407185973488
1.6343536577233713,0.82175333523614391,6.8459283879153396
0.72926035744193118,0.33866259744960203,0.93682755604448786
0.70361873524640706,-0.83735322339432017,0.23478991336020272
0.95751160408047498,-0.46271784490769186,-0.45410437369912771
-2.9684261767983138,-0.93243664351607869,-3.5643668284867562
-2.7113189169313561,-0.76698037351573234,2.2982215232002581
0.52553672237833027,-0.46446768225699575,0.34918660784863409
-2.3389876948129107,0.047896087082050176,-2.6041348941732512
1.5244313661535269,-0.076331787582440525,0.71036941284392352
1.6622162214628284,-0.27244778104801148,-0.04543048721633447
0.86831682931318976,-0.033958113897552433,1.1313868077162468
1.8204646232880064,-0.14411979367945715,0.77240216817195595
1.6469147328484448,-0.11263415806113386,0.34701479136238422
0.69887603173585422,0.33354627390664371,0.86887815367843402
0.023209796408702132,-0.14392085492826734,0.94823201619895059
-0.31891734477962608,-0.31374416885898704,0.77522186185365971
-0.53119158225507324,-0.14274673734218801,-2.0638919905328121
0.2964355462422037,0.093896675691189202,1.0363729499118315
-0.65805649929000398,-0.41925813229941911,-0.70123450423383726
1.1783329918541416,0.022719282478170344,1.0199564745740299
-0.33573775330068134,-0.30412960703543845,0.080776932524007083
0.31029698704823461,-0.31400007435482591,0.31420362888876374
-0.29641513268929187,-0.14159289792165497,-0.40967973289464599
-0.088074851170462765,-0.02039166392729963,0.33455703240306423
-0.015256496258812202,0.044258167856824349,0.56078332277179654
-0.13015993689505412,0.11471080980549009,0.20115543382809764
0.78836007697161825,0.2229383762013788,0.80055213548633608
-0.30521275261898784,0.043560209627155899,0.0078310892085582395
1.469705669145027,0.063515583777855156,0.29605374683431762
-0.43527157583303566,-0.14873847717390953,-0.31010389299467978
0.74650614887760325,0.20971257796408516,0.83336253511243807
-0.27188360721776794,0.063793152029581357,0.3216912691747833
0.0019815181350686384,-0.18904448303264765,0.29968358774574089
0.72471154688586892,0.078950161056391188,0.82231664565776796
-0.62274329981730392,-0.29291578551077002,-0.19240948239780664
0.65052817157894016,-0.52641985135940317,-0.32797423536548109
-1.0248165703579553,-0.058520107941435917,0.12721255326668324
0.5630198878262187,0.02887081412850101,0.0097985463759266977
-0.40479652551062528,0.043497822742998515,0.51345559718160327
-0.56757702994889425,0.050220577099378882,-0.0068960301117941825
-0.86319425076339829,-0.027990452388675813,-0.081770235703278793
-1.3538939941401122,-0.12634093928790513,-0.98783249514801952
0.73803656471709367,-0.21596602473626003,0.31503333114659204
-0.31085415101013614,0.038559344806171625,-0.14174569779916268
1.0184421511171844,-0.04212751386416036,-0.44934797786634473
1.217633280335191,-0.44421286915540859,-0.19202750469776819
-0.14174105315748742,0.21963606448370609,0.2465619129650054
0.63940107071335262,-0.23447494267206559,-0.39169407544600832
0.77108002763012107,0.41924081130350799,0.4343613053237847
-0.97711112492720864,0.074190607899416339,-0.10337320751682944
0.1409171360929391,0.070888207368390965,0.10813804200559218
-0.34616103252981889,0.070307170533092433,-0.059973687473806159
0.55084481858963064,-0.17198085695187904,-0.13028361611956596
0.70514203220337202,-0.0029976386413119727,0.26389201769100312
0.61335199723457046,-0.1436486440586382,0.52389189430202032
0.02321270683231802,-0.016053805164563562,0.26476623847768277
0.065657868389045415,-0.055748003278214497,0.60303231989335249
-0.42480291255869229,-0.044780465230016553,0.39130635587273277
-0.71194849032054175,-0.1233387572525162,0.12523176481634746
0.62652636082134805,-0.15367391122184193,-0.073474558447970573
-0.55997585140549844,-0.1012137799593229,0.28210595454976373
0.54337918764446935,-0.10365786163804458,-0.22755480108418169
1.3090939435875617,-0.043229837173320407,0.42277241021201251
-0.29581001742904034,-0.23747470616246158,0.17495564267790886
0.6446410676247265,0.14010530582056901,0.2603651909961533
0.030307429936305752,-0.024076816900684861,0.20044233602732398
0.28908189983308352,-0.26905609887711068,0.45394944090709544
0.4687599251568626,0.11078214671028919,0.068931596991824273
0.067684536405502982,-0.35169800623610925,0.27551759022320432
0.58932856558999269,-0.38051504070783659,0.26381484185636794
-0.62065608903013603,0.13393197253941092,0.34548075266845957
0.53452499519539476,-0.11099668793660744,0.34088540341612972
0.8335189934448004,-0.080009228010354594,-0.31164562524401429
0.11393718586920309,0.23729258130953756,0.61478789205031503
0.13472609197236229,-0.10831024137130085,-0.011209649652377696
0.43343545022441887,-0.10979307348979006,0.6910111456547896
0.1815179433258205,0.1229522531446281,0.049318137037178467
-0.19374002217400799,0.11072907246153507,0.606026160727831
1.3889641645713757,-0.032648657825938177,0.37660665486571965
-1.2575206692544478,-0.022781565552890903,0.17683409368445169
-0.32559525682377322,-0.21649184011750044,-0.058904452577909439
-0.26069060448710446,-0.147065785953719,-0.64273615741507095
-0.89724159648977397,0.023303337687985648,-0.56367645106042197
-0.14674081804302919,-0.11548741095936477,-0.19921333926678253
-0.42864906273074599,-0.045298666439558377,-0.97901666470890081
1.2638409560782253,-0.0089152701827652781,0.47065351836817182
-0.68625893882381006,-0.13366720845975993,-0.09031795625959782
0.93797884589561686,0.32691286432046385,0.23996556159452997
-0.39895216267434441,0.1650828261103221,-0.34511723275472628
-0.070430057610650576,0.16180916521676292,0.045124363851102967
0.31523193600126598,-0.12338924734196977,-0.19292218205504219
1.1508150050076917,0.1706329703213747,-0.26324821816388189
0.82142461743959183,-0.027082364188434127,-0.043179892127718889
-0.042704601475081816,0.33064253692401369,-0.14766063541089114
0.36690347428914061,0.40705016818793305,-0.19579787427827622
-0.36009264503007898,-0.071721783577928466,0.11637031266221953
0.21231849321582241,0.16058680099767209,-0.070463904104288488
0.79060801147548632,-0.094540219789662316,0.022616046312577964
-0.3390290594463552,-0.14836862201669065,0.02790804248398171
0.27439885634445904,0.28101588137158506,0.15566571853689837
-0.16531663058971668,-0.16231057530637072,0.10376863472006903
0.42397104059753277,-0.072392757930156648,0.18803174833608516
-0.21467826621514896,0.080880633969755422,0.14510727717961025
-0.48603890176193154,-0.31245837219445116,0.1170835619576458
0.42240566399271562,-0.34212439740132261,-0.074337086957252829
-1.1672604616560021,0.42822965242174238,0.23351560339991106
0.72436719766218383,-0.37450036689557686,-0.039587923049897
0.093304187811274919,-0.014235898913085299,0.10925462064888558
-0.3188810741993004,0.02013798489358587,-0.45808027163201315
-0.56313110957130963,-0.53217241081503752,-0.77587898045485715
0.13485251127080777,0.31517263494504055,-0.26250592707984355
-1.1086002465846163,0.28789006317375376,0.27063813501502743
-2.6811215974546609,-0.039748295988788152,-1.4797442615606236
-0.031667483766239179,-0.023133117471185627,0.50096502430899803
-1.4814401307709684,-0.56757640986953406,-0.42694827182209727
0.39814297061980231,-0.1268051848297147,0.32018146718161189
2.2179903486091996,0.26113126384174956,-0.023078998652904748
0.38131819657623556,0.3284538712686218,0.3355326855081695
0.67482071030450974,0.53942067642713376,-0.046448779752792047
0.33473102025911605,-0.044119394045846416,-0.13837992674546462
-0.54394520582333294,0.18974621212662501,-0.20925372833246181
-0.21584752994765377,0.1433330515171054,-0.34210287638726777
0.051021602903747909,0.099333650854791067,-0.29181698760317376
-0.700695538372196,0.28894963570336141,-0.29828420177969805
0.90959742812486399,-0.53077636302171727,-0.38877564111392626
0.6560885225835229,0.35503782134034445,-0.10762733067977448
-0.39940007143361511,-0.36854757280568162,-0.29909909535056967
0.34987196286387112,0.18833170145977074,-0.01954152269652909
-1.0113021837486382,0.37291335049359914,-0.20619472061840938
0.53808037167860667,-0.25534849749421973,-0.17944734348219171
-0.52068636527424528,0.09443133984188179,-0.14983212581025962
0.77162366173150299,0.017688908091051059,-0.24482329223353738
0.45376060912529903,0.17094149503646575,-0.029289699798375868
-1.2547017096377637,0.0043272220742935907,-0.261944362358012
1.6916426654524672,0.38950460978246837,-0.095836889985757456
0.11396906838407772,-0.19243014110782242,-0.29717524094268155
-0.16503776222140609,-0.26234752016444501,-0.12709872990512905
1.4257344421843594,-0.28812960404833587,-0.1764421532203172
-0.87009744679508549,0.24091481293502526,0.096891807660937079
-0.30371747760481815,-0.065826426361698331,-0.074949121347636871
-0.083374393900898902,0.034446609229757286,0.10375377436988953
-0.28921424594053091,0.09009640043876721,0.10623948249715398
-0.26161768490333032,0.16725864728187947,-0.10474848094428263
0.28787442461203638,-0.014090783708998245,-0.0018402074380466926
0.30585968600746022,0.48245046447355189,-0.074402534208245219
-0.005443605765479087,0.3314156888500297,0.0079728281067059648
0.19059118504572922,-0.61877840784600213,-0.19261482253283102
0.076500386247690955,0.35411492922880794,-0.024980184489513224
0.4294510031093654,-0.034290945461187272,-0.30971003853976931
0.37811657529152287,0.11253815204971573,0.23980873121036672
0.21138791828962922,0.44090395957274886,-0.17628249063422841
0.053576697629897696,-0.32691017180527959,-0.10404743578411324
-0.49181635149529135,-0.090371957810300829,0.030610510955689119
0.07197376463404348,-0.31592684013362327,-0.15439826598928796
-0.25810922437573358,-0.022764179529156325,0.043036357655455548
0.21024798459546931,0.026726034382466957,-0.20869902759043391
0.26723138452389961,-0.0096206548921665136,-0.29903328929290018
-1.9796518293045109,0.28094656585381766,-0.082929637412995583
-9.7975221104876571,-1.1707153125957139,-1.2193172768284346
