model,response,horizon,shock,value
lin,GDP_growth,0,GDP_growth,1
lin,GDP_growth,0,EN_growth,0
lin,GDP_growth,0,Employment_change,0
lin,GDP_growth,0,Inflation,0
lin,GDP_growth,0,InterestRate,0
lin,GDP_growth,1,GDP_growth,0.30958855774117799
lin,GDP_growth,1,EN_growth,0.066527256761611669
lin,GDP_growth,1,Employment_change,0.82697747399261079
lin,GDP_growth,1,Inflation,-0.077804033366344935
lin,GDP_growth,1,InterestRate,0.15327266934186098
lin,GDP_growth,2,GDP_growth,0.30375160497240034
lin,GDP_growth,2,EN_growth,0.039500647300924334
lin,GDP_growth,2,Employment_change,0.32800173019658929
lin,GDP_growth,2,Inflation,-0.1030401780558397
lin,GDP_growth,2,InterestRate,0.082721186263942828
lin,GDP_growth,3,GDP_growth,0.12298756678267361
lin,GDP_growth,3,EN_growth,0.062287214755663969
lin,GDP_growth,3,Employment_change,0.031279250119254753
lin,GDP_growth,3,Inflation,-0.032374812225907552
lin,GDP_growth,3,InterestRate,-0.14704968413467334
lin,GDP_growth,4,GDP_growth,0.080964871614642941
lin,GDP_growth,4,EN_growth,-0.010281737665625923
lin,GDP_growth,4,Employment_change,-0.38165985870757851
lin,GDP_growth,4,Inflation,-0.22138522676014563
lin,GDP_growth,4,InterestRate,-0.073996030645119518
lin,GDP_growth,5,GDP_growth,0.069943946223394532
lin,GDP_growth,5,EN_growth,-0.0065634698410967206
lin,GDP_growth,5,Employment_change,0.11665922526788622
lin,GDP_growth,5,Inflation,-0.031676679081299168
lin,GDP_growth,5,InterestRate,0.002551639249598627
lin,GDP_growth,6,GDP_growth,0.059440966895632691
lin,GDP_growth,6,EN_growth,0.037539898261061876
lin,GDP_growth,6,Employment_change,0.075158953803710224
lin,GDP_growth,6,Inflation,-0.15529394521281531
lin,GDP_growth,6,InterestRate,-0.14935744286055816
lin,GDP_growth,7,GDP_growth,-0.0081771214083939045
lin,GDP_growth,7,EN_growth,-0.02529815004633304
lin,GDP_growth,7,Employment_change,0.46841218569277482
lin,GDP_growth,7,Inflation,-0.17822637093567176
lin,GDP_growth,7,InterestRate,-0.058441708899423732
lin,GDP_growth,8,GDP_growth,-0.14884491192330093
lin,GDP_growth,8,EN_growth,0.040052736235227281
lin,GDP_growth,8,Employment_change,0.077211931852732729
lin,GDP_growth,8,Inflation,-0.052228012249091946
lin,GDP_growth,8,InterestRate,-0.076338421631702985
lin,GDP_growth,9,GDP_growth,0.17632447756337352
lin,GDP_growth,9,EN_growth,-0.043972420682880362
lin,GDP_growth,9,Employment_change,-0.44254509245490159
lin,GDP_growth,9,Inflation,-0.015378292624479782
lin,GDP_growth,9,InterestRate,-0.13927051932550091
lin,GDP_growth,10,GDP_growth,0.17278592479812516
lin,GDP_growth,10,EN_growth,-0.00012079784685052088
lin,GDP_growth,10,Employment_change,0.0092001566653915484
lin,GDP_growth,10,Inflation,-0.1703152381775806
lin,GDP_growth,10,InterestRate,-0.093387091517553672
lin,GDP_growth,11,GDP_growth,0.10041376963846822
lin,GDP_growth,11,EN_growth,0.0085085623338496588
lin,GDP_growth,11,Employment_change,0.41760828768755209
lin,GDP_growth,11,Inflation,-0.062361425999016229
lin,GDP_growth,11,InterestRate,-0.048165720889395275
lin,GDP_growth,12,GDP_growth,-0.1146257489704111
lin,GDP_growth,12,EN_growth,0.0052469178573038072
lin,GDP_growth,12,Employment_change,0.69491402559830795
lin,GDP_growth,12,Inflation,-0.21500961696780035
lin,GDP_growth,12,InterestRate,-0.0071778369429847336
lin,GDP_growth,13,GDP_growth,-0.086604644394003366
lin,GDP_growth,13,EN_growth,-0.02018928633050671
lin,GDP_growth,13,Employment_change,-0.26125110734518958
lin,GDP_growth,13,Inflation,-0.25995553196427229
lin,GDP_growth,13,InterestRate,-0.052758156136857914
lin,GDP_growth,14,GDP_growth,-0.02513972788364149
lin,GDP_growth,14,EN_growth,-8.7487288394435528e-05
lin,GDP_growth,14,Employment_change,0.03336180709504119
lin,GDP_growth,14,Inflation,0.012904767635373047
lin,GDP_growth,14,InterestRate,-0.039036099507591009
lin,GDP_growth,15,GDP_growth,-0.14623292493587742
lin,GDP_growth,15,EN_growth,-0.03521735040035251
lin,GDP_growth,15,Employment_change,0.1842480363712474
lin,GDP_growth,15,Inflation,0.061811060703765026
lin,GDP_growth,15,InterestRate,0.016654013642792852
lin,EN_growth,0,GDP_growth,-0.0078758352034986774
lin,EN_growth,0,EN_growth,1
lin,EN_growth,0,Employment_change,0
lin,EN_growth,0,Inflation,0
lin,EN_growth,0,InterestRate,0
lin,EN_growth,1,GDP_growth,0.8137634408455694
lin,EN_growth,1,EN_growth,-0.36103886144671549
lin,EN_growth,1,Employment_change,1.0339393091471567
lin,EN_growth,1,Inflation,0.075963916798374109
lin,EN_growth,1,InterestRate,0.22325454021368574
lin,EN_growth,2,GDP_growth,0.30881875817220389
lin,EN_growth,2,EN_growth,-0.085328634175186296
lin,EN_growth,2,Employment_change,0.38617273178458966
lin,EN_growth,2,Inflation,-0.24964416459199651
lin,EN_growth,2,InterestRate,-0.070385136122150735
lin,EN_growth,3,GDP_growth,0.35498578163323025
lin,EN_growth,3,EN_growth,0.13249703264913826
lin,EN_growth,3,Employment_change,-0.46753102778320033
lin,EN_growth,3,Inflation,-0.044078931706639034
lin,EN_growth,3,InterestRate,-0.06665214035534299
lin,EN_growth,4,GDP_growth,-0.17791015278208003
lin,EN_growth,4,EN_growth,-0.072213967775622639
lin,EN_growth,4,Employment_change,0.23704267915925042
lin,EN_growth,4,Inflation,-0.18880719703270576
lin,EN_growth,4,InterestRate,0.14928940004552393
lin,EN_growth,5,GDP_growth,0.015501639705638171
lin,EN_growth,5,EN_growth,-0.032343372271971142
lin,EN_growth,5,Employment_change,0.37208521973095732
lin,EN_growth,5,Inflation,-0.36971619765288799
lin,EN_growth,5,InterestRate,-0.17933561813570803
lin,EN_growth,6,GDP_growth,0.019352582741885865
lin,EN_growth,6,EN_growth,-0.029237731831032763
lin,EN_growth,6,Employment_change,-0.52895213881083536
lin,EN_growth,6,Inflation,0.050939025999816701
lin,EN_growth,6,InterestRate,-0.156193706724918
lin,EN_growth,7,GDP_growth,-0.10672651558733445
lin,EN_growth,7,EN_growth,0.13728832477912503
lin,EN_growth,7,Employment_change,-1.3464715697654539
lin,EN_growth,7,Inflation,-0.15818484346808193
lin,EN_growth,7,InterestRate,-0.20620872937079163
lin,EN_growth,8,GDP_growth,0.14777262621575143
lin,EN_growth,8,EN_growth,-0.27257808409072676
lin,EN_growth,8,Employment_change,1.2833271626936615
lin,EN_growth,8,Inflation,0.087680936275837076
lin,EN_growth,8,InterestRate,-0.23342282022308122
lin,EN_growth,9,GDP_growth,-0.31369937280448013
lin,EN_growth,9,EN_growth,0.14438626225773835
lin,EN_growth,9,Employment_change,-0.28194535658094533
lin,EN_growth,9,Inflation,-0.35292404397382376
lin,EN_growth,9,InterestRate,0.079740940525712414
lin,EN_growth,10,GDP_growth,0.17118852796116749
lin,EN_growth,10,EN_growth,0.076603724808104567
lin,EN_growth,10,Employment_change,0.33175065342444593
lin,EN_growth,10,Inflation,0.13731765322339953
lin,EN_growth,10,InterestRate,-0.18588109458399824
lin,EN_growth,11,GDP_growth,0.091285234775143706
lin,EN_growth,11,EN_growth,-0.13548598217714672
lin,EN_growth,11,Employment_change,1.3438800052439173
lin,EN_growth,11,Inflation,-0.060375071936120989
lin,EN_growth,11,InterestRate,-0.18869997292216331
lin,EN_growth,12,GDP_growth,0.13269641873765498
lin,EN_growth,12,EN_growth,-0.055061235573282477
lin,EN_growth,12,Employment_change,-0.15411947803367346
lin,EN_growth,12,Inflation,-0.34655123374438124
lin,EN_growth,12,InterestRate,0.080619875750435888
lin,EN_growth,13,GDP_growth,0.043532160273793731
lin,EN_growth,13,EN_growth,0.096821347525832338
lin,EN_growth,13,Employment_change,-0.83474468756539133
lin,EN_growth,13,Inflation,0.05739860656854219
lin,EN_growth,13,InterestRate,-0.098915418503172772
lin,EN_growth,14,GDP_growth,0.09441802437450679
lin,EN_growth,14,EN_growth,0.056708409617123146
lin,EN_growth,14,Employment_change,0.46666773874922918
lin,EN_growth,14,Inflation,-0.42598337433115213
lin,EN_growth,14,InterestRate,-0.0090269703050856742
lin,EN_growth,15,GDP_growth,-0.1746887381537349
lin,EN_growth,15,EN_growth,-0.012078180375181055
lin,EN_growth,15,Employment_change,0.76558330725688295
lin,EN_growth,15,Inflation,-0.27978855902817129
lin,EN_growth,15,InterestRate,0.086472611553674514
lin,Employment_change,0,GDP_growth,0.17937615170057902
lin,Employment_change,0,EN_growth,0.0039866945645907178
lin,Employment_change,0,Employment_change,1
lin,Employment_change,0,Inflation,0
lin,Employment_change,0,InterestRate,0
lin,Employment_change,1,GDP_growth,0.18189838444964634
lin,Employment_change,1,EN_growth,0.0097826011488209401
lin,Employment_change,1,Employment_change,0.48263199032620879
lin,Employment_change,1,Inflation,-0.009195616967759843
lin,Employment_change,1,InterestRate,0.076306174881691322
lin,Employment_change,2,GDP_growth,0.17568947356595535
lin,Employment_change,2,EN_growth,0.024985776439213934
lin,Employment_change,2,Employment_change,0.28577903984618258
lin,Employment_change,2,Inflation,-0.0048972000021797347
lin,Employment_change,2,InterestRate,0.024468946857100982
lin,Employment_change,3,GDP_growth,0.11734043434023113
lin,Employment_change,3,EN_growth,0.020854449589748931
lin,Employment_change,3,Employment_change,0.23415920104739035
lin,Employment_change,3,Inflation,-0.0209194770568727
lin,Employment_change,3,InterestRate,-0.027454536934179496
lin,Employment_change,4,GDP_growth,0.091500268793551887
lin,Employment_change,4,EN_growth,0.0098973617161466458
lin,Employment_change,4,Employment_change,0.016942561834386919
lin,Employment_change,4,Inflation,-0.038459615824782696
lin,Employment_change,4,InterestRate,-0.0055278476291004235
lin,Employment_change,5,GDP_growth,0.0028773820760604543
lin,Employment_change,5,EN_growth,-0.0034442402749635414
lin,Employment_change,5,Employment_change,-0.032692800350762483
lin,Employment_change,5,Inflation,-0.064619342400711433
lin,Employment_change,5,InterestRate,-0.037411827526354531
lin,Employment_change,6,GDP_growth,-0.016883815651851375
lin,Employment_change,6,EN_growth,0.0014752937012836869
lin,Employment_change,6,Employment_change,0.22399813904583366
lin,Employment_change,6,Inflation,-0.050327788506052226
lin,Employment_change,6,InterestRate,-0.039228140657373456
lin,Employment_change,7,GDP_growth,-0.011691709145599015
lin,Employment_change,7,EN_growth,-0.004709127838474444
lin,Employment_change,7,Employment_change,0.26557242362887667
lin,Employment_change,7,Inflation,-0.074543605225540738
lin,Employment_change,7,InterestRate,-0.041333681184198112
lin,Employment_change,8,GDP_growth,-0.03218021187023247
lin,Employment_change,8,EN_growth,-0.0070251877808707713
lin,Employment_change,8,Employment_change,0.023858018802560294
lin,Employment_change,8,Inflation,-0.047542149486686863
lin,Employment_change,8,InterestRate,-0.037610295207105196
lin,Employment_change,9,GDP_growth,-0.016631645394531193
lin,Employment_change,9,EN_growth,-0.0096187214669738695
lin,Employment_change,9,Employment_change,0.00066423821590673449
lin,Employment_change,9,Inflation,-0.043602165373608642
lin,Employment_change,9,InterestRate,-0.088421639681807288
lin,Employment_change,10,GDP_growth,0.063341836197864487
lin,Employment_change,10,EN_growth,-0.007855392504722095
lin,Employment_change,10,Employment_change,-0.034211889842791832
lin,Employment_change,10,Inflation,-0.00039427619196074834
lin,Employment_change,10,InterestRate,-0.051737702707347781
lin,Employment_change,11,GDP_growth,0.010527932218047705
lin,Employment_change,11,EN_growth,-0.013502899148006738
lin,Employment_change,11,Employment_change,0.075424694608285991
lin,Employment_change,11,Inflation,-0.05355117083574433
lin,Employment_change,11,InterestRate,-0.025314549339692891
lin,Employment_change,12,GDP_growth,-0.069900845456120214
lin,Employment_change,12,EN_growth,0.013010191657081531
lin,Employment_change,12,Employment_change,0.095609182830978107
lin,Employment_change,12,Inflation,-0.047811745107493239
lin,Employment_change,12,InterestRate,-0.035704987157965634
lin,Employment_change,13,GDP_growth,-0.042895218732563425
lin,Employment_change,13,EN_growth,0.0081027980420780282
lin,Employment_change,13,Employment_change,0.16433756319723619
lin,Employment_change,13,Inflation,-0.045588318307974725
lin,Employment_change,13,InterestRate,-0.028143123659957473
lin,Employment_change,14,GDP_growth,-0.060834393295319797
lin,Employment_change,14,EN_growth,-0.017675283304316194
lin,Employment_change,14,Employment_change,0.12588976846942623
lin,Employment_change,14,Inflation,-0.052819502187295059
lin,Employment_change,14,InterestRate,-0.034917280435978928
lin,Employment_change,15,GDP_growth,-0.07355959226208747
lin,Employment_change,15,EN_growth,-0.0082836613355220506
lin,Employment_change,15,Employment_change,0.19092603342292475
lin,Employment_change,15,Inflation,-0.01156577422542608
lin,Employment_change,15,InterestRate,-0.018228445031195376
lin,Inflation,0,GDP_growth,0.039845062739230636
lin,Inflation,0,EN_growth,-7.7565940695094716e-05
lin,Inflation,0,Employment_change,-0.019826107448023808
lin,Inflation,0,Inflation,1
lin,Inflation,0,InterestRate,0
lin,Inflation,1,GDP_growth,0.079935912052828018
lin,Inflation,1,EN_growth,0.063313348469511616
lin,Inflation,1,Employment_change,0.25944515088569986
lin,Inflation,1,Inflation,0.44153297345670078
lin,Inflation,1,InterestRate,0.11349469472316598
lin,Inflation,2,GDP_growth,0.076027561974674099
lin,Inflation,2,EN_growth,0.040026314975194738
lin,Inflation,2,Employment_change,-0.048184871934486201
lin,Inflation,2,Inflation,0.1240360983688257
lin,Inflation,2,InterestRate,0.21134746328234097
lin,Inflation,3,GDP_growth,0.052069444567972946
lin,Inflation,3,EN_growth,0.037908484230737803
lin,Inflation,3,Employment_change,-0.50654930125119046
lin,Inflation,3,Inflation,0.27153536414230139
lin,Inflation,3,InterestRate,0.094487134990059132
lin,Inflation,4,GDP_growth,0.18153781828111371
lin,Inflation,4,EN_growth,0.023539303301919036
lin,Inflation,4,Employment_change,0.063292399063511459
lin,Inflation,4,Inflation,0.20948831920981725
lin,Inflation,4,InterestRate,0.074182492446894704
lin,Inflation,5,GDP_growth,0.1073832576775916
lin,Inflation,5,EN_growth,0.010087544195918854
lin,Inflation,5,Employment_change,-0.14686657271842674
lin,Inflation,5,Inflation,0.23027487020357315
lin,Inflation,5,InterestRate,0.11147397459545889
lin,Inflation,6,GDP_growth,0.12070838705353946
lin,Inflation,6,EN_growth,0.035177928381714442
lin,Inflation,6,Employment_change,-0.36304035916474869
lin,Inflation,6,Inflation,0.33948317314685317
lin,Inflation,6,InterestRate,0.089365469453919655
lin,Inflation,7,GDP_growth,0.25152967071988902
lin,Inflation,7,EN_growth,0.033083815353221441
lin,Inflation,7,Employment_change,-0.1075410011028802
lin,Inflation,7,Inflation,0.29043039139946564
lin,Inflation,7,InterestRate,0.091414347028241208
lin,Inflation,8,GDP_growth,0.14150856846052609
lin,Inflation,8,EN_growth,0.026373279291290262
lin,Inflation,8,Employment_change,-0.25506903195990693
lin,Inflation,8,Inflation,0.30006379511744652
lin,Inflation,8,InterestRate,0.086283398196863814
lin,Inflation,9,GDP_growth,0.11646641582843956
lin,Inflation,9,EN_growth,-0.01375733030421427
lin,Inflation,9,Employment_change,-0.43914306670862541
lin,Inflation,9,Inflation,0.20651823621689855
lin,Inflation,9,InterestRate,0.012026544711799932
lin,Inflation,10,GDP_growth,0.17647197605139131
lin,Inflation,10,EN_growth,0.014009925060825724
lin,Inflation,10,Employment_change,-0.46035955511353799
lin,Inflation,10,Inflation,0.12624582382880381
lin,Inflation,10,InterestRate,-0.06138396285590101
lin,Inflation,11,GDP_growth,0.25027772821774852
lin,Inflation,11,EN_growth,0.05720970238750718
lin,Inflation,11,Employment_change,-0.23137900522910276
lin,Inflation,11,Inflation,0.12846382338899862
lin,Inflation,11,InterestRate,0.0075319008187677882
lin,Inflation,12,GDP_growth,0.12469856050379113
lin,Inflation,12,EN_growth,0.062569226414444554
lin,Inflation,12,Employment_change,-0.17592948715975751
lin,Inflation,12,Inflation,0.181613122097881
lin,Inflation,12,InterestRate,0.001921727076974282
lin,Inflation,13,GDP_growth,0.17857515549039643
lin,Inflation,13,EN_growth,0.072157404560115351
lin,Inflation,13,Employment_change,-0.1465626806765693
lin,Inflation,13,Inflation,0.094794689234112106
lin,Inflation,13,InterestRate,-0.09325749565989401
lin,Inflation,14,GDP_growth,0.23734504905610679
lin,Inflation,14,EN_growth,0.065617567518013994
lin,Inflation,14,Employment_change,0.034443290363495707
lin,Inflation,14,Inflation,0.19486692478253481
lin,Inflation,14,InterestRate,-0.07376590426133102
lin,Inflation,15,GDP_growth,0.18617038566643185
lin,Inflation,15,EN_growth,0.03156254937321646
lin,Inflation,15,Employment_change,-0.35602960309588616
lin,Inflation,15,Inflation,0.064929687028121144
lin,Inflation,15,InterestRate,-0.068087403102788518
lin,InterestRate,0,GDP_growth,0.51726127309033865
lin,InterestRate,0,EN_growth,0.042553905648767591
lin,InterestRate,0,Employment_change,0.76380382254125889
lin,InterestRate,0,Inflation,-0.20680006369118481
lin,InterestRate,0,InterestRate,1
lin,InterestRate,1,GDP_growth,0.56888000547637363
lin,InterestRate,1,EN_growth,0.071808491350227571
lin,InterestRate,1,Employment_change,0.67353144222166939
lin,InterestRate,1,Inflation,0.15013787880019325
lin,InterestRate,1,InterestRate,0.76398164623238651
lin,InterestRate,2,GDP_growth,0.59250404453468575
lin,InterestRate,2,EN_growth,0.061531165694055326
lin,InterestRate,2,Employment_change,1.1591808015151013
lin,InterestRate,2,Inflation,0.53118845649956237
lin,InterestRate,2,InterestRate,0.54458394959172729
lin,InterestRate,3,GDP_growth,0.62951667704571768
lin,InterestRate,3,EN_growth,0.1096202078494187
lin,InterestRate,3,Employment_change,0.66733913249452614
lin,InterestRate,3,Inflation,0.46132958731123386
lin,InterestRate,3,InterestRate,0.84903124006646469
lin,InterestRate,4,GDP_growth,0.95960660789678176
lin,InterestRate,4,EN_growth,0.033894115947067018
lin,InterestRate,4,Employment_change,-0.582832227755405
lin,InterestRate,4,Inflation,0.58534956120922477
lin,InterestRate,4,InterestRate,0.67113432486573588
lin,InterestRate,5,GDP_growth,0.95285945232316127
lin,InterestRate,5,EN_growth,0.057937307791372072
lin,InterestRate,5,Employment_change,0.34191356156405839
lin,InterestRate,5,Inflation,0.76709845364923201
lin,InterestRate,5,InterestRate,0.76562446356537772
lin,InterestRate,6,GDP_growth,1.0637607688342883
lin,InterestRate,6,EN_growth,0.13235136891089677
lin,InterestRate,6,Employment_change,0.61326351484485964
lin,InterestRate,6,Inflation,0.86700111529433732
lin,InterestRate,6,InterestRate,0.77490110710240767
lin,InterestRate,7,GDP_growth,0.63017873965779625
lin,InterestRate,7,EN_growth,0.069155325481105992
lin,InterestRate,7,Employment_change,1.2506241368087319
lin,InterestRate,7,Inflation,1.1060358119669862
lin,InterestRate,7,InterestRate,0.53409887516567789
lin,InterestRate,8,GDP_growth,0.68356754883466075
lin,InterestRate,8,EN_growth,0.087295158809058429
lin,InterestRate,8,Employment_change,-0.15795997414557983
lin,InterestRate,8,Inflation,0.92913504650624923
lin,InterestRate,8,InterestRate,0.45918277939790336
lin,InterestRate,9,GDP_growth,1.3883069829264132
lin,InterestRate,9,EN_growth,0.13612992004487129
lin,InterestRate,9,Employment_change,-0.77030961313426249
lin,InterestRate,9,Inflation,0.7786648491700412
lin,InterestRate,9,InterestRate,0.46252832173908587
lin,InterestRate,10,GDP_growth,1.310404696737937
lin,InterestRate,10,EN_growth,0.16956776656308134
lin,InterestRate,10,Employment_change,0.02063685954336042
lin,InterestRate,10,Inflation,0.90336482354693148
lin,InterestRate,10,InterestRate,0.40167899371227167
lin,InterestRate,11,GDP_growth,1.2937180665079806
lin,InterestRate,11,EN_growth,0.18817441317612596
lin,InterestRate,11,Employment_change,0.32487734932447426
lin,InterestRate,11,Inflation,0.92124693575046435
lin,InterestRate,11,InterestRate,0.23433036538474611
lin,InterestRate,12,GDP_growth,1.2289276285209179
lin,InterestRate,12,EN_growth,0.26477256851629583
lin,InterestRate,12,Employment_change,0.044952116395160349
lin,InterestRate,12,Inflation,0.57981749663166049
lin,InterestRate,12,InterestRate,0.14416977588686145
lin,InterestRate,13,GDP_growth,1.2594870947893084
lin,InterestRate,13,EN_growth,0.12593325773143801
lin,InterestRate,13,Employment_change,-0.15311914995002102
lin,InterestRate,13,Inflation,0.60749960810780668
lin,InterestRate,13,InterestRate,0.12667249845914177
lin,InterestRate,14,GDP_growth,1.4040112007703525
lin,InterestRate,14,EN_growth,0.13468673374377699
lin,InterestRate,14,Employment_change,0.22546288893800517
lin,InterestRate,14,Inflation,0.55253663474830261
lin,InterestRate,14,InterestRate,-0.02405826381075479
lin,InterestRate,15,GDP_growth,1.5926735351801296
lin,InterestRate,15,EN_growth,0.2804780518429919
lin,InterestRate,15,Employment_change,0.52454092961758148
lin,InterestRate,15,Inflation,0.66338131258291488
lin,InterestRate,15,InterestRate,-0.11239712608293076
s1,GDP_growth,0,GDP_growth,1
s1,GDP_growth,0,EN_growth,0
s1,GDP_growth,0,Employment_change,0
s1,GDP_growth,0,Inflation,0
s1,GDP_growth,0,InterestRate,0
s1,GDP_growth,1,GDP_growth,0.087032412076688881
s1,GDP_growth,1,EN_growth,0.16936137309518393
s1,GDP_growth,1,Employment_change,1.2288584940791769
s1,GDP_growth,1,Inflation,0.15620447826675582
s1,GDP_growth,1,InterestRate,0.33274863311248321
s1,GDP_growth,2,GDP_growth,0.19020633857555669
s1,GDP_growth,2,EN_growth,0.073810977704581088
s1,GDP_growth,2,Employment_change,0.84965766027594336
s1,GDP_growth,2,Inflation,-0.23584517843502395
s1,GDP_growth,2,InterestRate,0.014152625759988642
s1,GDP_growth,3,GDP_growth,0.0128116262919079
s1,GDP_growth,3,EN_growth,0.043424279313116945
s1,GDP_growth,3,Employment_change,0.39613682338701778
s1,GDP_growth,3,Inflation,-0.022292988775105854
s1,GDP_growth,3,InterestRate,-0.071313097912280701
s1,GDP_growth,4,GDP_growth,-0.10814818069050791
s1,GDP_growth,4,EN_growth,0.016053455797416894
s1,GDP_growth,4,Employment_change,-0.89671686714242893
s1,GDP_growth,4,Inflation,-0.6055849673328384
s1,GDP_growth,4,InterestRate,0.032175201683043539
s1,GDP_growth,5,GDP_growth,-0.053244338160565924
s1,GDP_growth,5,EN_growth,-0.095213813634500294
s1,GDP_growth,5,Employment_change,-1.6486985952930497
s1,GDP_growth,5,Inflation,0.073051271574002208
s1,GDP_growth,5,InterestRate,0.25388905062441358
s1,GDP_growth,6,GDP_growth,-0.20227525156114912
s1,GDP_growth,6,EN_growth,-0.15377136363307659
s1,GDP_growth,6,Employment_change,0.11238084523568381
s1,GDP_growth,6,Inflation,-0.15300340559523698
s1,GDP_growth,6,InterestRate,-0.12378188879759285
s1,GDP_growth,7,GDP_growth,-0.10805262524834239
s1,GDP_growth,7,EN_growth,0.019508701469953
s1,GDP_growth,7,Employment_change,1.482407505925182
s1,GDP_growth,7,Inflation,-0.17762829788002907
s1,GDP_growth,7,InterestRate,-0.045600769169694265
s1,GDP_growth,8,GDP_growth,-0.30494684006586426
s1,GDP_growth,8,EN_growth,-0.086402402112414942
s1,GDP_growth,8,Employment_change,-0.10755236767854517
s1,GDP_growth,8,Inflation,0.49289607592618884
s1,GDP_growth,8,InterestRate,-0.009244355956330233
s1,GDP_growth,9,GDP_growth,0.15811403409322689
s1,GDP_growth,9,EN_growth,-0.16452974928076361
s1,GDP_growth,9,Employment_change,0.44939702089355132
s1,GDP_growth,9,Inflation,0.29550206172029631
s1,GDP_growth,9,InterestRate,-0.15973934414209504
s1,GDP_growth,10,GDP_growth,0.42583231894815998
s1,GDP_growth,10,EN_growth,0.13241953803749087
s1,GDP_growth,10,Employment_change,1.2018553109579497
s1,GDP_growth,10,Inflation,-0.24867037106811146
s1,GDP_growth,10,InterestRate,-0.16928997280355876
s1,GDP_growth,11,GDP_growth,0.085556346015905033
s1,GDP_growth,11,EN_growth,0.045588839868962998
s1,GDP_growth,11,Employment_change,-1.6204793462638047
s1,GDP_growth,11,Inflation,-0.036043318672101629
s1,GDP_growth,11,InterestRate,0.029116685206973796
s1,GDP_growth,12,GDP_growth,-0.21354033516234566
s1,GDP_growth,12,EN_growth,-0.0047783821240395185
s1,GDP_growth,12,Employment_change,1.0768053360235781
s1,GDP_growth,12,Inflation,-0.130682082116933
s1,GDP_growth,12,InterestRate,0.00033460596824681343
s1,GDP_growth,13,GDP_growth,-0.0046145785890005855
s1,GDP_growth,13,EN_growth,-0.021534932635485296
s1,GDP_growth,13,Employment_change,0.36439414332053482
s1,GDP_growth,13,Inflation,-0.17227514503853616
s1,GDP_growth,13,InterestRate,-0.088318374595498739
s1,GDP_growth,14,GDP_growth,-0.29315316122920287
s1,GDP_growth,14,EN_growth,0.044666654723524907
s1,GDP_growth,14,Employment_change,-1.0516409975752514
s1,GDP_growth,14,Inflation,0.048951979209532037
s1,GDP_growth,14,InterestRate,0.072117862828909432
s1,GDP_growth,15,GDP_growth,-0.41649666933661644
s1,GDP_growth,15,EN_growth,-0.14113261150197387
s1,GDP_growth,15,Employment_change,0.10544407878854932
s1,GDP_growth,15,Inflation,0.030268251878152602
s1,GDP_growth,15,InterestRate,0.10367407404125827
s1,EN_growth,0,GDP_growth,-0.0078758352034986774
s1,EN_growth,0,EN_growth,1
s1,EN_growth,0,Employment_change,0
s1,EN_growth,0,Inflation,0
s1,EN_growth,0,InterestRate,0
s1,EN_growth,1,GDP_growth,0.97400890669408502
s1,EN_growth,1,EN_growth,-0.55896037687565947
s1,EN_growth,1,Employment_change,3.4748089646681484
s1,EN_growth,1,Inflation,-0.56010398674355333
s1,EN_growth,1,InterestRate,0.20456604350167593
s1,EN_growth,2,GDP_growth,0.15179482327564708
s1,EN_growth,2,EN_growth,0.1444726446114768
s1,EN_growth,2,Employment_change,-1.1898042749719528
s1,EN_growth,2,Inflation,0.7475542791608909
s1,EN_growth,2,InterestRate,0.40388382799880423
s1,EN_growth,3,GDP_growth,-0.48006313688261476
s1,EN_growth,3,EN_growth,0.12451120979740522
s1,EN_growth,3,Employment_change,1.2844990182273253
s1,EN_growth,3,Inflation,-0.14405838248313746
s1,EN_growth,3,InterestRate,-0.33764074245076348
s1,EN_growth,4,GDP_growth,-0.39330864413416788
s1,EN_growth,4,EN_growth,-0.045237633611385233
s1,EN_growth,4,Employment_change,-0.75458515859010933
s1,EN_growth,4,Inflation,-0.67014172033938624
s1,EN_growth,4,InterestRate,0.33182772734337096
s1,EN_growth,5,GDP_growth,0.10005052144912531
s1,EN_growth,5,EN_growth,-0.26740073571675355
s1,EN_growth,5,Employment_change,-2.3547628573680739
s1,EN_growth,5,Inflation,-0.57663795295566234
s1,EN_growth,5,InterestRate,-0.0029286256792519982
s1,EN_growth,6,GDP_growth,-0.23208098708814934
s1,EN_growth,6,EN_growth,-0.15440176787936435
s1,EN_growth,6,Employment_change,-0.17754073370689
s1,EN_growth,6,Inflation,-0.17746688896710197
s1,EN_growth,6,InterestRate,-0.030538231704658084
s1,EN_growth,7,GDP_growth,-0.41452546998513506
s1,EN_growth,7,EN_growth,0.21860060660616351
s1,EN_growth,7,Employment_change,-1.0553576890505802
s1,EN_growth,7,Inflation,-0.031040413775894178
s1,EN_growth,7,InterestRate,-0.10569309687038017
s1,EN_growth,8,GDP_growth,-0.15754573893593957
s1,EN_growth,8,EN_growth,-0.33928618415867057
s1,EN_growth,8,Employment_change,-1.1764369639409855
s1,EN_growth,8,Inflation,-0.084013481102499538
s1,EN_growth,8,InterestRate,-0.091243023582488675
s1,EN_growth,9,GDP_growth,-0.38343312438291688
s1,EN_growth,9,EN_growth,-0.15815797058140277
s1,EN_growth,9,Employment_change,1.047991801140971
s1,EN_growth,9,Inflation,0.68014642902020528
s1,EN_growth,9,InterestRate,-0.19770449745379642
s1,EN_growth,10,GDP_growth,1.1921630268763845
s1,EN_growth,10,EN_growth,0.11629477309037736
s1,EN_growth,10,Employment_change,0.089826899849973607
s1,EN_growth,10,Inflation,0.089455691724551034
s1,EN_growth,10,InterestRate,-0.16312376605638496
s1,EN_growth,11,GDP_growth,-0.091133084122820424
s1,EN_growth,11,EN_growth,-0.095326390445256856
s1,EN_growth,11,Employment_change,2.2813577672119654
s1,EN_growth,11,Inflation,0.24409709200225829
s1,EN_growth,11,InterestRate,-0.016134189039583829
s1,EN_growth,12,GDP_growth,-0.52572422681680209
s1,EN_growth,12,EN_growth,-0.046469422596233684
s1,EN_growth,12,Employment_change,-0.45844675721246059
s1,EN_growth,12,Inflation,-0.0021524590813305853
s1,EN_growth,12,InterestRate,-0.060890646331846661
s1,EN_growth,13,GDP_growth,0.54234828127079515
s1,EN_growth,13,EN_growth,0.43687761802695957
s1,EN_growth,13,Employment_change,0.24407730022252816
s1,EN_growth,13,Inflation,0.42572081823833829
s1,EN_growth,13,InterestRate,-0.025911841346860084
s1,EN_growth,14,GDP_growth,-0.4779666189746678
s1,EN_growth,14,EN_growth,0.18544914328190326
s1,EN_growth,14,Employment_change,-0.39295524816747629
s1,EN_growth,14,Inflation,-1.5019626345322667
s1,EN_growth,14,InterestRate,0.14055320478309963
s1,EN_growth,15,GDP_growth,-0.39057629684622419
s1,EN_growth,15,EN_growth,-0.35690998432068188
s1,EN_growth,15,Employment_change,-0.53616950427373777
s1,EN_growth,15,Inflation,-0.40947697783647174
s1,EN_growth,15,InterestRate,0.51731604954276822
s1,Employment_change,0,GDP_growth,0.17937615170057902
s1,Employment_change,0,EN_growth,0.0039866945645907178
s1,Employment_change,0,Employment_change,1
s1,Employment_change,0,Inflation,0
s1,Employment_change,0,InterestRate,0
s1,Employment_change,1,GDP_growth,0.026636768525169836
s1,Employment_change,1,EN_growth,0.012009693864923154
s1,Employment_change,1,Employment_change,0.96644107024817871
s1,Employment_change,1,Inflation,0.15992408498059119
s1,Employment_change,1,InterestRate,0.070429423451399881
s1,Employment_change,2,GDP_growth,0.14994428842055424
s1,Employment_change,2,EN_growth,0.076980842549501438
s1,Employment_change,2,Employment_change,0.50349490129654906
s1,Employment_change,2,Inflation,-0.0568628483900529
s1,Employment_change,2,InterestRate,0.054257047086006156
s1,Employment_change,3,GDP_growth,0.03132532627038162
s1,Employment_change,3,EN_growth,0.066005635392832079
s1,Employment_change,3,Employment_change,0.85383575457703453
s1,Employment_change,3,Inflation,-0.12696067358861593
s1,Employment_change,3,InterestRate,-0.0070547032343583798
s1,Employment_change,4,GDP_growth,0.094258319929285281
s1,Employment_change,4,EN_growth,0.0017179549398453865
s1,Employment_change,4,Employment_change,-0.020964891971942075
s1,Employment_change,4,Inflation,-0.1637040595600941
s1,Employment_change,4,InterestRate,0.064096357588527039
s1,Employment_change,5,GDP_growth,-0.036400432258473905
s1,Employment_change,5,EN_growth,-0.041854110208122561
s1,Employment_change,5,Employment_change,-0.2053760237071795
s1,Employment_change,5,Inflation,-0.23259483678736495
s1,Employment_change,5,InterestRate,0.069432745849773506
s1,Employment_change,6,GDP_growth,-0.037681584775154174
s1,Employment_change,6,EN_growth,-0.05854714341586105
s1,Employment_change,6,Employment_change,0.46368944400684853
s1,Employment_change,6,Inflation,-0.14971841296387955
s1,Employment_change,6,InterestRate,0.0055605932084278964
s1,Employment_change,7,GDP_growth,-0.045434526390367609
s1,Employment_change,7,EN_growth,-0.029061122378900007
s1,Employment_change,7,Employment_change,0.52994751030219545
s1,Employment_change,7,Inflation,-0.10088878887612555
s1,Employment_change,7,InterestRate,-0.019837797347748209
s1,Employment_change,8,GDP_growth,-0.15423216464504499
s1,Employment_change,8,EN_growth,-0.07064513682886972
s1,Employment_change,8,Employment_change,0.18545519184097473
s1,Employment_change,8,Inflation,0.06789447987887004
s1,Employment_change,8,InterestRate,-0.029573893086068438
s1,Employment_change,9,GDP_growth,0.0026705301580233695
s1,Employment_change,9,EN_growth,-0.025531083286716959
s1,Employment_change,9,Employment_change,0.24032917717397168
s1,Employment_change,9,Inflation,-0.086232188852121666
s1,Employment_change,9,InterestRate,-0.086290610159381873
s1,Employment_change,10,GDP_growth,0.070815956706303113
s1,Employment_change,10,EN_growth,-0.028094007652743631
s1,Employment_change,10,Employment_change,-0.013712507950886493
s1,Employment_change,10,Inflation,0.084445840943178141
s1,Employment_change,10,InterestRate,-0.11174629298967215
s1,Employment_change,11,GDP_growth,0.038443430443928027
s1,Employment_change,11,EN_growth,-0.033165683626705723
s1,Employment_change,11,Employment_change,0.060615881896433861
s1,Employment_change,11,Inflation,-0.049564822434572879
s1,Employment_change,11,InterestRate,-0.032540763130088551
s1,Employment_change,12,GDP_growth,-0.079735154782767798
s1,Employment_change,12,EN_growth,0.035798074973543814
s1,Employment_change,12,Employment_change,0.14482123258613872
s1,Employment_change,12,Inflation,0.013873054640041281
s1,Employment_change,12,InterestRate,-0.086404212169187866
s1,Employment_change,13,GDP_growth,-0.048847989998845445
s1,Employment_change,13,EN_growth,0.018416549989247594
s1,Employment_change,13,Employment_change,0.25155460762758974
s1,Employment_change,13,Inflation,-0.061950655043300745
s1,Employment_change,13,InterestRate,-0.060708548263313442
s1,Employment_change,14,GDP_growth,-0.16995407636581941
s1,Employment_change,14,EN_growth,0.0077151974290882181
s1,Employment_change,14,Employment_change,-0.19122125309527777
s1,Employment_change,14,Inflation,0.031399087121866481
s1,Employment_change,14,InterestRate,-0.0099583563483031986
s1,Employment_change,15,GDP_growth,-0.22230433944113473
s1,Employment_change,15,EN_growth,-0.020090365126672113
s1,Employment_change,15,Employment_change,-0.015596169899419136
s1,Employment_change,15,Inflation,0.030755836504751069
s1,Employment_change,15,InterestRate,-0.018671917116107439
s1,Inflation,0,GDP_growth,0.039845062739230636
s1,Inflation,0,EN_growth,-7.7565940695094716e-05
s1,Inflation,0,Employment_change,-0.019826107448023808
s1,Inflation,0,Inflation,1
s1,Inflation,0,InterestRate,0
s1,Inflation,1,GDP_growth,0.14136419534446029
s1,Inflation,1,EN_growth,0.19915461342660751
s1,Inflation,1,Employment_change,1.25193165608998
s1,Inflation,1,Inflation,0.50890272916086876
s1,Inflation,1,InterestRate,0.057072766370258515
s1,Inflation,2,GDP_growth,0.12060149827096202
s1,Inflation,2,EN_growth,0.042931343845825254
s1,Inflation,2,Employment_change,1.0218549455800696
s1,Inflation,2,Inflation,-0.11605588423750775
s1,Inflation,2,InterestRate,0.23927852866923568
s1,Inflation,3,GDP_growth,0.080760764386834508
s1,Inflation,3,EN_growth,0.058105115549023215
s1,Inflation,3,Employment_change,-0.29838330590440565
s1,Inflation,3,Inflation,0.10076244289716689
s1,Inflation,3,InterestRate,0.14708466260512107
s1,Inflation,4,GDP_growth,0.19165439409475238
s1,Inflation,4,EN_growth,0.089852203888906385
s1,Inflation,4,Employment_change,0.34045686458969654
s1,Inflation,4,Inflation,0.082961080154596911
s1,Inflation,4,InterestRate,0.15507193746526513
s1,Inflation,5,GDP_growth,0.086530542942439004
s1,Inflation,5,EN_growth,0.0086076333282087397
s1,Inflation,5,Employment_change,-0.48459835353365882
s1,Inflation,5,Inflation,-0.032382112095608637
s1,Inflation,5,InterestRate,0.15495722251848093
s1,Inflation,6,GDP_growth,0.25029394106470682
s1,Inflation,6,EN_growth,0.024945799277353641
s1,Inflation,6,Employment_change,-0.12373197953846465
s1,Inflation,6,Inflation,0.1194483418195348
s1,Inflation,6,InterestRate,0.055684664730207452
s1,Inflation,7,GDP_growth,0.62830869862317573
s1,Inflation,7,EN_growth,0.033486507301297937
s1,Inflation,7,Employment_change,0.96787044841701619
s1,Inflation,7,Inflation,-0.20223342090357679
s1,Inflation,7,InterestRate,0.091308022361576091
s1,Inflation,8,GDP_growth,0.20899501345819518
s1,Inflation,8,EN_growth,0.063406289870113847
s1,Inflation,8,Employment_change,-0.52523486243598894
s1,Inflation,8,Inflation,0.18206356552259398
s1,Inflation,8,InterestRate,0.12262152706082827
s1,Inflation,9,GDP_growth,0.068604129491041332
s1,Inflation,9,EN_growth,-0.056652118338125126
s1,Inflation,9,Employment_change,-0.15743496537640758
s1,Inflation,9,Inflation,0.09109944290686714
s1,Inflation,9,InterestRate,-0.0064442376278374706
s1,Inflation,10,GDP_growth,0.19947659440000345
s1,Inflation,10,EN_growth,-0.086119932025813403
s1,Inflation,10,Employment_change,-0.52495648822883079
s1,Inflation,10,Inflation,-0.17130536414086608
s1,Inflation,10,InterestRate,-0.074809229425808282
s1,Inflation,11,GDP_growth,0.17890935442507314
s1,Inflation,11,EN_growth,0.076687280912600381
s1,Inflation,11,Employment_change,-1.2758034092790989
s1,Inflation,11,Inflation,-0.090146694390774065
s1,Inflation,11,InterestRate,0.032327851543146296
s1,Inflation,12,GDP_growth,0.11962191656120974
s1,Inflation,12,EN_growth,-0.0078233450672522097
s1,Inflation,12,Employment_change,-0.59007571903765021
s1,Inflation,12,Inflation,-0.013679263233659256
s1,Inflation,12,InterestRate,0.05325986602674463
s1,Inflation,13,GDP_growth,0.37579366511426959
s1,Inflation,13,EN_growth,-0.017753950866057619
s1,Inflation,13,Employment_change,0.02835897000301589
s1,Inflation,13,Inflation,-0.13210299930957858
s1,Inflation,13,InterestRate,-0.097819265143782905
s1,Inflation,14,GDP_growth,0.13204344942723181
s1,Inflation,14,EN_growth,0.019448528345738153
s1,Inflation,14,Employment_change,-0.51550031300844945
s1,Inflation,14,Inflation,0.038582274310989206
s1,Inflation,14,InterestRate,-0.016399074377703934
s1,Inflation,15,GDP_growth,-0.033332138097572517
s1,Inflation,15,EN_growth,-0.040366903191866386
s1,Inflation,15,Employment_change,-1.2498318788487797
s1,Inflation,15,Inflation,0.095590305700244613
s1,Inflation,15,InterestRate,0.027892426178670514
s1,InterestRate,0,GDP_growth,0.51726127309033865
s1,InterestRate,0,EN_growth,0.042553905648767591
s1,InterestRate,0,Employment_change,0.76380382254125889
s1,InterestRate,0,Inflation,-0.20680006369118481
s1,InterestRate,0,InterestRate,1
s1,InterestRate,1,GDP_growth,0.98363203448892234
s1,InterestRate,1,EN_growth,0.067328274475235372
s1,InterestRate,1,Employment_change,0.4174275196079017
s1,InterestRate,1,Inflation,-0.28311238690522078
s1,InterestRate,1,InterestRate,0.94651295173181449
s1,InterestRate,2,GDP_growth,0.67501586187438734
s1,InterestRate,2,EN_growth,0.28139063188107954
s1,InterestRate,2,Employment_change,4.2610281906734677
s1,InterestRate,2,Inflation,0.24592464965369781
s1,InterestRate,2,InterestRate,0.19519141745269664
s1,InterestRate,3,GDP_growth,0.67131549703237625
s1,InterestRate,3,EN_growth,0.27530341640862832
s1,InterestRate,3,Employment_change,2.1464269134530958
s1,InterestRate,3,Inflation,-0.15288152241118588
s1,InterestRate,3,InterestRate,0.77996445210561161
s1,InterestRate,4,GDP_growth,1.141007835762476
s1,InterestRate,4,EN_growth,-0.028648980594792792
s1,InterestRate,4,Employment_change,-0.22877111441361098
s1,InterestRate,4,Inflation,0.10770845327895301
s1,InterestRate,4,InterestRate,0.57142846980843243
s1,InterestRate,5,GDP_growth,1.3275065623776794
s1,InterestRate,5,EN_growth,0.12768342840530952
s1,InterestRate,5,Employment_change,4.1897153762997785
s1,InterestRate,5,Inflation,0.1645549553257345
s1,InterestRate,5,InterestRate,0.73847518320837591
s1,InterestRate,6,GDP_growth,1.5574212697548255
s1,InterestRate,6,EN_growth,0.32590196261633175
s1,InterestRate,6,Employment_change,3.446434912714361
s1,InterestRate,6,Inflation,0.30739680967109362
s1,InterestRate,6,InterestRate,0.84720782324711841
s1,InterestRate,7,GDP_growth,0.38927113069565122
s1,InterestRate,7,EN_growth,0.083532442871491766
s1,InterestRate,7,Employment_change,4.8463948481012737
s1,InterestRate,7,Inflation,1.0636709403020497
s1,InterestRate,7,InterestRate,0.67580945667570602
s1,InterestRate,8,GDP_growth,0.82749248582836143
s1,InterestRate,8,EN_growth,0.20619602633687667
s1,InterestRate,8,Employment_change,4.9124356884970348
s1,InterestRate,8,Inflation,0.58169499264579538
s1,InterestRate,8,InterestRate,0.43318675040336485
s1,InterestRate,9,GDP_growth,2.2141301803594517
s1,InterestRate,9,EN_growth,0.22133109811916932
s1,InterestRate,9,Employment_change,1.204317757964493
s1,InterestRate,9,Inflation,0.10096065853641935
s1,InterestRate,9,InterestRate,0.57594831966291105
s1,InterestRate,10,GDP_growth,1.494686990608374
s1,InterestRate,10,EN_growth,0.069908652997052206
s1,InterestRate,10,Employment_change,2.9814120870078793
s1,InterestRate,10,Inflation,-0.098195429785007102
s1,InterestRate,10,InterestRate,0.5905552833628287
s1,InterestRate,11,GDP_growth,2.0723534709493889
s1,InterestRate,11,EN_growth,0.090935112877986196
s1,InterestRate,11,Employment_change,5.5446048696707191
s1,InterestRate,11,Inflation,-0.44401308513755205
s1,InterestRate,11,InterestRate,0.17331726681290008
s1,InterestRate,12,GDP_growth,1.6897537923632004
s1,InterestRate,12,EN_growth,-0.0012784904451224131
s1,InterestRate,12,Employment_change,4.5122192732326951
s1,InterestRate,12,Inflation,-0.14265681606219394
s1,InterestRate,12,InterestRate,0.22427726882280521
s1,InterestRate,13,GDP_growth,1.5792112000894623
s1,InterestRate,13,EN_growth,-0.10526252018990429
s1,InterestRate,13,Employment_change,3.9319645665442522
s1,InterestRate,13,Inflation,-0.2392053055018821
s1,InterestRate,13,InterestRate,0.34842402911258097
s1,InterestRate,14,GDP_growth,1.7082739390372976
s1,InterestRate,14,EN_growth,-0.14719475201357768
s1,InterestRate,14,Employment_change,2.1457057604641627
s1,InterestRate,14,Inflation,-0.20062297624981679
s1,InterestRate,14,InterestRate,0.26756036054999671
s1,InterestRate,15,GDP_growth,0.79987145642977375
s1,InterestRate,15,EN_growth,-0.37426105749026495
s1,InterestRate,15,Employment_change,-0.34012752238235022
s1,InterestRate,15,Inflation,-0.014257669237200982
s1,InterestRate,15,InterestRate,0.38856004571517594
s2,GDP_growth,0,GDP_growth,1
s2,GDP_growth,0,EN_growth,0
s2,GDP_growth,0,Employment_change,0
s2,GDP_growth,0,Inflation,0
s2,GDP_growth,0,InterestRate,0
s2,GDP_growth,1,GDP_growth,0.36280444063090672
s2,GDP_growth,1,EN_growth,-0.081254129505524353
s2,GDP_growth,1,Employment_change,-0.15289371039656799
s2,GDP_growth,1,Inflation,-0.041535861806528768
s2,GDP_growth,1,InterestRate,0.022763333815140126
s2,GDP_growth,2,GDP_growth,0.29404110130596839
s2,GDP_growth,2,EN_growth,-0.029730505771037991
s2,GDP_growth,2,Employment_change,-0.20837076529173637
s2,GDP_growth,2,Inflation,0.2288229077580175
s2,GDP_growth,2,InterestRate,0.3996384864588175
s2,GDP_growth,3,GDP_growth,0.12080461323405856
s2,GDP_growth,3,EN_growth,0.037801878666061439
s2,GDP_growth,3,Employment_change,-0.13566706331838813
s2,GDP_growth,3,Inflation,0.047275216418980574
s2,GDP_growth,3,InterestRate,-0.020830461533558109
s2,GDP_growth,4,GDP_growth,0.02845579432896328
s2,GDP_growth,4,EN_growth,-0.11027587673840124
s2,GDP_growth,4,Employment_change,-0.16749890614578816
s2,GDP_growth,4,Inflation,0.50866812312018927
s2,GDP_growth,4,InterestRate,-0.1264185654005992
s2,GDP_growth,5,GDP_growth,-0.066905424942629396
s2,GDP_growth,5,EN_growth,0.010508448913246652
s2,GDP_growth,5,Employment_change,0.67288725726536014
s2,GDP_growth,5,Inflation,0.036938946031390946
s2,GDP_growth,5,InterestRate,-0.30062908810539113
s2,GDP_growth,6,GDP_growth,0.098621674032017562
s2,GDP_growth,6,EN_growth,0.20291074725312933
s2,GDP_growth,6,Employment_change,0.3644880279338138
s2,GDP_growth,6,Inflation,-0.35585683041475513
s2,GDP_growth,6,InterestRate,-0.14381807065496108
s2,GDP_growth,7,GDP_growth,-0.12632257651415643
s2,GDP_growth,7,EN_growth,-0.11016423688171269
s2,GDP_growth,7,Employment_change,-0.49636513535326354
s2,GDP_growth,7,Inflation,0.20242969112254153
s2,GDP_growth,7,InterestRate,-0.24091267368395824
s2,GDP_growth,8,GDP_growth,-0.17186039071630363
s2,GDP_growth,8,EN_growth,0.13338179080380561
s2,GDP_growth,8,Employment_change,-0.75804960031903179
s2,GDP_growth,8,Inflation,-0.17297238236947499
s2,GDP_growth,8,InterestRate,-0.17179304723011088
s2,GDP_growth,9,GDP_growth,0.22998261435966416
s2,GDP_growth,9,EN_growth,0.038907845855765906
s2,GDP_growth,9,Employment_change,-1.2028088374600869
s2,GDP_growth,9,Inflation,-0.13185213947232888
s2,GDP_growth,9,InterestRate,0.017587689758954909
s2,GDP_growth,10,GDP_growth,0.0065542828510234425
s2,GDP_growth,10,EN_growth,-0.15644350755664327
s2,GDP_growth,10,Employment_change,-0.64704028166033944
s2,GDP_growth,10,Inflation,0.47730728252786264
s2,GDP_growth,10,InterestRate,-0.026454072015083149
s2,GDP_growth,11,GDP_growth,-0.11068624690888219
s2,GDP_growth,11,EN_growth,-0.039142723884357376
s2,GDP_growth,11,Employment_change,1.2676257551487229
s2,GDP_growth,11,Inflation,0.18502268458976867
s2,GDP_growth,11,InterestRate,0.0012184207228832223
s2,GDP_growth,12,GDP_growth,-0.020159013255271904
s2,GDP_growth,12,EN_growth,-0.022478608368069732
s2,GDP_growth,12,Employment_change,0.91941881003106651
s2,GDP_growth,12,Inflation,-0.23171783898660409
s2,GDP_growth,12,InterestRate,0.137212165813898
s2,GDP_growth,13,GDP_growth,-0.31831285606682785
s2,GDP_growth,13,EN_growth,-0.029911809145822955
s2,GDP_growth,13,Employment_change,-0.47409112081875143
s2,GDP_growth,13,Inflation,-0.37255040014336338
s2,GDP_growth,13,InterestRate,0.10936286212152041
s2,GDP_growth,14,GDP_growth,0.30554790008835769
s2,GDP_growth,14,EN_growth,-0.089072227172401652
s2,GDP_growth,14,Employment_change,0.19418609496343542
s2,GDP_growth,14,Inflation,0.00080131578871791426
s2,GDP_growth,14,InterestRate,-0.20365488322422801
s2,GDP_growth,15,GDP_growth,0.2563726149397747
s2,GDP_growth,15,EN_growth,0.029552707673265673
s2,GDP_growth,15,Employment_change,0.22647743749641711
s2,GDP_growth,15,Inflation,-0.15695061038511407
s2,GDP_growth,15,InterestRate,-0.040610574774437018
s2,EN_growth,0,GDP_growth,-0.0078758352034986774
s2,EN_growth,0,EN_growth,1
s2,EN_growth,0,Employment_change,0
s2,EN_growth,0,Inflation,0
s2,EN_growth,0,InterestRate,0
s2,EN_growth,1,GDP_growth,0.60686013524603732
s2,EN_growth,1,EN_growth,-0.21275445411538174
s2,EN_growth,1,Employment_change,-0.60102490642477635
s2,EN_growth,1,Inflation,0.85528970583134645
s2,EN_growth,1,InterestRate,0.094333721815179628
s2,EN_growth,2,GDP_growth,0.02080790956713563
s2,EN_growth,2,EN_growth,-0.40720389633814391
s2,EN_growth,2,Employment_change,0.32361342575601609
s2,EN_growth,2,Inflation,-1.1617125956584797
s2,EN_growth,2,InterestRate,-0.40376425240810537
s2,EN_growth,3,GDP_growth,1.0720679510556101
s2,EN_growth,3,EN_growth,0.13533846874747113
s2,EN_growth,3,Employment_change,-1.2137335130648823
s2,EN_growth,3,Inflation,0.3078806267673605
s2,EN_growth,3,InterestRate,0.71172243422556192
s2,EN_growth,4,GDP_growth,-0.3090836719352818
s2,EN_growth,4,EN_growth,-0.15972597693006399
s2,EN_growth,4,Employment_change,0.45696323044516135
s2,EN_growth,4,Inflation,0.9335617197473971
s2,EN_growth,4,InterestRate,0.19084525680557957
s2,EN_growth,5,GDP_growth,-0.35950054679519017
s2,EN_growth,5,EN_growth,0.1790872886986179
s2,EN_growth,5,Employment_change,2.3800935084550083
s2,EN_growth,5,Inflation,-0.075726359980778077
s2,EN_growth,5,InterestRate,-0.49094840875195284
s2,EN_growth,6,GDP_growth,0.083690535475127809
s2,EN_growth,6,EN_growth,0.022652936490119437
s2,EN_growth,6,Employment_change,-0.86255052563580503
s2,EN_growth,6,Inflation,0.43328192249612579
s2,EN_growth,6,InterestRate,-0.3253730796275513
s2,EN_growth,7,GDP_growth,0.075422570589197296
s2,EN_growth,7,EN_growth,0.048947424938597592
s2,EN_growth,7,Employment_change,-2.1881925872051897
s2,EN_growth,7,Inflation,0.14212940690816822
s2,EN_growth,7,InterestRate,-0.38641952781885636
s2,EN_growth,8,GDP_growth,0.80536104297718147
s2,EN_growth,8,EN_growth,-0.30130455215329971
s2,EN_growth,8,Employment_change,2.1426433256953845
s2,EN_growth,8,Inflation,1.0238510386833084
s2,EN_growth,8,InterestRate,-0.48403296385656208
s2,EN_growth,9,GDP_growth,-0.2240314032900157
s2,EN_growth,9,EN_growth,0.49060975733230316
s2,EN_growth,9,Employment_change,0.11205333627828573
s2,EN_growth,9,Inflation,-1.195844353250449
s2,EN_growth,9,InterestRate,0.59990421446423392
s2,EN_growth,10,GDP_growth,-1.198059483958227
s2,EN_growth,10,EN_growth,0.014350236557885122
s2,EN_growth,10,Employment_change,0.83864045263589815
s2,EN_growth,10,Inflation,0.82947800864318399
s2,EN_growth,10,InterestRate,0.032644127542175848
s2,EN_growth,11,GDP_growth,0.31330714719154235
s2,EN_growth,11,EN_growth,-0.15229250308547826
s2,EN_growth,11,Employment_change,0.12076513024156305
s2,EN_growth,11,Inflation,-0.34816798633297591
s2,EN_growth,11,InterestRate,-0.5222549615711114
s2,EN_growth,12,GDP_growth,0.77729314247637538
s2,EN_growth,12,EN_growth,-0.095204865344688333
s2,EN_growth,12,Employment_change,0.1672116606527396
s2,EN_growth,12,Inflation,-0.61768796657818381
s2,EN_growth,12,InterestRate,0.40912349142319299
s2,EN_growth,13,GDP_growth,-0.6455108324940686
s2,EN_growth,13,EN_growth,-0.24261213898645745
s2,EN_growth,13,Employment_change,-1.494311397075855
s2,EN_growth,13,Inflation,-0.38176390490878326
s2,EN_growth,13,InterestRate,0.16104460601291343
s2,EN_growth,14,GDP_growth,0.65598151012025629
s2,EN_growth,14,EN_growth,-0.11740791452997204
s2,EN_growth,14,Employment_change,0.92215582361179049
s2,EN_growth,14,Inflation,0.11276964375782589
s2,EN_growth,14,InterestRate,-0.39729554304281206
s2,EN_growth,15,GDP_growth,0.3088350806730179
s2,EN_growth,15,EN_growth,0.16033548033463976
s2,EN_growth,15,Employment_change,0.23112411525876964
s2,EN_growth,15,Inflation,-0.30441581611574003
s2,EN_growth,15,InterestRate,-0.76633054338822981
s2,Employment_change,0,GDP_growth,0.17937615170057902
s2,Employment_change,0,EN_growth,0.0039866945645907178
s2,Employment_change,0,Employment_change,1
s2,Employment_change,0,Inflation,0
s2,Employment_change,0,InterestRate,0
s2,Employment_change,1,GDP_growth,0.32674465835156308
s2,Employment_change,1,EN_growth,0.0049570388691686706
s2,Employment_change,1,Employment_change,0.084660843918329259
s2,Employment_change,1,Inflation,-0.12506690444694918
s2,Employment_change,1,InterestRate,0.13717063497393003
s2,Employment_change,2,GDP_growth,0.12870651558051116
s2,Employment_change,2,EN_growth,-0.046648678179237339
s2,Employment_change,2,Employment_change,0.014578439506807775
s2,Employment_change,2,Inflation,0.098943870842988391
s2,Employment_change,2,InterestRate,0.11488558368527756
s2,Employment_change,3,GDP_growth,0.20601606275823037
s2,Employment_change,3,EN_growth,-0.048284833851606444
s2,Employment_change,3,Employment_change,-0.095465801068646036
s2,Employment_change,3,Inflation,0.11361022876630147
s2,Employment_change,3,InterestRate,0.0021206626642016908
s2,Employment_change,4,GDP_growth,-0.01749455324961989
s2,Employment_change,4,EN_growth,-0.019819343771880969
s2,Employment_change,4,Employment_change,0.046048343602944491
s2,Employment_change,4,Inflation,0.18750030285814487
s2,Employment_change,4,InterestRate,-0.027607755768990733
s2,Employment_change,5,GDP_growth,-0.089797609866873462
s2,Employment_change,5,EN_growth,-0.0029208031819503259
s2,Employment_change,5,Employment_change,-0.065698142310734606
s2,Employment_change,5,Inflation,0.16125587906769498
s2,Employment_change,5,InterestRate,-0.18959580222244768
s2,Employment_change,6,GDP_growth,-0.12165032777613777
s2,Employment_change,6,EN_growth,0.040355797279355801
s2,Employment_change,6,Employment_change,0.08244088025480667
s2,Employment_change,6,Inflation,0.0096549306868138098
s2,Employment_change,6,InterestRate,-0.13093453978741906
s2,Employment_change,7,GDP_growth,-0.057415274794180515
s2,Employment_change,7,EN_growth,-0.00040774236882351773
s2,Employment_change,7,Employment_change,-0.14145163970233585
s2,Employment_change,7,Inflation,0.041183657653296665
s2,Employment_change,7,InterestRate,-0.13497584314108838
s2,Employment_change,8,GDP_growth,0.010840495263054981
s2,Employment_change,8,EN_growth,0.039729040595390272
s2,Employment_change,8,Employment_change,-0.33003658062691382
s2,Employment_change,8,Inflation,-0.065513310009498074
s2,Employment_change,8,InterestRate,-0.015243943144075511
s2,Employment_change,9,GDP_growth,-0.02720935636233723
s2,Employment_change,9,EN_growth,-0.01093024625479435
s2,Employment_change,9,Employment_change,-0.3247323674833732
s2,Employment_change,9,Inflation,0.14524800391572817
s2,Employment_change,9,InterestRate,-0.10130271456540139
s2,Employment_change,10,GDP_growth,0.022203171062815948
s2,Employment_change,10,EN_growth,0.0049312893164137192
s2,Employment_change,10,Employment_change,-0.10162875407011475
s2,Employment_change,10,Inflation,0.065456490577568999
s2,Employment_change,10,InterestRate,0.053424780218126182
s2,Employment_change,11,GDP_growth,-0.074872406459321778
s2,Employment_change,11,EN_growth,-0.010823321442093772
s2,Employment_change,11,Employment_change,-0.18404920173315348
s2,Employment_change,11,Inflation,0.15922942245533936
s2,Employment_change,11,InterestRate,0.016164444009590242
s2,Employment_change,12,GDP_growth,-0.089367772674355528
s2,Employment_change,12,EN_growth,-0.019570761864793861
s2,Employment_change,12,Employment_change,0.078341079959352772
s2,Employment_change,12,Inflation,-0.027779065862622548
s2,Employment_change,12,InterestRate,0.10135913209925172
s2,Employment_change,13,GDP_growth,-0.040786984476344275
s2,Employment_change,13,EN_growth,-0.0044919350255501027
s2,Employment_change,13,Employment_change,0.078944404557053621
s2,Employment_change,13,Inflation,-0.035740551695302436
s2,Employment_change,13,InterestRate,0.021138849911217193
s2,Employment_change,14,GDP_growth,0.080633720905925355
s2,Employment_change,14,EN_growth,-0.059627669303064006
s2,Employment_change,14,Employment_change,0.16918008736530016
s2,Employment_change,14,Inflation,-0.16727781207640585
s2,Employment_change,14,InterestRate,-0.030684313178271069
s2,Employment_change,15,GDP_growth,0.13243536590828781
s2,Employment_change,15,EN_growth,-0.0014409245932428261
s2,Employment_change,15,Employment_change,0.33051650079020167
s2,Employment_change,15,Inflation,-0.22538463948862211
s2,Employment_change,15,InterestRate,0.024576123400366686
s2,Inflation,0,GDP_growth,0.039845062739230636
s2,Inflation,0,EN_growth,-7.7565940695094716e-05
s2,Inflation,0,Employment_change,-0.019826107448023808
s2,Inflation,0,Inflation,1
s2,Inflation,0,InterestRate,0
s2,Inflation,1,GDP_growth,0.032193102069169213
s2,Inflation,1,EN_growth,-0.069899756649635048
s2,Inflation,1,Employment_change,-0.2140368966144241
s2,Inflation,1,Inflation,0.21291682811460308
s2,Inflation,1,InterestRate,0.075408160902284679
s2,Inflation,2,GDP_growth,0.084439806765653283
s2,Inflation,2,EN_growth,0.01090020718393318
s2,Inflation,2,Employment_change,-0.66833743271344848
s2,Inflation,2,Inflation,0.3291599028993667
s2,Inflation,2,InterestRate,0.10339529492888069
s2,Inflation,3,GDP_growth,-0.0072850501594277388
s2,Inflation,3,EN_growth,0.02474377539735181
s2,Inflation,3,Employment_change,-0.61441211681853947
s2,Inflation,3,Inflation,0.16522480493140823
s2,Inflation,3,InterestRate,0.0061421648074620333
s2,Inflation,4,GDP_growth,0.19743812378883491
s2,Inflation,4,EN_growth,-0.029776850934050227
s2,Inflation,4,Employment_change,-0.088250194077461735
s2,Inflation,4,Inflation,0.096268497707456296
s2,Inflation,4,InterestRate,-0.13106252483368894
s2,Inflation,5,GDP_growth,0.10533776818317835
s2,Inflation,5,EN_growth,0.031857329905369054
s2,Inflation,5,Employment_change,-0.12929893056644681
s2,Inflation,5,Inflation,0.36505856264577091
s2,Inflation,5,InterestRate,-0.015350766891792839
s2,Inflation,6,GDP_growth,-0.023220084629892321
s2,Inflation,6,EN_growth,0.059829323471917883
s2,Inflation,6,Employment_change,-0.083575988227600984
s2,Inflation,6,Inflation,0.32546033136916919
s2,Inflation,6,InterestRate,0.14608515187268092
s2,Inflation,7,GDP_growth,-0.086558016747841096
s2,Inflation,7,EN_growth,0.026999101175302777
s2,Inflation,7,Employment_change,-0.2001612009866946
s2,Inflation,7,Inflation,0.7781992846513115
s2,Inflation,7,InterestRate,-0.040290576959141421
s2,Inflation,8,GDP_growth,-0.062963504138044579
s2,Inflation,8,EN_growth,-0.017640621688271577
s2,Inflation,8,Employment_change,-0.35672298585526463
s2,Inflation,8,Inflation,0.45764655665499565
s2,Inflation,8,InterestRate,0.0033394179784340394
s2,Inflation,9,GDP_growth,0.18574634474109475
s2,Inflation,9,EN_growth,0.012678998849823511
s2,Inflation,9,Employment_change,-0.80531020639526774
s2,Inflation,9,Inflation,0.43550328384963333
s2,Inflation,9,InterestRate,0.012318463885505669
s2,Inflation,10,GDP_growth,0.070638894116849954
s2,Inflation,10,EN_growth,0.10656590716830204
s2,Inflation,10,Employment_change,-0.21898604845994568
s2,Inflation,10,Inflation,0.62136093393142022
s2,Inflation,10,InterestRate,0.0075350717737476605
s2,Inflation,11,GDP_growth,0.077431798276526007
s2,Inflation,11,EN_growth,0.038155375665741398
s2,Inflation,11,Employment_change,0.16152990661883462
s2,Inflation,11,Inflation,0.68812006218536359
s2,Inflation,11,InterestRate,0.01761988353005917
s2,Inflation,12,GDP_growth,6.8788940528767897e-05
s2,Inflation,12,EN_growth,0.096266719326622396
s2,Inflation,12,Employment_change,-0.18199157123720086
s2,Inflation,12,Inflation,0.79095144399166128
s2,Inflation,12,InterestRate,-0.030093097665895897
s2,Inflation,13,GDP_growth,-0.07603749755250884
s2,Inflation,13,EN_growth,0.12152881147566924
s2,Inflation,13,Employment_change,0.0079695441225275891
s2,Inflation,13,Inflation,0.65689010045230611
s2,Inflation,13,InterestRate,-0.0028337640036043767
s2,Inflation,14,GDP_growth,0.21357213840027151
s2,Inflation,14,EN_growth,0.046027118047683786
s2,Inflation,14,Employment_change,0.25123963254468679
s2,Inflation,14,Inflation,0.90993203264098965
s2,Inflation,14,InterestRate,-0.056201249761291316
s2,Inflation,15,GDP_growth,0.16698370444527227
s2,Inflation,15,EN_growth,0.048071029908806767
s2,Inflation,15,Employment_change,-0.3983080893725503
s2,Inflation,15,Inflation,0.60947180573680626
s2,Inflation,15,InterestRate,-0.026368450710986389
s2,InterestRate,0,GDP_growth,0.51726127309033865
s2,InterestRate,0,EN_growth,0.042553905648767591
s2,InterestRate,0,Employment_change,0.76380382254125889
s2,InterestRate,0,Inflation,-0.20680006369118481
s2,InterestRate,0,InterestRate,1
s2,InterestRate,1,GDP_growth,0.39444543656479569
s2,InterestRate,1,EN_growth,0.014980744075259376
s2,InterestRate,1,Employment_change,-0.077470140271904075
s2,InterestRate,1,Inflation,0.44511515650188083
s2,InterestRate,1,InterestRate,0.60140830355956409
s2,InterestRate,2,GDP_growth,1.0457466674857767
s2,InterestRate,2,EN_growth,-0.12453979064912554
s2,InterestRate,2,Employment_change,-0.25304771512555169
s2,InterestRate,2,Inflation,-0.060172150918513967
s2,InterestRate,2,InterestRate,1.1521360063208703
s2,InterestRate,3,GDP_growth,1.1923705771941429
s2,InterestRate,3,EN_growth,-0.097757127955630158
s2,InterestRate,3,Employment_change,-0.29658032080364316
s2,InterestRate,3,Inflation,0.82945354870567178
s2,InterestRate,3,InterestRate,0.87927522473507369
s2,InterestRate,4,GDP_growth,0.87463068293122737
s2,InterestRate,4,EN_growth,0.053840563837249479
s2,InterestRate,4,Employment_change,-0.62584076060089056
s2,InterestRate,4,Inflation,0.39400759412328645
s2,InterestRate,4,InterestRate,1.057958912359928
s2,InterestRate,5,GDP_growth,0.64040585311734644
s2,InterestRate,5,EN_growth,-0.019908533253545909
s2,InterestRate,5,Employment_change,-1.0890336832360852
s2,InterestRate,5,Inflation,0.27202814512375378
s2,InterestRate,5,InterestRate,0.48817320389972518
s2,InterestRate,6,GDP_growth,0.39125826222815108
s2,InterestRate,6,EN_growth,-0.11619098996751279
s2,InterestRate,6,Employment_change,-1.3200950917019565
s2,InterestRate,6,Inflation,0.86923577792183393
s2,InterestRate,6,InterestRate,0.21994933845442977
s2,InterestRate,7,GDP_growth,0.62727819528169826
s2,InterestRate,7,EN_growth,0.010812849022298633
s2,InterestRate,7,Employment_change,-1.8631096269459311
s2,InterestRate,7,Inflation,0.44531432274411098
s2,InterestRate,7,InterestRate,0.24299986886213831
s2,InterestRate,8,GDP_growth,0.64911743932353283
s2,InterestRate,8,EN_growth,-0.077390206244639437
s2,InterestRate,8,Employment_change,-2.647083415928841
s2,InterestRate,8,Inflation,0.83585098436294736
s2,InterestRate,8,InterestRate,0.13495002425646527
s2,InterestRate,9,GDP_growth,0.13110097298288664
s2,InterestRate,9,EN_growth,-0.040766051007116111
s2,InterestRate,9,Employment_change,-2.4156580150686953
s2,InterestRate,9,Inflation,1.3759014604217434
s2,InterestRate,9,InterestRate,0.07773990705602668
s2,InterestRate,10,GDP_growth,0.78652359899270452
s2,InterestRate,10,EN_growth,0.11982125484051322
s2,InterestRate,10,Employment_change,-2.3553102426707953
s2,InterestRate,10,Inflation,1.9260665264977399
s2,InterestRate,10,InterestRate,-0.020661984519681698
s2,InterestRate,11,GDP_growth,0.29163081405407554
s2,InterestRate,11,EN_growth,0.093751217969881395
s2,InterestRate,11,Employment_change,-2.6580910662713046
s2,InterestRate,11,Inflation,2.7850985405535948
s2,InterestRate,11,InterestRate,0.0071784524865924739
s2,InterestRate,12,GDP_growth,0.26992481065633372
s2,InterestRate,12,EN_growth,0.3404937636140094
s2,InterestRate,12,Employment_change,-2.9812130617269728
s2,InterestRate,12,Inflation,1.8375646935889189
s2,InterestRate,12,InterestRate,-0.081234540968674412
s2,InterestRate,13,GDP_growth,0.59248645479367124
s2,InterestRate,13,EN_growth,0.077925056647878382
s2,InterestRate,13,Employment_change,-3.4091081218760801
s2,InterestRate,13,Inflation,2.6219753728456991
s2,InterestRate,13,InterestRate,-0.13873390633137872
s2,InterestRate,14,GDP_growth,0.84642144714239487
s2,InterestRate,14,EN_growth,0.067713241209949024
s2,InterestRate,14,Employment_change,-2.0329094827126184
s2,InterestRate,14,Inflation,2.6970003265475118
s2,InterestRate,14,InterestRate,-0.22022939800296445
s2,InterestRate,15,GDP_growth,1.9297054862696701
s2,InterestRate,15,EN_growth,0.60145327827110973
s2,InterestRate,15,Employment_change,0.1855892627395902
s2,InterestRate,15,Inflation,2.1127306839355353
s2,InterestRate,15,InterestRate,-0.37829620618467619
