GDP_growth,EN_growth,Employment_change,Inflation,InterestRate
0.42639719223505701,0.49093494598059684,-0.020622471537458002,0.49752794911373965,-0.069332321049850876
-1.1466465041959994,-0.87919960533206765,0.11155970214946823,0.38125041535890003,-0.89933232104985095
0.67822778963939279,-0.45095119967882014,0.17878512879277011,0.92591442081582298,-1.4993323210498506
-0.98083501164206632,-3.132840323928082,-0.163500415804333,1.3596890683424274,1.0806676789501495
0.061261800229574115,1.9174372386253424,0.084060704829282212,1.0874679602732302,0.28720188482517545
-1.2572900468141344,0.74727009214074813,-0.37332768817157874,1.0541806289384499,-2.6013171526529377
-0.31054335189773807,-0.30071562591515399,-0.61196764787002622,1.5922744389310475,-3.6918208626055944
-1.0424683867900564,-1.0765439021907253,-1.2065663076014932,0.98859506117844842,-2.1031401638191802
0.8733566529447313,-0.46821529437039411,-0.078655694257792508,0.12309222401865644,0.026788062486231112
1.4842647898637484,0.0022883118331003538,0.69429910240482751,1.0263564377019279,-0.06946825113521804
0.92169470038358514,0.3070914088444372,0.216635619342674,0.91402129957286748,0.1084095817912063
1.6900689055434359,2.7529870121226305,0.4790278509295095,0.27337590321927485,0.71875348150468454
-0.1733719760826235,0.71084616961437275,-0.16585304078267538,-0.064048470726431384,-0.24078684600131961
-0.16716008329429355,0.42650395715987083,-0.23171289122411393,0.62069452677497994,-0.50540399747527509
0.3578493862148639,6.253299714841404,0.14152150651176573,0.65281254539099309,0.30335516222461933
0.59008890871282516,-1.6542154094575414,0.31163727063251651,1.0054893968144456,0.93312690885234861
1.2270319954701367,-0.12021983629643374,0.21016759379898817,0.7681967058057102,0.83208742635679211
0.87556572950216038,0.97233948309865248,-0.10323522057403356,0.27159529088934792,0.03362365263774425
-0.93651208120760288,-1.0464141846927957,-0.035038134879670363,0.2989752089313058,-0.41032415718442072
-0.15470431675784799,1.7789230117794312,0.35080967268553509,0.587678937168164,0.47896116843111436
3.1736165590053735,0.3697568582210598,0.18828487875734853,1.064696284339973,0.55525930889984343
0.25066430192413092,-0.10582559455884191,-0.22517734831385666,0.96765503353174354,1.8644445747939149
0.44747473216349187,-0.78255595115099508,-0.112556815659698,0.88652501442290577,0.18748221622127004
-0.53991426893887429,3.0275647092577076,-0.11458895729871615,0.82158954412302343,-0.61787838243557891
-0.35912296157409518,-2.4613544555428262,0.22215009256694596,1.5978560967868245,0.66667485076798794
0.32805060673697384,-1.0577861738541547,-0.16767940722807706,1.5605385873506559,2.1118981503435377
-0.34267415227033277,0.064160666416746254,-0.19514523880224052,1.2355553353431872,4.0300068559771232
-0.47019879193535807,-1.3298415558846521,-0.51340191357337872,1.7912916672027075,-5.5103087370631689
-2.5184156282660486,-2.9855599715786738,-0.96890745741728279,1.2536139366893404,-3.6478513603656482
-0.24274822696997311,-0.41560844619327658,-0.041216644678509884,0.055117797725500073,5.194675766150219
1.3011739696527858,1.9162527129041986,0.30942081415175737,0.73574670306309509,-0.33615084341013368
1.2938066923521165,-3.421679039099518,-0.11203158787652806,0.56260245839161227,4.5858367098098043
-1.6233038727574782,-0.55255593522406898,-0.18245761894324997,0.014342138940588611,-0.083903804139350058
0.6229190967307271,0.20904345456906581,0.016929442697639654,0.39596317488359423,-4.191376841285785
-1.4267177923851513,-0.47240716287196771,-0.66528132566188081,-0.44179936190223368,-0.45460305292771785
-1.7955574815779749,-1.0798810486716801,-0.2558727933353887,-1.0654192698179528,-0.48377807832869557
0.22720703158364075,-2.2008074255002308,-0.23236615370725155,-0.54879368784261895,-3.3616286220526592
-0.46768847713161876,-1.1035335757200873,-0.029213688599769583,0.049072523500011844,-2.2558917055636609
0.24760136196464089,-0.27815472390094631,-0.19390573259765254,-0.94389463951743635,0.6602526527741075
0.9289850721077122,-0.90538264030753024,0.58782592961178581,-1.0875592891636368,1.2270485269610969
1.381530790724028,1.7292568138141959,0.1265544339802121,-0.22929025516148285,1.5194983664404438
0.679154662114547,0.86448048431099211,0.37823066349042456,-0.41517619492960484,0.10838253103700479
0.68552686180028277,-2.2980974551132887,0.33859583249770892,-0.56994680674850662,-0.43058005681561562
0.75295704785342377,4.0379344759991795,0.23021371359991272,-0.075686146050167769,0.60582312248813341
0.36071903152273177,-0.030487461979652741,-0.062627279166189376,-0.66112890793230106,-0.150583210600016
-0.31209202671533165,-2.9751161325127251,-0.35904485345514647,-0.83386660118914091,-2.8085269576423362
0.06391926708816853,-2.5994650494947642,0.12237836217368608,-0.54659534916168984,-0.76213997576482173
0.38870593515528784,1.8080464711785702,0.1190244245071535,-0.27347470499166626,-0.36225151748458728
0.14860913410529394,-1.0716151451530544,-0.10399274851260476,-0.20578707201033103,1.5095218435236388
0.45169088080240188,-0.96826957106070888,-0.12725686219454413,-0.54844272610486233,0.61702773454325932
-0.47160714399147075,0.038259708146408666,-0.10023196356454778,-0.4468623632434009,-1.2098801163006265
0.24706182896182005,-0.77185055035928118,0.085192549740332774,-0.64020696232688801,-0.21975900815340976
-0.32899753358976946,-0.47980674555021308,-0.14209643858822402,-1.4606010430579017,-0.99138170980453122
0.25925081613912804,-1.0234694359221221,0.30064420682918508,-0.44776585901281474,1.4737585093316046
-0.58817105654661894,-1.3268151721110746,-0.13316980591869648,-0.28958153634446726,-0.35614767244917633
0.026607863739505577,0.38653362811686987,0.23702168344053509,0.0113959552936026,0.84712987176561061
0.057740217933912374,1.0172589530172074,0.055637425089962,0.11607035063779658,-0.24413898174936177
0.014502183635875604,0.3339867842180177,0.097005667014729707,-0.29582820650856434,-0.88279312630667661
1.0936367295166698,-0.32952414330425772,0.15540181828619493,-0.025470054053062352,0.61335567990078399
-0.47287397684909127,3.662763666047868,-0.14855510819677742,-0.24042672282819921,0.69373671081734312
0.23228858476545972,-1.9131798424512461,-0.0070113044609163011,-0.15118020366720386,0.87250698600450916
-0.59386551001272458,0.55332355098247721,-0.33123250044551777,-0.093388319553777743,-0.088751087288050368
0.46348175306683975,-0.45860262486394071,0.11473333804918814,-0.39579285244742324,0.33488780692246811
-0.095219193199236662,0.1395780009384221,-0.099001771318873832,-0.33551202125242485,-1.1632461902544182
0.10537358504992944,0.61986318979040256,0.056811421708796717,0.12064229956822384,-0.068251068612756205
0.070788652967514354,-0.56557848987981418,0.020931785520526523,-0.38586799826759177,-0.055853209476171894
-0.54250686927682035,3.4237111423252218,-0.16101216686643371,-0.33692580092103552,0.31569144384818726
0.2416072566080848,-4.5709280304051187,0.054051740096857807,0.50075257503786164,0.58137937617885438
-0.37076215555176467,2.287296394057833,-0.090891859487722271,-0.32200582513489451,-0.15260655898096109
-0.68255507990096187,0.54353135508003025,-0.35814905557474175,0.4051023971198025,-0.93967752005850924
-1.1771913159587202,-1.7025020092970047,-0.073828503489508701,0.55823002280983613,-0.86180828737479098
-0.40483022852808093,-0.14427287368075303,0.0021806885859257941,-0.20101762233778342,0.20712579331292513
0.56395915366539329,1.3882949041949511,0.063993676439064451,-0.36568062109815624,-0.013775333283918556
-0.123963082464149,1.9300244105606965,0.022679329540607945,-0.20801149090723614,-0.47544672272588429
-0.25694176028324428,0.71077404066323224,-0.13300796774868545,0.065320457246196395,0.20320131464438873
0.55624218274117265,0.25998620657518112,-0.16280928748264864,-0.059555172843092863,-0.33905653173581651
0.43773386441166084,1.229041211351984,-0.10018506990453657,-0.036554011325887648,-0.16559750515548011
0.25527498651575453,0.33647296883619349,0.062660932629680144,0.1646588945397639,0.14702836824146637
0.22743586504739327,2.5105338874726737,0.21511052789341739,0.19607208994602365,0.015734824877529086
-0.72656757867926536,0.32757923757848284,0.081622467947956301,0.023395866566047308,0.071658640742317203
-0.14423868642512533,-0.59128946475640942,-0.028293051812852577,0.056344735323892392,-0.024884366916175793
-0.12010693866069604,1.7588146128108391,0.26085510568392439,-0.2380171377199346,-0.24266437038373656
0.66532820250889857,1.2871284932642495,0.080056560650473702,0.17584529013898054,0.5263454040268094
-0.038442184395709789,2.2257012076092066,-0.22128244605971281,-0.20823824169631777,0.49017920201951704
0.25021503029316233,-1.4110886175810158,0.15158051022429211,-0.3532054264692821,0.081712041794408385
-0.48508076433408187,-0.69683141877272314,-0.072160731065244177,0.020917646081663577,0.35993199340215831
0.24432436405386929,-0.8960862168985998,0.20855961391010983,-0.42736319730958316,-0.34492656901059604
-0.48977413295421279,-0.24039819254572814,-0.018293415917166711,-0.34970339227499297,-0.055577198718262721
-0.43132448459116629,1.1423592485993157,-0.26572101228573064,-0.12606440120367812,-0.12897346005911814
0.22828826925764839,1.8664596416607748,0.1161703207221797,-0.50909658083696008,-0.069625029577239594
-0.1906970654657569,0.43849370629581219,0.059386159675210437,-0.38200029512031008,0.10034044565932199
-0.18218916107307881,2.7973661382928103,-0.057184892282926836,-0.04278189606574645,0.032691893272962957
0.7242951903042254,-0.52611647100233339,-0.037920527998781109,-0.090124194377757649,0.074543271265833155
-0.09394336197121711,-1.3998165060454302,0.10530962647984088,-0.36213907244590993,-0.072136877276483879
0.16287414574760589,2.0519134102907031,-0.17967736998174938,-0.078327082000072656,0.12619217569122032
-0.29328943768877447,-1.4801297635012209,0.022413222697544637,-0.32770865410881012,0.09040348951561139
0.82530475468305831,0.45332418067674529,0.17242488405436979,-0.76714462906667868,-0.11885238374675744
0.20253131106019595,-0.42872785754517473,-0.066811871033398779,-0.46136146571268577,0.048209819891886774
-0.19954459477166769,0.45668684453521191,0.035580374930613556,-0.40432350910724812,-0.033389451521291136
-0.0088543202286635592,-3.5575170446881783,-0.09666851682264295,-0.76005524837276284,0.17137700036627201
0.0066877637535762147,1.5913006898590933,0.13576076872409376,-0.6139450208173326,0.053087052444142024
0.17659829603558297,0.87671325252484933,-0.31894739399539651,-0.46469960383675446,-0.82986331333205232
0.76931050784359312,-3.0459905903591404,0.14444523847537816,-0.38510565098490723,0.4580100974181045
-0.01523083163716521,0.22824751740647364,-0.0034108915676512586,-0.4178679513350021,0.080944075522343617
-0.24536734598419963,0.268146767909898,-0.11470967590027487,-0.20666337210880148,0.52450494062917397
0.23332005312117376,0.49756671068327507,-0.10874632632757625,-0.1888294316319914,-0.35781504673001763
0.77872034726249484,-2.1513298736928537,0.14036860925748756,-0.28209947619619857,0.52552320489973248
-0.71286921433142947,0.28579149455315489,-0.17936850145267375,0.059140239756055646,0.3137657351948766
0.9518704035716743,0.98488125907496937,0.042009789886810783,-0.43654481171774256,-0.60068216869545576
-0.76719760859476627,-1.3582276355591751,-0.14481684633449934,-0.17315567288156253,0.012319097547815794
-0.012841363263046135,0.79825965675934307,0.18632181104738429,-0.29161594836710214,-1.2069599270379809
-0.73337498364201159,-1.6220147854277962,-0.17933465580565,8.9109299882594861e-05,-0.66020998119475394
0.49297255076240776,-2.0813317753187008,0.2109792003657634,0.12944854669411332,0.32111193602821153
-0.79460034558073211,-1.1518124394102831,-0.3472647140169266,-0.34716115203006048,-0.77347357379859183
0.14736481949805935,-2.2294205592353471,-0.31110852213676549,-0.60581994512301063,0.97389187715963921
0.38236577466877053,-0.037292401877062509,-0.015873564182746158,-0.027198146882346785,0.45335308924230588
-0.20115745685813921,2.2553104800006958,-0.16269219790464662,0.088918703553495626,-0.6965080344093213
-0.12913517720537204,0.041372218457950805,0.26061249676428516,0.010281780448829325,-0.19582728206849609
-0.40477930581272425,0.4390615756996803,-0.10247194536933625,0.2282002906440912,-0.023002290481098697
0.12173132761578487,0.56354422603176457,0.13932517304829942,0.53192833694727115,0.073404565950900391
0.3772863987218113,-2.2531776755784669,-0.24240473456371905,-0.6059146364156387,0.047111136983753354
1.0888807127438742,0.73460195674668904,0.036149494351828557,0.30284102910823041,0.045582140724739872
0.37335063452499628,0.18986488186844022,0.21433449804639598,-0.054097536538487478,-0.076005702978976686
-0.31729384184115939,1.910001631701526,-0.075509138388627856,0.39900617859378107,0.04273768954633006
0.038202208844996949,-0.66842057600514626,0.017328965536895037,0.35319752143852523,0.51780496429500822
0.17258625923826532,-1.1594844713160888,0.012236761719894268,0.066278913680538176,-0.12812582357529578
0.35601137239727587,1.0572034072530239,-0.088497098438669874,0.4141821756367009,0.34507835550807719
0.33959759097226339,-1.0141718526185324,0.011625279763632729,-0.098921845344931758,-0.18020069275198392
-0.24981624267861985,-0.5905447698186076,0.11431137036213185,-0.086352733875997401,0.39792179195485478
0.096286499946078241,-0.37884386914341361,-0.045928811707114381,0.79195675300339796,0.11508096436128579
0.032129031306337971,-1.6564130293073025,-0.084158210075876358,0.0085165291477288241,-0.049370390153287147
0.81912072302082417,-3.3916986699298839,0.24864412589592721,-0.32676995336307579,0.29272340572291089
-0.45325220372761915,1.0054409096943622,-0.049077590457704184,-0.0082611944876477272,-0.032234065582644966
-0.45542766379011368,0.22788052314894314,-0.031050817416026309,-0.0288344668384789,-0.10507931788802782
0.35495131558432791,-1.868917907926356,0.26790509929367134,-1.315564214601578,0.13225101586573729
-0.51662860992779913,0.53525433681124068,-0.16381957893699861,0.062539708900120283,0.059250990582982332
-0.037243219949527492,-0.087492429675786798,0.05934213341110138,0.18087543985779264,-0.32500094570387983
0.098685605263092557,0.30375852910999246,-0.071124859510795724,-0.23826588139173022,-0.25747734874417638
0.096050296308994615,-0.96668178399801485,-0.0064023193979731163,0.49739020691568681,-1.107879895362319
-0.70943394070632571,0.83182882244113843,0.093010594011337766,0.51897869560083665,0.37663857705077497
0.27031499281799204,-0.90600863257176001,-0.15712392660266422,0.89178474313830591,0.374177516166327
-0.84692541932243159,-3.6528518043001128,-0.53776678926960431,0.91565297634861775,-1.4780279406343091
-2.1684583751673792,0.83994996075936268,-0.50099866447170993,-2.7157301612169413,-0.19995276196132572
-1.3572086416115696,-2.4607810497158376,-1.1084738190996566,-0.95423091109083003,-0.073670745942333582
-0.44028224863372828,-1.8605732420248229,-0.71261879252001148,0.15044766797872944,0.041893321206714518
0.079892028785950087,-0.88749249703964939,0.03907900077776405,0.55588349538092374,0.29288404069954943
0.74152659476851923,1.7260856668734055,-0.10514837256394211,0.42009975216597573,-0.29957880621269695
-0.081309617094775188,2.1486209124467335,0.24558978901389664,-0.23376173251801058,-0.051357509567660387
0.2488960593165338,0.61680223320293692,0.17908043463343035,-0.32550017153743993,-0.00037800307343616169
-0.13537663276041595,1.2200554315283911,-0.010860433056711083,-0.064468421558424582,-0.021960970741803365
-0.34114107022159201,-0.13514524935182015,-0.14296977241351794,0.48203100277177779,0.13395752435653741
-0.84041721275500114,0.21380775092548265,0.50162711539615923,0.71903157305793242,-0.19827043064424643
0.20652579294884302,-0.64326112515968081,-0.046231653813401746,0.75917670935014203,-0.15465198274693037
-0.37320057231596898,0.75078675633006542,0.13776531682991178,0.34009259018832161,0.0044793489402348285
0.79255718201987735,-1.9100098964629986,0.39767785179572468,0.12161331790025165,0.010504926313265273
0.24398213464699051,-3.9206849623029449,0.20697292762406008,0.22139228916078624,0.081384929499977332
-0.069096048655590075,1.7782823584724805,-0.085180818292019039,-0.12270564147323637,-0.016265480347843919
-0.50215468119120366,0.19216899937269061,0.082811162166888441,0.10670366943862497,0.0063667337780763944
-0.42565173010682178,-1.3442060282160091,0.18681084930181996,0.32905891010151733,-0.059184073073904386
0.48051560254430564,1.2628716238159039,0.042772429934279307,0.057837720056813868,-0.067723185512649664
-0.50185109692111862,0.31037644896052496,0.09973311338121664,-0.42741853281024089,0.081801078374288849
0.086907976920720553,-0.15964020568633425,0.19097817855424634,0.22016408203367988,0.027987567918911438
0.1148762670222975,2.3432475257190752,0.1251635255534061,0.024494980180330916,-0.049345360797396154
-1.0829557387655058,1.5116942237505255,0.055768458265652548,0.29324880399789111,0.047969995537613386
0.71623098613677871,-2.6998064825067636,0.38324156438812701,0.20316167811174246,-0.070539100507236441
0.57006155698919481,-1.0940079601341206,-0.054125120032153085,-0.087886201307628253,0.0074239281176833316
-0.16066556409113161,1.244554506636967,0.21006424040471267,-0.57105463050552174,0.014744092801228348
0.068676153680321428,0.64541033367947676,-0.056505176908993815,-0.98145690574128541,0.059566077965810038
-0.35812997821042758,-2.9230209525986086,-0.10732615776173138,0.35655818447702092,0.090085958394997334
-0.3161395073015929,-0.40608582948616478,0.28741452457077366,0.035152505150846336,0.021861324498109624
-0.4825449575936881,-4.5660734522016178,-0.043064435068250889,-0.36962633451050375,0.065758852826508729
0.03150703680837702,0.41321784192843269,0.096999556399783388,-0.41976131846993248,-0.012468101144722965
-0.42171577816656131,0.075274595574135517,-0.14610439754031176,0.43045495829094627,0.024282853712611185
0.049416848206711272,1.5542925000904433,0.089723766000563712,0.058062564300731534,0.061257497465261324
-0.039188040766156784,-1.819806515432445,0.08035077758161388,0.23292161246198506,0.15019869732108937
-0.009444688017899952,-2.667812324929117,0.13314285311337995,0.23503771257527384,0.031796574052380677
-0.04855421698064441,1.6874345948445839,0.10227185955044689,-0.29393556397979026,-0.076211022457219002
0.051836393518379043,-1.0620917166998947,-0.018287094374578261,0.024136015207042227,0.13093970827432067
0.29122186069489764,1.2425221051470514,0.073260341364339218,0.30002635150660684,-0.028945765764211373
0.21471599014770132,0.77264898072470278,-0.03184659467377092,0.24444464133481558,0.25030350877824503
-0.13943055324947437,0.7295578787426602,-0.055789465087665774,0.08150187969784084,-0.24157160414531909
-0.10755357147415123,-0.31142506870925901,0.15628489891574021,-0.18067866420548673,0.42420066532949718
-0.49914091111995884,0.27500746846930013,-0.23653031775882544,-0.1614862091217304,-0.31237912543012492
0.15358804778236573,0.060326003030857889,0.060375582382975218,-0.50691440053414139,0.075865039330759387
-0.44070832299565899,-2.0205847939844261,0.15557611285102765,0.35631783497003755,-0.25535278286239382
0.12968037402711996,0.12686067282623642,0.092295533939062202,-0.28473946578137543,-0.48567590127648153
0.074234323309957745,-0.6894400117889099,0.032292312392595987,0.24395147782663162,-0.04284268948753045
