Quarter,LogGDP,Employment,LogCPI,InterestRate,LogEnergyDemand
1973Q1,863.81124595058998,95.069999999999993,376.19742345908486,8.4900000000000002,984.64861399002575
1973Q2,864.89401428722078,95.069999999999993,378.26725746746683,10.779999999999999,985.42336760687647
1973Q3,864.36672394644609,95.200000000000003,380.22081394209397,9.9499999999999993,984.64815410823462
1973Q4,865.31147253758752,95.230000000000004,382.71903442217803,9.3499999999999996,984.10790721834667
1974Q1,864.44799015340072,94.870000000000005,385.65102954978869,11.93,980.81111240374059
1974Q2,864.68538524153371,94.799999999999997,388.29381108746122,11.34,982.96839978888477
1974Q3,863.73575672079619,94.370000000000005,391.06881148580442,8.5299999999999994,983.56671564668761
1974Q4,863.34686022883943,93.400000000000006,394.09349965907501,5.54,982.50383127014391
1975Q1,862.12208992802198,91.730000000000004,396.20828394160912,5.5499999999999998,980.57493343308147
1975Q2,862.83409287556674,91.129999999999995,397.40583963475984,6.2400000000000002,979.30775016290227
1975Q3,864.5312665994735,91.530000000000001,399.39107791507558,5.2000000000000002,979.13260983897123
1975Q4,865.86878925670112,91.700000000000003,401.21705571692115,4.8399999999999999,979.6106725756797
1976Q1,868.09263833988393,92.269999999999996,402.3564380161053,5.4800000000000004,982.66154017891324
1976Q2,868.82365544705249,92.430000000000007,403.24691585040131,5.25,983.74252486310536
1976Q3,869.37087593624869,92.269999999999996,404.83006237206939,4.6500000000000004,984.01216188491037
1976Q4,870.0931078074691,92.230000000000004,406.27386494121095,4.6900000000000004,989.6743075597534
1977Q1,871.26767478127181,92.5,408.09215418899606,5.3899999999999997,987.13363283156389
1977Q2,873.19312755606461,92.870000000000005,409.82253555264884,6.1399999999999997,987.09268663260059
1977Q3,874.98139319668019,93.099999999999994,411.19667094232994,6.5599999999999996,988.63221218979595
1977Q4,874.98358034597356,93.329999999999998,412.65971439827587,6.79,987.94105318926472
1978Q1,875.30224972155702,93.670000000000002,414.3663158175433,7.5999999999999996,989.88424291358149
1978Q2,879.09370770766384,94,416.61488114140326,8.4499999999999993,990.27870182192521
1978Q3,880.09420890669935,93.969999999999999,418.91500692459925,10.029999999999999,990.45193730262304
1978Q4,881.42940178156493,94.099999999999994,421.21275978784843,10.09,990.18527074047768
1979Q1,881.60902402643626,94.129999999999995,423.70008626236245,10.289999999999999,993.7759093523988
1979Q2,881.71589594160923,94.299999999999997,426.82978693455391,11.43,990.85065204190244
1979Q3,882.45602371844166,94.129999999999995,430.00027991952913,13.779999999999999,989.8369934337984
1979Q4,882.70578509295012,94.030000000000001,433.11714022179279,17.190000000000001,990.29758126195895
1980Q1,883.01980680898259,93.700000000000003,436.98692826401918,9.4700000000000006,989.54365585851122
1980Q2,880.93780610438318,92.670000000000002,440.3054001865957,10.869999999999999,986.70108047840449
1980Q3,880.8188867813559,92.329999999999998,442.16475081369612,18.899999999999999,986.11413913345734
1980Q4,882.6666354037327,92.599999999999994,444.92961887687068,14.699999999999999,988.34099705533731
1981Q1,884.6071236449759,92.569999999999993,447.65785725399763,19.100000000000001,985.0502977159897
1981Q2,883.86328601826244,92.599999999999994,449.72140824824606,15.869999999999999,985.17002034920938
1981Q3,885.05369680772037,92.599999999999994,452.4683296347016,12.369999999999999,985.67945505590092
1981Q4,883.95817165239771,91.769999999999996,454.0809782319995,14.68,985.15821461093788
1982Q1,882.39243720458433,91.170000000000002,454.96574760578324,14.15,983.81291054844894
1982Q2,882.84759634651436,90.569999999999993,456.4001256292787,10.31,981.41615158783782
1982Q3,882.46456847632237,90.099999999999994,458.12186237520683,8.9499999999999993,980.08867320808099
1982Q4,882.50450296429722,89.329999999999998,458.42866347040126,8.7699999999999996,979.34426355156438
1983Q1,883.81374912194485,89.629999999999995,458.49674786705725,8.9800000000000004,978.5685616826139
1983Q2,886.06384882169186,89.870000000000005,459.64654091104109,9.4499999999999993,981.17756263455897
1983Q3,888.04319860764042,90.629999999999995,460.61696863211745,9.4700000000000006,983.05481621708179
1983Q4,890.10795438456307,91.469999999999999,461.61101260264257,9.9100000000000001,981.7471871494904
1984Q1,892.04386378971958,92.129999999999995,463.01876238657974,11.06,987.13503947809488
1984Q2,893.75689807401523,92.569999999999993,463.95716127054231,11.300000000000001,987.75871215266682
1984Q3,894.71634473898882,92.569999999999993,464.82296754485384,8.3800000000000008,985.45142191672426
1984Q4,895.53385679594339,92.700000000000003,465.68134191399292,8.5800000000000001,983.2616622350439
1985Q1,896.49827807459985,92.769999999999996,466.59519719241871,7.5300000000000002,985.89010708001649
1985Q2,897.37488000173278,92.700000000000003,467.50068347282064,7.9199999999999999,985.03963138676284
1985Q3,898.89046115566066,92.799999999999997,468.12048722640884,8.2699999999999996,985.00533032023975
1985Q4,899.63100438124923,92.969999999999999,469.13478822291432,7.4800000000000004,986.32761507328598
1986Q1,900.5601780499411,92.969999999999999,469.65334962307975,6.9199999999999999,985.98418527139552
1986Q2,901.00955080571316,92.829999999999998,469.16533401592756,5.8899999999999997,986.25861178814228
1986Q3,901.96203263990515,93.030000000000001,469.77493672811852,6.9100000000000001,985.76711986065925
1986Q4,902.49767126769689,93.170000000000002,470.4714118074458,6.1299999999999999,985.75060178467254
1987Q1,903.24008002466383,93.400000000000006,471.67115607209985,6.7300000000000004,987.16441101205635
1987Q2,904.31319935921715,93.730000000000004,472.79779100609159,7.2199999999999998,989.31564798049681
1987Q3,905.17706927371933,94,473.85351897707579,6.7699999999999996,990.05242232095588
1987Q4,906.87954710747022,94.170000000000002,474.78261973722311,6.5800000000000001,989.75815061285869
1988Q1,907.39484347494749,94.299999999999997,475.55993782339885,7.5099999999999998,994.15763411698799
1988Q2,908.70015439473161,94.530000000000001,476.70058321009333,8.1899999999999995,992.27665373633602
1988Q3,909.28437328044106,94.530000000000001,477.91234931115298,8.7599999999999998,993.8584601986156
1988Q4,910.60806946179173,94.670000000000002,478.99886229806333,9.8499999999999996,993.69955072793653
1989Q1,911.61953930615596,94.799999999999997,480.12853388869468,9.5299999999999994,994.72316466817608
1989Q2,912.3799102650446,94.769999999999996,481.73199262129475,9.0199999999999996,995.53848816079926
1989Q3,913.11805994007091,94.769999999999996,482.51086063533523,8.4499999999999993,994.98293127617433
1989Q4,913.31491283454943,94.629999999999995,483.52234104337094,8.2799999999999994,998.80954062096987
1990Q1,914.40177536165379,94.700000000000003,485.22903863348478,8.2899999999999991,993.94357427842192
1990Q2,914.76402665830074,94.670000000000002,486.21352857778118,8.1999999999999993,996.94612982460069
1990Q3,914.83052746566875,94.299999999999997,487.92600514991875,7.3099999999999996,997.33124338735399
1990Q4,913.91597877613128,93.870000000000005,489.60972377948622,6.1200000000000001,994.8089919635097
1991Q1,913.44703714387447,93.400000000000006,490.35451353196675,5.9000000000000004,994.00863507031454
1991Q2,914.22373187692119,93.170000000000002,490.94637701265242,5.4500000000000002,995.13281197906133
1991Q3,914.72775614419072,93.129999999999995,491.70569471366895,4.4299999999999997,996.8483572442675
1991Q4,915.07564896524764,92.900000000000006,492.53192065637916,3.98,996.78942790516703
1992Q1,916.26559262747128,92.629999999999995,493.20732119777404,3.7599999999999998,996.31412838968015
1992Q2,917.34410902147874,92.400000000000006,493.97356057890767,3.2200000000000002,997.02475959834851
1992Q3,918.32752948160294,92.370000000000005,494.73404437239424,2.9199999999999999,996.76438393814783
1992Q4,919.36529075179419,92.629999999999995,495.60615371510357,3.0699999999999998,999.01710965027166
1993Q1,919.53255110134296,92.870000000000005,496.33109550800185,3.04,998.78175910736059
1993Q2,920.11328122002658,92.930000000000007,497.05075030054758,3.0899999999999999,997.71784953166161
1993Q3,920.58946041792581,93.200000000000003,497.51234811282234,2.96,999.38020286574658
1993Q4,921.94040722648492,93.370000000000005,498.3378513501857,3.3399999999999999,1000.3369511722047
1994Q1,922.90594712914071,93.430000000000007,498.83896851489357,4.25,1002.4703413300377
1994Q2,924.25189435070308,93.799999999999997,499.40539130111728,4.7300000000000004,1000.6748261141391
1994Q3,924.83470792917183,94,500.32749396899635,5.4500000000000002,1000.5071801866845
1994Q4,925.97372092251396,94.370000000000005,500.90787499764195,5.9800000000000004,1000.2446935437677
1995Q1,926.32784928946035,94.530000000000001,501.63966654769501,6,1000.8910962616059
1995Q2,926.62574601345432,94.329999999999998,502.45381992652466,5.7999999999999998,1002.6942513701509
1995Q3,927.47282567686705,94.329999999999998,502.95662998106206,5.5999999999999996,1004.4919006587737
1995Q4,928.14955173963494,94.430000000000007,503.50026505445504,5.3099999999999996,1004.6732522556763
1996Q1,928.895707877821,94.469999999999999,504.38553469376836,5.2699999999999996,1007.3749253217278
1996Q2,930.5497994689722,94.5,505.24168281112105,5.2999999999999998,1006.1247997457697
1996Q3,931.44279177515375,94.730000000000004,505.81548100642328,5.29,1004.6998817842306
1996Q4,932.47581960989783,94.670000000000002,506.68057756473218,5.3899999999999997,1007.3360875563429
1997Q1,933.11930913289484,94.769999999999996,507.28793098685719,5.5599999999999996,1005.8228662311029
1997Q2,934.76765048880384,95,507.51738152338265,5.54,1006.8403648059202
1997Q3,936.01074004854377,95.129999999999995,508.01613567448658,5.5,1007.1141289641057
1997Q4,936.86588971141714,95.329999999999998,508.55368084549195,5.4900000000000002,1008.4120690586362
1998Q1,937.86040785977889,95.370000000000005,508.75963352323834,5.5599999999999996,1005.4018865206251
1998Q2,938.78195567215016,95.599999999999994,509.08829038528489,5.5099999999999998,1008.1874093969011
1998Q3,940.02674334579763,95.469999999999999,509.59973672873627,4.6799999999999997,1009.7421584870292
1998Q4,941.62970718675717,95.569999999999993,510.06789025552467,4.8099999999999996,1006.8020736011629
1999Q1,942.57172808532437,95.700000000000003,510.43278025391521,4.7599999999999998,1008.170165820711
1999Q2,943.33794378319772,95.730000000000004,511.17871658235504,5.2199999999999998,1009.3478178780371
1999Q3,944.6391066580851,95.769999999999996,511.91907006506011,5.2999999999999998,1010.5971758820298
1999Q4,946.32441033123234,95.930000000000007,512.65398257274967,5.8499999999999996,1008.7649243993336
2000Q1,946.68551770496515,95.969999999999999,513.63864994018161,6.5300000000000002,1010.3152989258616
2000Q2,948.50011845954805,96.069999999999993,514.41942696736987,6.5199999999999996,1011.9795530862549
2000Q3,948.63358463849056,96,515.32915944977788,6.4000000000000004,1011.0542244270144
2000Q4,949.2545422891119,96.099999999999994,516.03952057364188,5.3099999999999996,1012.3716264229879
2001Q1,948.96895722829163,95.769999999999996,516.99156517435119,3.9700000000000002,1010.7602278692048
2001Q2,949.55181112016032,95.599999999999994,517.69025564754247,3.0699999999999998,1008.6893458710737
2001Q3,949.13590935324214,95.170000000000002,517.97213129821409,1.8200000000000001,1008.4924269641549
2001Q4,949.40791046734626,94.5,517.89706089154708,1.73,1006.7345208714331
2002Q1,950.27862295641285,94.299999999999997,518.21581992035397,1.75,1007.6824431471449
2002Q2,950.88252830802026,94.170000000000002,518.99896753979033,1.75,1011.026820807285
2002Q3,951.32611434175374,94.269999999999996,519.53611803943659,1.24,1010.9124048567423
2002Q4,951.4808172515576,94.129999999999995,520.12556537049045,1.25,1011.3652199883923
2003Q1,952.03405083003622,94.129999999999995,521.14879729984159,1.22,1011.6251757111014
2003Q2,952.89063149805452,93.870000000000005,520.98505673087197,1.01,1009.1281107685224
2003Q3,954.57458255008783,93.870000000000005,521.72878805021594,0.97999999999999998,1010.2969313450167
2003Q4,955.71620818477015,94.170000000000002,522.10761061541598,1,1010.9100216286344
2004Q1,956.24853611450931,94.299999999999997,522.95030505476768,1.03,1013.3597757069955
2004Q2,957.00772334573139,94.400000000000006,523.73282720695101,1.6100000000000001,1012.4323784034045
2004Q3,957.94861112914077,94.569999999999993,524.36853469203038,2.1600000000000001,1011.5890830246535
2004Q4,958.94530173712872,94.569999999999993,525.43654790188543,2.6299999999999999,1013.3310475101559
2005Q1,960.04618327446087,94.700000000000003,525.94034463289904,3.04,1012.6616211339445
2005Q2,960.5066826586517,94.900000000000006,526.6138640300826,3.6200000000000001,1012.7787577277086
2005Q3,961.39406757503832,95.030000000000001,528.11712077130665,4.1600000000000001,1013.3463245924789
2005Q4,962.02354532477182,95.030000000000001,529.04530235086906,4.5899999999999999,1012.396744425684
2006Q1,963.34506182750772,95.269999999999996,529.56473051044441,4.9900000000000002,1010.0251842056555
2006Q2,963.57848891393326,95.370000000000005,530.46308942223698,5.25,1012.735004335139
2006Q3,963.73300227258324,95.370000000000005,531.40268243221124,5.2400000000000002,1013.6763348057258
2006Q4,964.58125960577536,95.569999999999993,530.991633764673,5.2599999999999998,1012.0880904697879
2007Q1,964.81647586235442,95.5,531.96727093260051,5.25,1013.5030546361019
2007Q2,965.38771358881183,95.5,533.09345938321133,4.9400000000000004,1013.6798393740448
2007Q3,965.92951452052102,95.329999999999998,533.72447674587181,4.2400000000000002,1014.104885121879
2007Q4,966.53551652684632,95.200000000000003,534.94367208088795,2.6099999999999999,1013.1280719614185
2008Q1,965.95915892730591,95,536.0210360111422,2,1013.829076623095
2008Q2,966.47421732004284,94.670000000000002,537.31358362385947,1.8100000000000001,1012.6782143243314
2008Q3,965.93139109011349,94,538.84368251108094,0.16,1009.1133496258221
2008Q4,963.74382616913454,93.129999999999995,536.52687556270848,0.17999999999999999,1009.9962623297879
2009Q1,962.61478133024684,91.730000000000004,535.83662932720824,0.20999999999999999,1007.5578074070618
2009Q2,962.47068781615462,90.700000000000003,536.36696190164469,0.14999999999999999,1005.7848288585748
2009Q3,962.83413763716192,90.370000000000005,537.22367494913601,0.12,1005.0491623796464
2009Q4,963.92653331388237,90.069999999999993,538.00355928328941,0.16,1007.2850095772714
2010Q1,964.3105746698327,90.170000000000002,538.16193723188394,0.17999999999999999,1009.4476148882762
2010Q2,965.22837824180954,90.370000000000005,538.12664619665986,0.19,1009.779647910896
2010Q3,965.96288539560044,90.530000000000001,538.4193641219382,0.17999999999999999,1010.9760169802861
2010Q4,966.46353260061312,90.5,539.22584277188491,0.14000000000000001,1010.4581971714705
2011Q1,966.22280182411919,90.969999999999999,540.28742093473272,0.089999999999999997,1010.3226492230482
2011Q2,966.93523133446865,90.930000000000007,541.41798925390867,0.080000000000000002,1009.4585721529409
2011Q3,966.9074488130351,91,542.06796790711462,0.070000000000000007,1010.148106435623
2011Q4,968.06006557833189,91.370000000000005,542.51583658194329,0.13,1007.9942660737096
2012Q1,968.84000886332001,91.730000000000004,543.07744322900396,0.16,1004.6739230434076
2012Q2,969.2692876533464,91.799999999999997,543.28832239293456,0.14000000000000001,1007.7417597204123
2012Q3,969.40414488954309,91.969999999999999,543.7387765514336,0.16,1008.2850575932929
2012Q4,969.5179533489204,92.200000000000003,544.40151352579539,0.14000000000000001,1007.0990137492615
2013Q1,970.39972934181048,92.269999999999996,544.80266264270108,0.089999999999999997,1008.8023710705884
2013Q2,970.52304974546666,92.469999999999999,544.69313183746726,0.080000000000000002,1009.2278873944823
2013Q3,971.30341214941302,92.769999999999996,545.23251790273844,0.089999999999999997,1009.2021401771199
2013Q4,972.09849193488333,93.069999999999993,545.60161728945366,0.080000000000000002,1011.8892108527518
2014Q1,971.81538638242148,93.329999999999998,546.2224581930858,0.10000000000000001,1013.1525675865716
2014Q2,973.15998730342517,93.799999999999997,546.75211773548415,0.089999999999999997,1009.9027293362478
2014Q3,974.37352629465079,93.930000000000007,547.00762508792945,0.12,1009.2331066720908
2014Q4,974.93474226532192,94.299999999999997,546.75887220177208,0.11,1011.3075434315275
2015Q1,975.8794210773932,94.469999999999999,546.1095012575804,0.13,1012.4655469168699
2015Q2,976.55375550968154,94.569999999999993,546.78913505194885,0.14000000000000001,1010.0060892243624
2015Q3,976.9157040700884,94.900000000000006,547.16612443096403,0.23999999999999999,1010.5182511352338
2015Q4,977.07593801010262,94.969999999999999,547.15855650885953,0.35999999999999999,1006.8207944486252
2016Q1,977.6407533548595,95.099999999999994,547.09643586285119,0.38,1008.5914289215152
2016Q2,977.9521862349302,95.069999999999993,547.89303812815558,0.40000000000000002,1009.6937660413074
2016Q3,978.49510581009542,95.099999999999994,548.31661438949357,0.54000000000000004,1011.6998128970434
2016Q4,979.12243234290304,95.230000000000004,548.94941828761728,0.79000000000000004,1009.8588783648438
2017Q1,979.6865074271675,95.430000000000007,549.61541867396852,1.04,1007.8620542131928
2017Q2,980.11254261020963,95.599999999999994,549.79343252063336,1.1499999999999999,1010.7677210725392
2017Q3,980.83873306890882,95.700000000000003,550.26666060451123,1.3,1010.1828446435256
2017Q4,981.7898726876756,95.870000000000005,551.04282815277429,1.51,1012.2733860252455
2018Q1,982.71723847788758,95.969999999999999,551.81727176525487,1.8200000000000001,1013.3538016517863
2018Q2,983.38364108654628,96.069999999999993,552.44073727974387,1.95,1014.2264836899406
2018Q3,983.90746235115375,96.230000000000004,552.84536118897438,2.27,1013.6150137747948
2018Q4,984.23524598265942,96.170000000000002,553.23533790286706,2.4100000000000001,1014.187883411959
2019Q1,984.95775216885681,96.129999999999995,553.4123211581923,2.3799999999999999,1014.0738761626103
2019Q2,985.3277828768571,96.329999999999998,554.2726396238487,2.04,1012.2585431141588
2019Q3,985.96267789332705,96.400000000000006,554.59259923726711,1.55,1012.9100158424889
2019Q4,986.54719809079927,96.400000000000006,555.24156385600031,0.65000000000000002,1012.5664025180466
