cop,run,in_set,rank,set_size,lowest_loss_cop,final_pvalue
1,0,0,76,6,729,0.0725
2,0,0,245,1,191,0.0
3,0,0,122,7,855,0.2325
4,0,0,63,5,410,0.171
5,0,0,82,1,191,0.0
6,0,0,224,1,850,0.0
7,0,0,289,11,252,0.1865
8,0,0,8,1,620,0.0215
9,0,1,1,1,9,0.0
10,0,0,305,3,878,0.506
11,0,0,119,17,874,0.1155
12,0,0,305,4,475,0.0585
13,0,1,1,1,13,0.001
14,0,0,117,6,641,0.195
15,0,0,526,8,134,0.085
16,0,0,96,6,172,0.186
17,0,0,304,2,875,0.867
18,0,0,42,3,627,0.2115
19,0,0,322,8,914,0.155
20,0,0,678,4,307,0.082
21,0,0,108,1,392,0.003
22,0,0,18,2,337,0.1055
23,0,0,203,5,673,0.1155
24,0,0,64,2,914,0.6975
25,0,0,771,3,678,0.5385
26,0,0,650,7,688,0.067
27,0,0,16,3,220,0.138
28,0,0,450,2,731,0.097
29,0,0,753,5,789,0.0545
30,0,0,19,1,598,0.002
31,0,0,7,4,285,0.221
32,0,0,19,7,172,0.214
33,0,0,429,7,555,0.12
34,0,0,78,1,515,0.007
35,0,0,161,8,255,0.0915
36,0,0,35,3,437,0.1075
37,0,0,4,2,597,0.1175
38,0,0,266,3,605,0.1565
39,0,0,298,1,226,0.0145
40,0,0,270,1,717,0.004
41,0,0,7,2,233,0.675
42,0,0,524,4,875,0.144
43,0,0,119,1,754,0.0
44,0,1,2,9,437,0.067
45,0,0,493,2,875,0.383
46,0,0,18,1,810,0.0
47,0,0,17,1,410,0.0
48,0,0,8,3,56,0.185
49,0,0,9,1,262,0.0005
50,0,0,75,4,948,0.087
51,0,0,3,1,754,0.008
52,0,0,164,1,98,0.0
53,0,0,269,7,673,0.1655
54,0,0,7,4,437,0.3175
55,0,0,581,10,758,0.0705
56,0,0,11,1,412,0.0
57,0,0,52,8,717,0.2145
58,0,1,1,1,58,0.0
59,0,0,48,2,261,0.9225
60,0,0,123,1,620,0.0
61,0,0,22,3,911,0.067
62,0,0,50,17,863,0.077
63,0,0,198,3,724,0.272
64,0,0,734,1,60,0.015
65,0,0,42,4,603,0.0595
66,0,0,102,1,44,0.025
67,0,0,244,5,423,0.5655
68,0,0,65,1,555,0.044
69,0,1,1,1,69,0.0
70,0,0,86,1,519,0.0
71,0,0,32,2,749,0.1565
72,0,0,165,1,519,0.0
73,0,0,93,4,432,0.173
74,0,0,100,1,71,0.018
75,0,0,157,2,239,0.267
76,0,0,29,6,643,0.226
77,0,0,482,1,554,0.001
78,0,0,2,1,320,0.0125
79,0,1,2,2,426,0.1365
80,0,0,660,1,46,0.0255
81,0,0,258,3,911,0.0615
82,0,0,213,1,598,0.0035
83,0,0,4,3,671,0.875
84,0,0,349,1,131,0.03
85,0,0,2,1,783,0.001
86,0,1,1,1,86,0.0
87,0,0,29,1,226,0.0
88,0,0,4,1,167,0.0
89,0,0,886,3,402,0.2985
90,0,0,9,2,947,0.0955
91,0,0,10,5,914,0.077
92,0,0,292,1,957,0.0
93,0,0,720,1,191,0.0
94,0,0,124,1,31,0.0
95,0,0,12,2,967,0.4685
96,0,0,138,5,752,0.122
97,0,0,79,2,31,0.738
98,0,1,2,2,669,0.128
99,0,0,154,5,426,0.073
100,0,0,42,9,240,0.215
101,0,0,7,6,855,0.2215
102,0,0,7,2,106,0.1425
103,0,0,118,9,533,0.159
104,0,0,540,1,294,0.0135
105,0,0,19,2,498,0.099
106,0,0,7,2,410,0.138
107,0,1,2,2,54,0.1215
108,0,0,363,3,994,0.122
109,0,0,338,9,750,0.392
110,0,0,527,3,50,0.1755
111,0,0,430,3,382,0.1025
112,0,0,164,8,914,0.184
113,0,0,220,1,688,0.0365
114,0,0,81,1,582,0.023
115,0,0,44,1,932,0.0015
116,0,0,59,5,641,0.138
117,0,1,2,2,948,0.83
118,0,0,118,1,231,0.004
119,0,0,3,2,253,0.132
120,0,0,110,4,948,0.135
121,0,0,39,5,832,0.108
122,0,0,699,12,265,0.067
123,0,0,17,1,18,0.0
124,0,0,315,1,850,0.0075
125,0,0,27,6,302,0.143
126,0,0,159,3,145,0.544
127,0,0,360,1,779,0.033
128,0,0,271,10,643,0.1395
129,0,0,11,1,216,0.0
130,0,0,125,4,868,0.0635
131,0,0,15,1,498,0.015
132,0,0,645,1,643,0.008
133,0,0,234,2,620,0.7945
134,0,0,26,1,191,0.001
135,0,0,131,2,914,0.102
136,0,0,15,2,36,0.161
137,0,0,487,4,769,0.117
138,0,0,179,3,681,0.136
139,0,0,6,2,510,0.637
140,0,0,3,1,9,0.0
141,0,0,90,7,1,0.096
142,0,0,9,2,191,0.142
143,0,0,695,3,369,0.054
144,0,0,382,1,439,0.0135
145,0,1,1,2,145,0.372
146,0,0,346,2,556,0.677
147,0,0,170,3,717,0.495
148,0,1,1,6,148,0.5705
149,0,0,372,2,875,0.1195
150,0,0,213,3,31,0.096
151,0,0,25,2,289,0.056
152,0,0,116,4,145,0.2925
153,0,0,784,1,597,0.0135
154,0,1,2,2,130,0.4625
155,0,0,9,4,576,0.094
156,0,0,16,3,423,0.4225
157,0,0,46,1,437,0.002
158,0,0,27,1,811,0.0
159,0,0,5,4,484,0.1975
160,0,0,808,1,957,0.0
161,0,0,19,3,615,0.21
162,0,0,106,2,620,0.0915
163,0,0,273,1,614,0.008
164,0,0,608,2,799,0.6185
165,0,0,78,1,642,0.0
166,0,0,16,3,356,0.1395
167,0,0,3,2,572,0.069
168,0,0,105,1,919,0.002
169,0,0,139,1,106,0.0055
170,0,1,6,12,439,0.123
171,0,0,81,4,351,0.8445
172,0,0,10,5,231,0.1185
173,0,0,3,1,320,0.034
174,0,0,6,3,789,0.523
175,0,0,25,1,992,0.003
176,0,0,426,6,533,0.109
177,0,0,310,1,916,0.035
178,0,0,841,10,113,0.0615
179,0,0,12,6,353,0.066
180,0,0,100,1,620,0.0
181,0,0,484,3,31,0.841
182,0,0,211,5,44,0.0825
183,0,0,108,1,437,0.029
184,0,0,3,1,46,0.0
185,0,0,96,2,510,0.8845
186,0,0,114,2,423,0.583
187,0,1,3,5,50,0.117
188,0,0,17,6,669,0.104
189,0,0,3,1,512,0.032
190,0,0,187,2,512,0.1495
191,0,1,1,1,191,0.0
192,0,0,4,2,746,0.0605
193,0,1,3,7,800,0.1605
194,0,0,243,2,948,0.841
195,0,0,82,12,571,0.056
196,0,0,82,7,227,0.0635
197,0,0,15,4,470,0.0985
198,0,0,542,6,401,0.0765
199,0,0,228,1,652,0.0
200,0,0,18,2,615,0.5655
201,0,0,131,3,717,0.1965
202,0,0,99,1,402,0.0
203,0,0,411,1,874,0.045
204,0,0,409,5,994,0.1505
205,0,1,4,5,598,0.095
206,0,0,54,1,783,0.0
207,0,0,144,4,148,0.109
208,0,0,627,1,443,0.0005
209,0,0,181,4,957,0.304
210,0,0,5,2,430,0.3935
211,0,0,5,1,191,0.0
212,0,0,41,2,425,0.0755
213,0,0,35,6,773,0.1275
214,0,1,1,1,214,0.0045
215,0,0,460,1,239,0.0095
216,0,0,13,1,357,0.0
217,0,0,683,1,68,0.0025
218,0,0,113,4,920,0.4635
219,0,1,1,1,219,0.0
220,0,0,38,7,911,0.06
221,0,0,254,8,161,0.057
222,0,0,501,1,68,0.0
223,0,0,699,3,818,0.121
224,0,0,593,20,875,0.1245
225,0,0,242,5,694,0.179
226,0,0,29,2,911,0.3095
227,0,0,74,4,825,0.125
228,0,0,95,7,948,0.748
229,0,0,56,1,932,0.0
230,0,0,2,1,924,0.0
231,0,0,13,4,426,0.1195
232,0,1,3,3,226,0.452
233,0,1,1,4,233,0.107
234,0,0,399,1,642,0.0105
235,0,0,579,3,844,0.079
236,0,0,8,1,850,0.018
237,0,0,174,7,555,0.184
238,0,0,148,4,345,0.291
239,0,0,125,2,117,0.5075
240,0,0,31,4,437,0.155
241,0,1,5,6,437,0.256
242,0,0,483,6,647,0.1635
243,0,0,248,2,117,0.1035
244,0,0,38,4,869,0.676
245,0,0,845,1,427,0.0
246,0,0,442,4,715,0.063
247,0,0,72,2,68,0.8575
248,0,0,352,1,772,0.046
249,0,1,1,4,249,0.0555
250,0,0,8,5,319,0.096
251,0,0,408,2,421,0.8495
252,0,0,12,3,878,0.5545
253,0,0,44,2,690,0.111
254,0,0,73,1,191,0.0
255,0,0,120,1,526,0.0025
256,0,0,156,5,660,0.0535
257,0,0,30,1,140,0.0265
258,0,0,79,3,547,0.3455
259,0,0,587,1,713,0.029
260,0,0,7,5,934,0.0895
261,0,0,23,1,512,0.0
262,0,0,11,1,870,0.0
263,0,0,10,3,379,0.0525
264,0,0,205,1,770,0.0005
265,0,0,244,1,191,0.0
266,0,0,11,2,813,0.8565
267,0,0,133,2,435,0.145
268,0,0,109,2,620,0.1475
269,0,0,12,8,148,0.2685
270,0,0,110,3,663,0.34
271,0,0,162,2,522,0.3015
272,0,0,387,3,646,0.3125
273,0,0,12,2,724,0.063
274,0,0,183,5,457,0.1655
275,0,0,93,2,724,0.321
276,0,0,839,1,724,0.0005
277,0,0,254,3,720,0.061
278,0,0,162,1,565,0.0
279,0,0,699,2,986,0.7705
280,0,0,414,5,598,0.157
281,0,0,37,1,410,0.0065
282,0,0,330,4,226,0.1075
283,0,0,748,3,401,0.0675
284,0,0,53,1,68,0.0075
285,0,0,9,4,457,0.0795
286,0,0,754,3,586,0.0875
287,0,0,64,1,584,0.0025
288,0,0,210,4,226,0.162
289,0,0,204,1,320,0.0
290,0,0,737,7,376,0.099
291,0,0,515,9,961,0.1805
292,0,0,102,10,302,0.053
293,0,0,362,3,598,0.078
294,0,0,364,2,459,0.4395
295,0,0,662,7,76,0.1375
296,0,0,545,12,859,0.081
297,0,0,23,2,9,0.3105
298,0,0,54,9,410,0.0675
299,0,0,115,1,191,0.0
300,0,0,17,3,823,0.6115
301,0,0,74,2,42,0.8975
302,0,0,181,4,994,0.1475
303,0,0,29,1,947,0.0
304,0,0,317,1,799,0.0
305,0,0,544,4,211,0.561
306,0,0,252,2,410,0.825
307,0,0,241,2,134,0.1055
308,0,0,9,1,375,0.0
309,0,0,422,3,91,0.1095
310,0,0,18,2,512,0.164
311,0,0,47,4,758,0.168
312,0,0,152,2,396,0.085
313,0,0,399,5,740,0.1015
314,0,0,327,9,11,0.0925
315,0,0,626,3,770,0.138
316,0,0,280,11,862,0.0665
317,0,0,2,1,54,0.001
318,0,0,31,12,292,0.065
319,0,0,13,4,728,0.7805
320,0,1,1,1,320,0.0
321,0,0,85,1,510,0.0
322,0,1,3,3,722,0.0725
323,0,1,1,1,323,0.0
324,0,0,668,7,646,0.0535
325,0,0,945,2,414,0.3285
326,0,0,791,3,554,0.0705
327,0,0,786,6,695,0.0905
328,0,0,37,1,895,0.0355
329,0,1,1,1,329,0.0
330,0,0,469,2,443,0.196
331,0,0,10,6,644,0.1045
332,0,0,21,1,932,0.0
333,0,0,867,5,761,0.1775
334,0,0,101,6,902,0.2165
335,0,0,62,1,191,0.0
336,0,0,65,4,470,0.0745
337,0,0,2,1,889,0.0075
338,0,0,3,2,914,0.2385
339,0,0,406,3,596,0.248
340,0,0,629,1,320,0.0445
341,0,0,75,1,891,0.0005
342,0,0,90,3,934,0.5865
343,0,0,56,1,702,0.0
344,0,0,94,3,505,0.6775
345,0,0,5,2,724,0.99
346,0,0,124,1,510,0.001
347,0,1,1,3,347,0.188
348,0,1,2,2,948,0.2145
349,0,0,5,2,145,0.565
350,0,0,124,2,148,0.625
351,0,0,130,1,191,0.0
352,0,0,157,10,968,0.0805
353,0,1,3,3,320,0.055
354,0,0,730,6,510,0.055
355,0,0,270,5,772,0.206
356,0,1,1,2,356,0.2215
357,0,0,112,1,934,0.0
358,0,1,4,12,197,0.074
359,0,0,41,1,732,0.0
360,0,0,127,1,192,0.0
361,0,0,78,4,410,0.352
362,0,0,954,1,461,0.0
363,0,1,1,1,363,0.004
364,0,0,15,1,320,0.0025
365,0,0,89,2,842,0.0605
366,0,0,71,2,402,0.704
367,0,0,22,3,351,0.4515
368,0,0,41,2,422,0.0845
369,0,0,75,1,832,0.0075
370,0,0,19,2,18,0.082
371,0,0,107,20,757,0.1405
372,0,0,563,6,774,0.064
373,0,0,42,6,289,0.2125
374,0,0,92,6,231,0.07
375,0,1,1,2,375,0.067
376,0,0,65,5,895,0.136
377,0,0,13,4,911,0.0505
378,0,0,300,2,121,0.241
379,0,0,21,1,907,0.0
380,0,0,357,2,406,0.0945
381,0,0,2,1,212,0.004
382,0,0,102,2,134,0.083
383,0,0,34,5,71,0.257
384,0,0,592,4,715,0.164
385,0,0,185,4,947,0.2975
386,0,0,21,1,78,0.001
387,0,1,1,1,387,0.0
388,0,1,1,2,388,0.1705
389,0,1,1,1,389,0.0
390,0,0,118,10,285,0.411
391,0,0,6,1,263,0.0
392,0,0,60,4,470,0.1115
393,0,1,1,1,393,0.0
394,0,0,489,4,416,0.1535
395,0,0,11,1,712,0.001
396,0,0,70,5,437,0.0575
397,0,0,48,6,717,0.1115
398,0,0,305,1,139,0.0205
399,0,0,41,1,356,0.004
400,0,0,197,5,889,0.729
401,0,1,6,6,193,0.336
402,0,1,1,1,402,0.002
403,0,0,336,8,31,0.0515
404,0,0,616,6,331,0.3485
405,0,0,791,2,891,0.0765
406,0,0,16,1,475,0.015
407,0,0,566,1,948,0.0435
408,0,0,315,1,410,0.027
409,0,0,22,1,592,0.0025
410,0,1,1,4,410,0.05
411,0,1,1,1,411,0.0
412,0,1,1,1,412,0.004
413,0,0,6,5,994,0.085
414,0,0,13,2,508,0.565
415,0,0,743,1,443,0.0
416,0,0,42,1,293,0.0
417,0,0,102,1,673,0.0015
418,0,0,487,3,294,0.086
419,0,0,762,2,546,0.231
420,0,0,735,4,770,0.089
421,0,0,8,4,935,0.227
422,0,0,38,2,832,0.056
423,0,0,52,2,410,0.4865
424,0,1,4,4,54,0.0755
425,0,1,1,1,425,0.0
426,0,0,5,1,437,0.026
427,0,0,35,1,724,0.0
428,0,0,123,2,410,0.0895
429,0,0,5,1,410,0.0085
430,0,0,4,2,505,0.735
431,0,0,325,2,348,0.636
432,0,0,75,1,320,0.0025
433,0,0,195,2,673,0.15
434,0,0,628,1,78,0.012
435,0,0,61,2,356,0.1285
436,0,0,30,8,889,0.1335
437,0,0,4,2,191,0.38
438,0,0,6,3,193,0.061
439,0,0,311,1,914,0.0045
440,0,0,160,8,148,0.0645
441,0,0,11,2,443,0.706
442,0,0,177,12,464,0.1855
443,0,0,6,1,620,0.0115
444,0,0,60,2,410,0.0655
445,0,1,1,2,445,0.1205
446,0,0,3,1,389,0.0
447,0,0,516,3,726,0.056
448,0,0,443,2,187,0.2495
449,0,0,137,2,90,0.052
450,0,0,11,1,31,0.012
451,0,0,452,2,396,0.185
452,0,0,8,2,60,0.0595
453,0,0,290,2,948,0.0645
454,0,0,4,3,18,0.0815
455,0,0,45,5,614,0.0835
456,0,0,178,1,627,0.0
457,0,0,12,7,231,0.0655
458,0,1,3,8,469,0.113
459,0,0,98,2,31,0.14
460,0,0,24,3,914,0.1715
461,0,0,4,2,783,0.55
462,0,0,484,3,779,0.359
463,0,0,424,2,889,0.077
464,0,0,10,3,914,0.3895
465,0,0,200,2,948,0.171
466,0,0,36,1,948,0.0
467,0,0,153,2,211,1.0
468,0,0,43,1,261,0.0
469,0,0,2,1,914,0.0
470,0,0,127,2,620,0.3755
471,0,0,35,1,512,0.042
472,0,0,10,1,556,0.0
473,0,0,81,4,187,0.6125
474,0,0,344,1,205,0.0135
475,0,0,14,2,551,0.0535
476,0,0,42,3,187,0.282
477,0,0,12,2,240,0.425
478,0,0,18,2,410,0.086
479,0,0,135,1,426,0.0
480,0,0,137,1,948,0.035
481,0,0,38,1,353,0.0
482,0,0,30,4,469,0.169
483,0,0,210,5,916,0.0765
484,0,0,8,3,746,0.0905
485,0,0,95,8,895,0.081
486,0,0,876,2,674,0.0985
487,0,0,26,4,663,0.0875
488,0,0,23,2,652,0.071
489,0,0,280,3,702,0.289
490,0,0,714,3,758,0.118
491,0,0,15,3,655,0.107
492,0,0,252,1,42,0.0
493,0,0,66,2,828,0.8005
494,0,0,93,3,231,0.2425
495,0,0,167,2,512,0.1195
496,0,0,539,3,225,0.379
497,0,0,8,1,439,0.009
498,0,0,2,1,432,0.0
499,0,0,10,2,975,0.319
500,0,0,104,6,642,0.121
501,0,0,127,4,948,0.0705
502,0,0,203,9,57,0.1655
503,0,0,119,1,191,0.0
504,0,0,482,3,875,0.119
505,0,1,1,1,505,0.0
506,0,0,462,13,482,0.123
507,0,0,54,4,289,0.319
508,0,0,9,1,718,0.0
509,0,0,200,2,948,0.459
510,0,0,6,2,702,0.0595
511,0,0,203,1,860,0.0005
512,0,0,5,2,935,0.147
513,0,0,164,2,773,0.9315
514,0,0,103,5,351,0.155
515,0,0,202,2,60,0.219
516,0,0,21,4,994,0.1235
517,0,0,751,1,307,0.034
518,0,0,179,1,740,0.0275
519,0,0,3,2,717,0.075
520,0,0,47,2,911,0.071
521,0,0,39,2,363,0.139
522,0,0,23,1,822,0.0
523,0,0,67,5,410,0.8145
524,0,0,44,4,620,0.232
525,0,0,108,4,191,0.0665
526,0,0,8,3,437,0.197
527,0,0,54,1,191,0.0
528,0,0,67,4,12,0.2305
529,0,0,199,1,902,0.0165
530,0,0,343,12,707,0.0505
531,0,0,186,13,469,0.0795
532,0,0,65,2,406,0.3355
533,0,0,9,1,191,0.0
534,0,0,2,1,191,0.0035
535,0,0,21,5,954,0.2325
536,0,0,186,4,410,0.062
537,0,0,585,2,477,0.2665
538,0,0,11,1,410,0.0
539,0,0,86,2,83,0.116
540,0,0,244,4,534,0.1385
541,0,0,374,2,994,0.087
542,0,0,226,4,948,0.123
543,0,0,170,5,878,0.0535
544,0,0,195,3,437,0.1865
545,0,0,52,6,289,0.069
546,0,0,7,1,293,0.0
547,0,0,26,1,828,0.0055
548,0,0,279,2,98,0.3165
549,0,0,4,2,257,0.7165
550,0,0,839,4,247,0.126
551,0,0,10,1,746,0.0415
552,0,0,43,3,469,0.0965
553,0,0,229,13,824,0.121
554,0,0,13,3,205,0.883
555,0,0,29,5,620,0.225
556,0,1,5,5,101,0.1395
557,0,0,44,6,895,0.1065
558,0,0,44,1,402,0.0
559,0,0,647,3,957,0.858
560,0,0,727,2,421,0.9145
561,0,0,293,1,832,0.0005
562,0,0,11,2,49,0.1985
563,0,0,767,1,336,0.0015
564,0,0,8,1,439,0.0025
565,0,1,2,2,430,0.052
566,0,0,132,5,450,0.5045
567,0,0,35,2,932,0.487
568,0,1,1,2,568,0.08
569,0,0,197,1,105,0.01
570,0,0,151,7,285,0.13
571,0,1,1,5,571,0.0555
572,0,0,6,2,327,0.1145
573,0,0,714,2,22,0.3035
574,0,0,31,9,106,0.062
575,0,0,18,5,620,0.0725
576,0,1,1,1,576,0.021
577,0,0,24,1,902,0.0425
578,0,0,641,8,586,0.052
579,0,1,1,1,579,0.0
580,0,0,671,2,191,0.057
581,0,0,321,2,880,0.1115
582,0,0,2,1,868,0.0
583,0,0,216,5,745,0.157
584,0,1,4,4,860,0.164
585,0,0,96,5,639,0.1665
586,0,1,2,2,620,0.981
587,0,0,507,1,91,0.0025
588,0,0,32,1,822,0.026
589,0,0,639,5,37,0.059
590,0,0,8,1,745,0.015
591,0,0,38,1,783,0.0
592,0,0,47,4,193,0.198
593,0,0,5,2,426,0.526
594,0,0,196,3,994,0.169
595,0,0,375,3,465,0.1655
596,0,0,8,1,54,0.0475
597,0,0,4,1,889,0.0045
598,0,0,36,3,519,0.144
599,0,0,2,1,568,0.0395
600,0,0,299,6,423,0.304
601,0,0,99,1,193,0.015
602,0,0,10,1,505,0.018
603,0,0,294,1,975,0.007
604,0,0,123,6,526,0.0655
605,0,0,15,3,551,0.127
606,0,0,431,2,351,0.319
607,0,0,712,7,613,0.1425
608,0,0,14,1,860,0.0015
609,0,0,727,9,733,0.13
610,0,0,42,5,614,0.2625
611,0,0,403,6,712,0.0525
612,0,0,728,1,238,0.0315
613,0,0,600,14,957,0.08
614,0,0,466,8,891,0.0655
615,0,0,3,1,320,0.0
616,0,0,101,1,789,0.005
617,0,1,5,5,643,0.334
618,0,0,582,2,83,0.413
619,0,0,223,4,974,0.925
620,0,0,19,2,337,0.2865
621,0,0,311,1,90,0.001
622,0,0,64,4,931,0.421
623,0,0,14,1,920,0.0
624,0,0,88,2,205,0.1785
625,0,1,3,3,289,0.4855
626,0,0,174,2,98,0.056
627,0,1,1,1,627,0.0005
628,0,0,59,3,437,0.0595
629,0,0,167,1,914,0.0
630,0,0,27,2,633,0.7005
631,0,0,44,1,469,0.0005
632,0,0,3,2,655,0.709
633,0,0,141,1,688,0.0015
634,0,0,22,2,37,0.744
635,0,0,138,14,100,0.213
636,0,0,636,10,450,0.0715
637,0,0,60,2,425,0.6055
638,0,0,163,4,555,0.1155
639,0,0,9,6,789,0.063
640,0,0,274,1,443,0.029
641,0,0,312,7,779,0.06
642,0,0,2,1,54,0.005
643,0,0,27,1,226,0.0
644,0,0,188,14,861,0.155
645,0,0,375,3,226,0.652
646,0,0,68,1,850,0.0
647,0,0,31,1,50,0.0045
648,0,0,10,1,323,0.0
649,0,0,86,2,443,0.1005
650,0,0,111,1,642,0.011
651,0,0,587,12,459,0.061
652,0,0,49,1,410,0.0055
653,0,0,264,4,652,0.7395
654,0,0,11,2,356,0.207
655,0,1,2,2,65,0.055
656,0,0,11,1,724,0.0
657,0,1,1,1,657,0.0
658,0,1,1,1,658,0.0075
659,0,0,61,1,822,0.0
660,0,0,10,2,410,0.682
661,0,0,59,2,437,0.793
662,0,0,633,2,331,0.2045
663,0,1,3,3,746,0.439
664,0,0,139,1,205,0.003
665,0,0,21,1,410,0.007
666,0,0,264,1,554,0.0
667,0,0,25,3,615,0.2645
668,0,0,47,4,712,0.1275
669,0,0,5,2,992,0.4225
670,0,0,14,1,58,0.0
671,0,0,21,2,512,0.242
672,0,0,283,3,652,0.1105
673,0,0,9,1,139,0.0075
674,0,0,12,1,992,0.006
675,0,0,9,2,551,0.4965
676,0,0,2,1,71,0.0
677,0,0,165,1,745,0.0
678,0,1,1,3,678,0.433
679,0,0,4,1,253,0.0305
680,0,0,58,1,189,0.0
681,0,1,1,1,681,0.0
682,0,0,569,2,443,0.4975
683,0,0,28,2,145,0.687
684,0,0,25,2,139,0.873
685,0,0,112,8,410,0.056
686,0,0,47,3,410,0.17
687,0,0,104,1,190,0.0205
688,0,0,4,2,78,0.2925
689,0,0,160,3,106,0.491
690,0,1,2,2,212,0.1815
691,0,0,41,3,437,0.116
692,0,0,55,1,105,0.0
693,0,0,312,1,554,0.007
694,0,0,111,6,142,0.197
695,0,0,7,1,270,0.0085
696,0,0,26,3,437,0.066
697,0,0,76,3,410,0.081
698,0,0,490,4,170,0.5615
699,0,0,794,3,448,0.0735
700,0,0,7,1,783,0.0
701,0,0,771,6,443,0.1205
702,0,1,2,3,410,0.4105
703,0,0,325,7,169,0.075
704,0,0,2,1,130,0.0
705,0,0,20,1,692,0.0095
706,0,0,380,1,134,0.0
707,0,0,158,4,773,0.058
708,0,0,15,2,931,0.9605
709,0,0,810,5,331,0.0565
710,0,0,4,1,676,0.0025
711,0,0,157,1,191,0.0
712,0,0,34,4,320,0.0955
713,0,0,34,4,802,0.3335
714,0,0,505,2,804,0.0605
715,0,0,76,1,410,0.0
716,0,0,536,3,633,0.165
717,0,1,2,2,410,0.951
718,0,0,93,1,966,0.0
719,0,0,252,9,464,0.2425
720,0,0,39,1,437,0.0
721,0,0,666,3,470,0.3395
722,0,0,10,1,499,0.0145
723,0,0,391,4,779,0.0515
724,0,1,1,1,724,0.0
725,0,0,32,3,156,0.082
726,0,0,171,2,620,0.0935
727,0,0,120,2,642,0.6545
728,0,0,343,5,226,0.2115
729,0,0,198,4,348,0.1455
730,0,0,428,2,134,0.667
731,0,0,72,1,131,0.029
732,0,1,1,1,732,0.001
733,0,0,550,8,994,0.1305
734,0,0,753,1,961,0.033
735,0,0,162,5,426,0.092
736,0,0,42,1,289,0.002
737,0,0,864,2,406,0.165
738,0,0,170,4,148,0.0855
739,0,0,936,3,508,0.8625
740,0,0,8,1,914,0.0
741,0,1,4,4,850,0.0625
742,0,0,71,12,469,0.113
743,0,0,451,1,3,0.0065
744,0,0,290,1,76,0.0075
745,0,1,1,1,745,0.0
746,0,0,19,1,932,0.003
747,0,0,98,1,946,0.009
748,0,0,61,2,289,0.128
749,0,0,7,1,470,0.031
750,0,1,1,1,750,0.0
751,0,0,34,9,905,0.172
752,0,0,6,1,783,0.0
753,0,0,5,1,627,0.037
754,0,0,60,1,745,0.0
755,0,0,386,7,772,0.057
756,0,0,9,2,353,0.334
757,0,0,112,3,220,0.0505
758,0,0,268,1,106,0.0
759,0,0,387,2,554,0.158
760,0,0,78,5,192,0.067
761,0,0,199,3,875,0.1
762,0,0,11,4,170,0.108
763,0,0,39,1,317,0.023
764,0,0,115,10,494,0.0815
765,0,0,227,2,553,0.565
766,0,0,246,1,712,0.0
767,0,0,797,24,301,0.0735
768,0,1,1,1,768,0.0005
769,0,0,317,3,553,0.2265
770,0,0,174,3,423,0.451
771,0,0,509,8,337,0.0565
772,0,1,1,3,772,0.8805
773,0,0,14,1,437,0.0045
774,0,0,101,1,410,0.02
775,0,0,26,3,891,0.219
776,0,0,466,14,779,0.083
777,0,0,89,3,410,0.1595
778,0,0,232,8,172,0.098
779,0,0,7,1,994,0.0055
780,0,0,195,10,948,0.059
781,0,0,3,1,799,0.0
782,0,0,44,1,410,0.0
783,0,1,1,1,783,0.0
784,0,0,48,3,240,0.0605
785,0,0,411,6,261,0.202
786,0,0,304,6,392,0.235
787,0,0,778,2,300,0.3575
788,0,0,9,1,946,0.0
789,0,1,1,2,789,0.621
790,0,0,221,5,197,0.364
791,0,0,5,1,71,0.0
792,0,0,289,2,966,0.0585
793,0,0,67,5,878,0.1
794,0,0,175,1,948,0.0245
795,0,0,87,1,50,0.023
796,0,0,10,1,422,0.009
797,0,0,117,2,443,0.0895
798,0,0,16,1,556,0.0175
799,0,1,2,3,781,0.6025
800,0,0,4,3,855,0.113
801,0,0,34,5,148,0.1755
802,0,0,45,3,889,0.0545
803,0,0,155,6,824,0.141
804,0,0,3,1,934,0.0
805,0,0,4,1,889,0.0005
806,0,0,316,1,889,0.0
807,0,0,32,3,957,0.063
808,0,0,34,3,873,0.1245
809,0,0,9,1,402,0.0
810,0,0,5,1,657,0.0
811,0,0,508,1,745,0.0
812,0,0,775,1,261,0.016
813,0,0,307,1,822,0.003
814,0,0,20,1,772,0.018
815,0,0,571,6,497,0.121
816,0,0,75,1,412,0.0085
817,0,0,71,1,850,0.0025
818,0,0,158,1,68,0.0235
819,0,0,625,6,348,0.051
820,0,0,57,10,422,0.0815
821,0,0,249,4,914,0.082
822,0,0,4,1,745,0.0
823,0,0,5,1,85,0.0005
824,0,0,11,2,437,0.0775
825,0,0,215,5,353,0.0535
826,0,0,140,1,173,0.02
827,0,0,28,3,902,0.135
828,0,0,2,1,512,0.015
829,0,0,526,5,777,0.192
830,0,0,293,1,678,0.0005
831,0,0,24,4,614,0.396
832,0,0,5,4,347,0.4455
833,0,0,19,2,783,0.1265
834,0,0,39,2,615,0.381
835,0,0,215,2,687,0.1585
836,0,0,605,4,693,0.0665
837,0,0,456,1,556,0.0325
838,0,0,403,3,803,0.3475
839,0,0,312,1,512,0.0
840,0,0,55,1,643,0.005
841,0,0,166,16,526,0.065
842,0,0,11,1,402,0.0115
843,0,0,141,2,702,0.0705
844,0,0,275,1,191,0.0
845,0,0,5,1,175,0.0005
846,0,0,153,1,602,0.0
847,0,0,757,1,261,0.0195
848,0,1,4,4,227,0.097
849,0,0,48,1,889,0.004
850,0,1,1,1,850,0.0
851,0,0,488,1,749,0.0115
852,0,0,98,4,889,0.377
853,0,0,13,3,497,0.357
854,0,0,159,6,561,0.2715
855,0,0,20,1,620,0.046
856,0,0,98,2,249,0.119
857,0,0,452,3,353,0.0585
858,0,0,551,2,617,0.2015
859,0,0,44,1,31,0.0
860,0,1,1,1,860,0.0
861,0,0,38,1,889,0.001
862,0,0,64,6,437,0.0885
863,0,0,178,1,994,0.003
864,0,0,636,5,498,0.1375
865,0,0,72,2,699,0.2055
866,0,0,317,3,994,0.549
867,0,0,116,5,598,0.214
868,0,0,24,4,783,0.1495
869,0,0,5,1,603,0.0
870,0,0,5,4,130,0.2055
871,0,0,70,3,948,0.0815
872,0,0,18,3,131,0.0665
873,0,0,751,6,668,0.087
874,0,0,5,3,205,0.241
875,0,1,1,2,875,0.1275
876,0,0,90,1,642,0.0
877,0,0,420,2,772,0.05
878,0,0,45,5,353,0.284
879,0,0,10,2,320,0.3455
880,0,0,43,5,226,0.1255
881,0,0,74,3,891,0.1995
882,0,0,371,5,994,0.05
883,0,0,448,4,669,0.0935
884,0,0,87,1,410,0.0
885,0,0,3,1,9,0.0
886,0,0,232,1,410,0.0
887,0,0,84,2,992,0.546
888,0,0,729,5,546,0.0595
889,0,0,3,1,226,0.002
890,0,0,124,4,414,0.173
891,0,0,403,1,320,0.043
892,0,0,76,4,623,0.1305
893,0,0,185,5,625,0.1485
894,0,0,802,1,421,0.0025
895,0,0,24,3,105,0.1175
896,0,0,343,3,598,0.4135
897,0,0,10,7,231,0.11
898,0,0,309,1,191,0.0
899,0,0,119,4,410,0.273
900,0,0,58,1,98,0.0
901,0,0,7,4,101,0.1185
902,0,0,120,8,356,0.0965
903,0,0,492,11,743,0.055
904,0,0,168,5,423,0.274
905,0,0,6,3,356,0.6955
906,0,0,53,1,410,0.001
907,0,0,4,1,632,0.0305
908,0,0,35,2,822,0.1205
909,0,0,120,1,259,0.009
910,0,1,1,2,910,0.6575
911,0,1,1,2,911,0.356
912,0,0,301,1,620,0.0005
913,0,0,23,1,914,0.0
914,0,0,7,2,994,0.068
915,0,0,3,1,728,0.003
916,0,0,57,2,889,0.348
917,0,0,9,2,832,0.153
918,0,0,917,1,745,0.0
919,0,0,10,3,656,0.231
920,0,1,2,2,934,0.997
921,0,0,541,2,351,0.0785
922,0,0,20,1,724,0.0095
923,0,0,113,1,736,0.0
924,0,1,1,1,924,0.0
925,0,0,10,5,620,0.2705
926,0,0,8,1,212,0.0
927,0,0,727,1,307,0.0
928,0,0,25,1,461,0.0
929,0,0,25,3,499,0.1505
930,0,0,84,2,889,0.0535
931,0,0,5,1,437,0.0045
932,0,0,10,1,746,0.0
933,0,0,193,15,8,0.0605
934,0,1,2,3,470,0.0595
935,0,1,1,2,935,0.3965
936,0,0,61,2,392,0.05
937,0,0,228,2,351,0.636
938,0,0,25,2,192,0.241
939,0,0,508,6,382,0.0655
940,0,0,101,2,430,0.265
941,0,0,342,1,320,0.0
942,0,0,64,2,263,0.2065
943,0,0,296,3,226,0.693
944,0,0,480,1,875,0.0
945,0,0,828,9,76,0.0605
946,0,1,1,2,946,0.1305
947,0,0,4,1,935,0.001
948,0,0,9,2,702,0.1775
949,0,0,58,4,270,0.2125
950,0,0,251,4,510,0.4265
951,0,0,314,4,534,0.123
952,0,0,47,2,318,0.1975
953,0,0,686,1,191,0.0475
954,0,0,10,4,328,0.0675
955,0,0,241,1,337,0.0
956,0,0,140,1,187,0.02
957,0,1,1,1,957,0.0
958,0,0,9,1,608,0.003
959,0,0,247,4,145,0.066
960,0,0,29,1,954,0.008
961,0,0,648,1,50,0.043
962,0,0,627,2,176,0.129
963,0,0,105,4,121,0.69
964,0,0,64,4,510,0.1525
965,0,0,278,2,799,0.175
966,0,0,196,3,627,0.367
967,0,0,683,1,528,0.0015
968,0,0,96,9,825,0.0595
969,0,0,22,6,145,0.051
970,0,0,5,3,437,0.31
971,0,0,111,2,410,0.1095
972,0,0,220,1,426,0.015
973,0,0,297,1,554,0.001
974,0,0,45,6,31,0.816
975,0,0,18,1,392,0.022
976,0,0,43,7,259,0.0645
977,0,0,312,4,558,0.9505
978,0,0,475,3,736,0.63
979,0,0,370,4,994,0.485
980,0,0,104,1,12,0.0
981,0,0,866,1,515,0.0
982,0,0,258,3,510,0.097
983,0,0,16,1,957,0.0
984,0,0,179,2,328,0.764
985,0,0,670,1,519,0.0
986,0,0,423,1,240,0.0375
987,0,0,159,1,421,0.0095
988,0,0,99,14,17,0.104
989,0,0,28,3,233,0.176
990,0,0,7,1,746,0.0395
991,0,0,308,1,889,0.0
992,0,1,1,2,992,0.3355
993,0,1,9,9,586,0.0585
994,0,1,8,12,914,0.1175
995,0,0,327,5,708,0.0695
996,0,0,352,5,510,0.2395
997,0,0,35,7,663,0.0745
998,0,0,3,1,889,0.0
999,0,0,219,1,712,0.002
1000,0,0,105,3,855,0.052
1,1,0,267,1,597,0.0
2,1,0,240,2,191,0.72
3,1,0,13,2,692,0.724
4,1,0,58,7,457,0.0515
5,1,0,66,1,534,0.002
6,1,0,151,5,348,0.08
7,1,0,48,2,443,0.7145
8,1,0,17,2,512,0.0985
9,1,1,1,1,9,0.0
10,1,0,38,2,848,0.076
11,1,0,46,2,226,0.1285
12,1,0,710,5,233,0.197
13,1,0,99,2,270,0.2925
14,1,0,12,5,76,0.323
15,1,0,630,14,183,0.06
16,1,0,63,12,552,0.1665
17,1,0,356,2,642,0.2455
18,1,0,15,1,357,0.0
19,1,0,359,1,642,0.002
20,1,0,719,6,955,0.0535
21,1,0,42,1,392,0.0025
22,1,0,16,1,337,0.0165
23,1,0,351,7,11,0.405
24,1,0,169,5,231,0.067
25,1,0,773,1,947,0.0
26,1,0,710,8,443,0.052
27,1,0,221,2,320,0.0695
28,1,0,397,2,134,0.4145
29,1,0,626,10,462,0.059
30,1,0,31,3,702,0.1695
31,1,0,14,6,598,0.3655
32,1,0,122,1,437,0.017
33,1,0,610,2,302,0.4515
34,1,0,764,3,68,0.2735
35,1,0,27,2,320,0.236
36,1,0,27,1,356,0.0005
37,1,0,26,5,54,0.078
38,1,0,572,4,392,0.1575
39,1,0,31,2,302,0.1545
40,1,0,28,2,620,0.284
41,1,0,6,1,192,0.0085
42,1,0,10,2,470,0.1605
43,1,1,2,2,632,0.288
44,1,0,30,4,773,0.095
45,1,0,23,1,872,0.002
46,1,1,1,3,46,0.309
47,1,0,33,4,526,0.0655
48,1,1,1,2,48,0.161
49,1,1,2,2,140,0.1355
50,1,0,36,4,205,0.155
51,1,0,4,3,869,0.064
52,1,0,70,1,414,0.028
53,1,0,4,3,76,0.05
54,1,0,16,1,914,0.0
55,1,0,863,5,421,0.0715
56,1,0,3,2,212,0.227
57,1,1,1,5,57,0.5495
58,1,1,1,1,58,0.0
59,1,0,189,1,261,0.0
60,1,0,257,1,68,0.0
61,1,0,8,1,914,0.0005
62,1,0,107,2,320,0.05
63,1,0,41,2,746,0.2585
64,1,0,684,4,76,0.0625
65,1,0,108,3,603,0.649
66,1,0,100,1,832,0.0465
67,1,0,77,1,8,0.0005
68,1,1,4,4,337,0.251
69,1,0,5,3,620,0.1385
70,1,0,93,2,437,0.3435
71,1,1,3,3,934,0.5235
72,1,0,149,1,534,0.0
73,1,0,48,2,443,0.076
74,1,0,12,4,71,0.56
75,1,0,349,2,42,0.9505
76,1,0,319,11,802,0.0765
77,1,0,528,1,236,0.0455
78,1,1,1,2,78,0.745
79,1,0,23,1,191,0.0
80,1,0,39,4,130,0.0835
81,1,0,5,2,498,0.1515
82,1,0,239,1,913,0.0165
83,1,0,218,9,957,0.216
84,1,0,145,1,192,0.0
85,1,0,8,1,402,0.0
86,1,1,1,1,86,0.0
87,1,0,24,6,50,0.17
88,1,1,1,1,88,0.0
89,1,0,392,1,603,0.0
90,1,0,4,1,724,0.0
91,1,0,192,5,351,0.0525
92,1,0,488,1,22,0.0
93,1,0,631,4,448,0.1985
94,1,0,64,2,231,0.0515
95,1,0,184,1,387,0.0
96,1,0,157,1,300,0.04
97,1,0,90,1,948,0.0
98,1,1,1,1,98,0.0
99,1,0,188,2,948,0.852
100,1,0,49,2,410,0.4515
101,1,0,6,3,855,0.3365
102,1,1,1,2,102,0.264
103,1,0,6,3,803,0.0685
104,1,0,762,2,189,0.614
105,1,1,1,1,105,0.0005
106,1,0,9,3,142,0.7225
107,1,0,15,2,773,0.4315
108,1,0,272,12,914,0.0775
109,1,0,225,5,353,0.6095
110,1,0,534,7,50,0.1475
111,1,0,535,2,653,0.3605
112,1,0,86,14,102,0.1895
113,1,0,561,1,320,0.0005
114,1,0,86,2,700,0.0575
115,1,0,16,2,402,0.5765
116,1,0,7,2,22,0.234
117,1,0,9,2,598,0.39
118,1,0,130,1,148,0.0385
119,1,0,88,1,56,0.0
120,1,0,169,1,948,0.0475
121,1,0,63,5,410,0.162
122,1,0,665,3,293,0.0985
123,1,0,600,1,676,0.0005
124,1,0,9,6,22,0.855
125,1,0,78,1,320,0.002
126,1,0,80,1,875,0.0225
127,1,0,295,1,396,0.0
128,1,0,382,1,302,0.044
129,1,0,21,5,74,0.0955
130,1,0,5,2,46,0.395
131,1,1,1,5,131,0.131
132,1,0,738,3,421,0.127
133,1,0,16,1,432,0.0025
134,1,0,3,1,191,0.0
135,1,0,137,4,914,0.35
136,1,0,12,4,54,0.4325
137,1,0,45,2,915,0.5645
138,1,0,799,3,259,0.056
139,1,0,3,2,554,0.116
140,1,1,1,1,140,0.019
141,1,0,155,1,239,0.007
142,1,0,2,1,410,0.0
143,1,0,657,2,673,0.687
144,1,0,438,5,61,0.068
145,1,0,23,6,269,0.071
146,1,0,527,2,450,0.086
147,1,0,44,6,57,0.1125
148,1,0,17,2,526,0.113
149,1,0,315,2,620,0.4965
150,1,0,114,2,652,0.3535
151,1,0,408,12,57,0.138
152,1,0,137,5,519,0.1895
153,1,0,12,2,488,0.283
154,1,1,3,3,579,0.9305
155,1,0,215,1,599,0.024
156,1,0,20,1,351,0.005
157,1,0,27,3,773,0.466
158,1,0,913,1,430,0.0215
159,1,0,3,1,484,0.0295
160,1,0,775,1,209,0.0
161,1,0,51,3,240,0.43
162,1,0,214,1,349,0.0345
163,1,0,655,1,546,0.041
164,1,0,815,2,702,0.115
165,1,0,46,1,702,0.0
166,1,0,19,10,832,0.074
167,1,0,17,2,810,0.2855
168,1,0,866,1,799,0.0
169,1,0,140,1,117,0.003
170,1,0,40,2,620,0.6865
171,1,0,60,7,553,0.0895
172,1,0,73,3,437,0.87
173,1,0,11,3,914,0.399
174,1,0,458,4,459,0.1075
175,1,0,786,3,895,0.4365
176,1,0,328,5,469,0.1175
177,1,0,148,2,555,0.34
178,1,1,1,6,178,0.084
179,1,0,151,11,878,0.11
180,1,0,23,4,125,0.051
181,1,0,421,1,289,0.0185
182,1,0,203,1,396,0.002
183,1,0,6,3,353,0.6405
184,1,1,1,3,184,0.103
185,1,0,57,3,211,0.2265
186,1,0,55,1,410,0.0
187,1,0,175,2,145,0.122
188,1,1,3,3,551,0.0965
189,1,0,5,2,957,0.1785
190,1,0,644,3,76,0.0825
191,1,0,5,3,717,0.0515
192,1,1,4,5,627,0.1185
193,1,0,11,1,432,0.004
194,1,0,215,5,211,0.101
195,1,0,368,5,125,0.1165
196,1,0,357,1,479,0.0
197,1,0,15,2,920,0.0555
198,1,0,271,1,22,0.0045
199,1,0,374,5,117,0.055
200,1,0,33,1,712,0.0245
201,1,0,168,1,191,0.0
202,1,0,6,1,582,0.0425
203,1,0,156,2,134,0.268
204,1,0,18,1,193,0.0
205,1,1,2,2,269,0.289
206,1,0,823,1,687,0.0125
207,1,0,36,1,54,0.014
208,1,0,575,7,462,0.3875
209,1,0,26,5,678,0.0855
210,1,0,9,1,470,0.0
211,1,0,8,1,534,0.0445
212,1,0,7,2,926,0.312
213,1,0,4,1,914,0.0095
214,1,0,10,1,329,0.0
215,1,0,175,4,76,0.179
216,1,1,2,2,659,0.1935
217,1,0,291,1,470,0.001
218,1,0,318,4,553,0.05
219,1,0,2,1,924,0.017
220,1,0,10,2,498,0.168
221,1,0,204,4,302,0.56
222,1,0,230,4,625,0.1515
223,1,0,597,3,83,0.0875
224,1,0,337,9,617,0.0665
225,1,0,79,2,191,0.355
226,1,0,17,3,423,0.13
227,1,1,1,7,227,0.061
228,1,0,186,3,351,0.118
229,1,0,749,1,656,0.0
230,1,0,68,3,549,0.053
231,1,0,23,1,717,0.0015
232,1,0,42,3,226,0.8025
233,1,0,701,1,957,0.003
234,1,0,328,1,464,0.021
235,1,0,614,1,555,0.0025
236,1,0,88,1,351,0.0
237,1,0,461,2,875,0.3545
238,1,0,275,1,512,0.0
239,1,0,175,1,348,0.0015
240,1,0,43,1,832,0.001
241,1,1,6,6,437,0.0725
242,1,0,234,3,90,0.1535
243,1,0,283,2,205,0.07
244,1,0,907,1,908,0.0165
245,1,0,73,7,209,0.156
246,1,0,482,5,299,0.308
247,1,0,20,2,625,0.895
248,1,0,399,9,459,0.0605
249,1,1,2,3,620,0.1735
250,1,0,8,1,439,0.0085
251,1,0,13,3,724,0.075
252,1,0,64,2,183,0.8785
253,1,0,3,1,262,0.0
254,1,0,87,3,410,0.078
255,1,0,16,1,902,0.027
256,1,0,90,4,410,0.1275
257,1,0,6,1,49,0.0
258,1,0,564,4,351,0.183
259,1,0,2,1,799,0.001
260,1,0,543,1,620,0.0075
261,1,0,116,1,828,0.0
262,1,0,8,3,870,0.2475
263,1,0,24,2,632,0.4225
264,1,0,125,4,8,0.4055
265,1,0,114,2,37,0.869
266,1,0,676,6,822,0.149
267,1,0,156,2,948,0.1155
268,1,0,135,4,470,0.39
269,1,0,5,1,231,0.002
270,1,0,95,1,603,0.0
271,1,0,2,1,603,0.0
272,1,0,432,11,351,0.138
273,1,0,46,1,724,0.0
274,1,0,163,4,740,0.2695
275,1,0,248,2,935,0.0615
276,1,0,702,1,53,0.049
277,1,0,135,7,914,0.073
278,1,0,675,1,935,0.0
279,1,0,721,5,586,0.3015
280,1,0,284,1,554,0.0
281,1,0,94,1,914,0.002
282,1,0,274,1,510,0.0015
283,1,0,413,3,510,0.249
284,1,0,66,4,302,0.668
285,1,0,28,8,240,0.0505
286,1,0,712,5,224,0.0825
287,1,0,85,4,907,0.0605
288,1,0,184,5,439,0.111
289,1,1,1,4,289,0.4995
290,1,0,706,4,225,0.0515
291,1,0,714,5,554,0.101
292,1,0,21,1,712,0.0085
293,1,0,315,7,702,0.0735
294,1,0,44,2,76,0.7105
295,1,0,199,2,42,0.2315
296,1,0,561,3,91,0.2665
297,1,1,1,1,297,0.0
298,1,0,34,4,717,0.2595
299,1,0,55,2,426,0.148
300,1,1,1,2,300,0.1255
301,1,0,68,13,176,0.0925
302,1,0,112,1,183,0.0055
303,1,0,501,2,935,0.3035
304,1,0,20,1,406,0.0
305,1,0,582,12,176,0.0785
306,1,0,249,6,538,0.0555
307,1,0,58,3,935,0.14
308,1,0,31,2,926,0.591
309,1,0,362,4,68,0.0895
310,1,0,33,1,620,0.021
311,1,0,4,1,961,0.0005
312,1,0,34,10,863,0.0545
313,1,0,297,1,353,0.0425
314,1,0,332,6,450,0.114
315,1,0,605,2,652,0.5265
316,1,0,50,1,289,0.0
317,1,1,3,5,107,0.1025
318,1,0,406,6,183,0.357
319,1,1,2,2,69,0.1385
320,1,1,1,1,320,0.0
321,1,0,103,6,117,0.168
322,1,0,644,4,179,0.0535
323,1,1,3,3,549,0.261
324,1,0,560,2,673,0.1215
325,1,0,112,2,907,0.056
326,1,0,772,1,761,0.0
327,1,1,1,3,327,0.212
328,1,0,698,7,749,0.168
329,1,1,1,1,329,0.0
330,1,0,93,2,935,0.8445
331,1,0,88,2,547,0.7165
332,1,0,269,3,98,0.5235
333,1,0,816,1,406,0.0
334,1,0,164,10,54,0.0605
335,1,0,57,1,931,0.0005
336,1,1,1,1,336,0.0295
337,1,0,11,3,889,0.522
338,1,0,7,1,526,0.0145
339,1,0,43,2,442,0.056
340,1,0,13,4,197,0.2695
341,1,0,134,1,891,0.0
342,1,0,689,2,947,0.0675
343,1,0,62,2,191,0.522
344,1,0,17,2,822,0.338
345,1,0,69,1,828,0.0
346,1,0,182,4,803,0.2155
347,1,0,15,1,54,0.0
348,1,0,15,3,702,0.5035
349,1,1,2,3,145,0.1355
350,1,0,202,7,102,0.0735
351,1,1,2,2,231,0.836
352,1,0,385,5,54,0.156
353,1,1,1,5,353,0.068
354,1,0,683,1,191,0.0
355,1,0,252,5,31,0.107
356,1,0,43,5,54,0.093
357,1,0,592,1,105,0.0005
358,1,0,138,16,204,0.142
359,1,0,58,3,454,0.07
360,1,0,662,18,957,0.073
361,1,0,86,2,269,0.1715
362,1,0,6,1,46,0.0
363,1,0,503,2,68,0.48
364,1,0,27,8,369,0.096
365,1,0,38,1,178,0.003
366,1,0,906,1,746,0.014
367,1,0,62,3,717,0.301
368,1,0,83,3,777,0.074
369,1,0,43,6,914,0.05
370,1,0,6,4,603,0.0785
371,1,0,389,1,31,0.033
372,1,0,560,1,22,0.01
373,1,0,174,1,620,0.0125
374,1,0,44,1,54,0.041
375,1,0,4,1,212,0.021
376,1,0,15,3,851,0.213
377,1,0,237,2,410,0.68
378,1,0,264,8,850,0.091
379,1,1,1,2,379,0.3825
380,1,0,138,3,178,0.1275
381,1,0,962,3,579,0.053
382,1,1,1,1,382,0.001
383,1,0,81,1,68,0.0
384,1,0,578,10,81,0.0925
385,1,0,14,2,307,0.494
386,1,0,26,1,633,0.0
387,1,0,3,1,823,0.0095
388,1,0,6,1,297,0.0015
389,1,0,3,1,140,0.0455
390,1,0,66,1,832,0.0025
391,1,0,9,3,926,0.4815
392,1,0,42,2,470,0.64
393,1,1,1,1,393,0.0
394,1,0,305,3,758,0.055
395,1,0,430,1,320,0.0
396,1,0,84,2,410,0.63
397,1,0,31,6,948,0.178
398,1,0,621,7,24,0.0735
399,1,0,21,4,717,0.169
400,1,0,6,3,620,0.2985
401,1,0,74,7,442,0.056
402,1,0,3,1,603,0.0
403,1,0,333,4,226,0.0805
404,1,0,604,11,282,0.1115
405,1,0,809,6,470,0.0555
406,1,0,49,2,475,0.202
407,1,0,532,1,642,0.0055
408,1,1,3,3,353,0.075
409,1,0,65,4,592,0.0955
410,1,0,2,1,717,0.0
411,1,1,1,1,411,0.0
412,1,1,1,1,412,0.0425
413,1,0,91,4,717,0.215
414,1,1,2,2,98,0.7935
415,1,0,785,2,623,0.331
416,1,0,344,2,652,0.308
417,1,0,397,9,50,0.0835
418,1,0,751,7,617,0.0625
419,1,0,552,4,961,0.2245
420,1,0,676,12,268,0.3465
421,1,0,5,1,512,0.0345
422,1,0,81,1,410,0.0
423,1,0,2,1,269,0.019
424,1,0,8,1,914,0.0
425,1,0,4,1,579,0.0
426,1,1,2,2,54,0.4895
427,1,0,75,5,430,0.1925
428,1,0,56,5,102,0.0555
429,1,0,14,3,931,0.643
430,1,1,3,5,627,0.09
431,1,0,172,1,31,0.0165
432,1,0,289,1,875,0.0005
433,1,0,16,2,22,0.1535
434,1,0,555,7,941,0.1005
435,1,0,12,3,740,0.569
436,1,0,225,3,117,0.8645
437,1,0,5,4,410,0.054
438,1,0,11,3,105,0.772
439,1,0,65,2,320,0.052
440,1,0,83,1,410,0.0
441,1,0,34,11,227,0.6785
442,1,1,11,10,227,0.0805
443,1,0,117,2,320,0.0615
444,1,0,10,1,191,0.0
445,1,0,128,1,620,0.041
446,1,0,20,1,942,0.0
447,1,0,269,1,204,0.005
448,1,0,421,6,187,0.085
449,1,0,229,1,947,0.0145
450,1,0,85,6,226,0.064
451,1,0,33,1,688,0.0005
452,1,0,6,1,957,0.0075
453,1,0,262,3,37,0.0605
454,1,0,387,1,822,0.0
455,1,0,333,5,26,0.3095
456,1,0,5,2,975,0.9895
457,1,1,2,6,914,0.4805
458,1,0,2,1,875,0.003
459,1,0,232,3,410,0.0635
460,1,0,46,1,994,0.0
461,1,0,4,1,414,0.0
462,1,0,187,2,555,0.1075
463,1,0,328,1,426,0.0
464,1,0,225,1,410,0.003
465,1,0,4,1,779,0.0045
466,1,0,28,1,538,0.0335
467,1,0,43,1,554,0.0045
468,1,0,191,1,957,0.0
469,1,1,1,1,469,0.0005
470,1,0,151,10,442,0.1
471,1,0,276,7,935,0.1705
472,1,0,588,1,914,0.001
473,1,0,7,2,916,0.0555
474,1,0,371,6,519,0.07
475,1,0,50,1,515,0.0055
476,1,0,317,1,948,0.0
477,1,0,60,1,948,0.018
478,1,0,18,1,526,0.0205
479,1,0,212,3,437,0.1265
480,1,0,65,13,913,0.0535
481,1,0,50,2,469,0.1205
482,1,1,11,11,125,0.297
483,1,0,163,1,916,0.0
484,1,0,3,1,946,0.003
485,1,0,548,1,828,0.0015
486,1,0,45,4,811,0.324
487,1,0,9,1,992,0.0
488,1,1,1,1,488,0.001
489,1,0,298,1,102,0.0025
490,1,0,642,2,139,0.0555
491,1,0,16,4,270,0.0535
492,1,0,633,11,451,0.2745
493,1,0,416,5,597,0.201
494,1,0,125,2,832,0.104
495,1,0,141,3,644,0.207
496,1,0,827,2,623,0.4795
497,1,0,9,1,498,0.0
498,1,0,34,7,193,0.165
499,1,0,27,3,749,0.075
500,1,0,167,5,347,0.0595
501,1,0,179,9,660,0.0605
502,1,0,74,5,302,0.167
503,1,0,139,8,516,0.1435
504,1,0,401,6,850,0.2865
505,1,0,32,1,192,0.0
506,1,0,453,3,620,0.186
507,1,0,461,6,779,0.052
508,1,0,11,3,966,0.051
509,1,0,148,3,269,0.0785
510,1,0,8,1,205,0.0085
511,1,0,48,1,657,0.0
512,1,1,1,1,512,0.0005
513,1,0,170,7,948,0.0795
514,1,1,5,7,779,0.0565
515,1,0,4,1,799,0.0
516,1,0,121,4,832,0.124
517,1,0,703,5,14,0.0615
518,1,0,160,3,353,0.0565
519,1,0,5,1,717,0.001
520,1,0,132,1,911,0.004
521,1,0,229,2,957,0.1645
522,1,0,27,2,954,0.2025
523,1,0,108,3,598,0.205
524,1,0,13,2,69,0.0695
525,1,0,65,3,410,0.3945
526,1,0,12,5,717,0.548
527,1,0,33,3,832,0.1315
528,1,0,12,1,907,0.007
529,1,0,195,5,142,0.3435
530,1,0,416,5,707,0.0515
531,1,0,102,8,183,0.082
532,1,0,832,6,619,0.248
533,1,0,6,1,410,0.0
534,1,0,2,1,191,0.0
535,1,0,27,3,603,0.1175
536,1,0,132,1,410,0.0
537,1,0,280,1,69,0.0275
538,1,0,14,8,269,0.1435
539,1,0,172,1,264,0.027
540,1,0,261,1,145,0.0
541,1,0,82,1,875,0.009
542,1,0,142,2,31,0.173
543,1,0,382,1,902,0.0005
544,1,1,4,6,863,0.0965
545,1,0,243,3,498,0.086
546,1,0,19,1,294,0.002
547,1,0,4,3,69,0.0615
548,1,0,40,3,85,0.086
549,1,0,18,2,329,0.2855
550,1,0,756,6,554,0.275
551,1,0,611,4,822,0.268
552,1,0,34,1,191,0.0
553,1,0,38,2,620,0.207
554,1,1,3,4,702,0.798
555,1,0,3,1,226,0.0045
556,1,0,15,1,712,0.0
557,1,0,41,3,920,0.547
558,1,0,18,1,809,0.0005
559,1,0,627,7,644,0.061
560,1,0,716,6,363,0.16
561,1,0,24,1,750,0.0
562,1,1,1,1,562,0.0
563,1,0,736,10,993,0.051
564,1,0,41,4,863,0.0885
565,1,1,1,1,565,0.0005
566,1,0,212,1,410,0.0095
567,1,0,87,5,41,0.1755
568,1,0,50,4,131,0.072
569,1,0,555,1,348,0.025
570,1,0,173,10,948,0.3505
571,1,0,214,1,353,0.019
572,1,0,41,2,695,0.1145
573,1,0,243,2,844,0.748
574,1,0,93,3,526,0.054
575,1,0,3,1,620,0.0
576,1,0,547,1,855,0.0215
577,1,0,20,6,320,0.2915
578,1,0,476,5,554,0.074
579,1,1,1,1,579,0.0005
580,1,0,657,2,672,0.1395
581,1,0,188,2,165,0.067
582,1,0,31,2,845,0.2305
583,1,0,743,4,294,0.09
584,1,0,3,1,402,0.0055
585,1,0,574,1,556,0.0
586,1,0,112,2,553,0.0795
587,1,0,211,6,620,0.1585
588,1,0,58,2,192,0.08
589,1,0,647,2,555,0.417
590,1,0,50,1,192,0.0005
591,1,0,927,7,455,0.058
592,1,0,4,1,69,0.0095
593,1,0,113,8,213,0.106
594,1,0,277,5,948,0.168
595,1,0,427,4,850,0.1205
596,1,0,119,1,437,0.0
597,1,0,28,1,351,0.0
598,1,0,4,1,410,0.0235
599,1,0,39,1,78,0.0
600,1,0,193,15,911,0.0505
601,1,0,74,3,625,0.2895
602,1,0,41,2,627,0.1685
603,1,0,3,2,718,0.608
604,1,0,84,2,914,0.0945
605,1,0,48,5,65,0.0915
606,1,0,390,5,459,0.144
607,1,0,834,7,53,0.1865
608,1,1,1,1,608,0.0
609,1,0,129,1,406,0.001
610,1,0,563,1,556,0.031
611,1,0,88,4,105,0.0505
612,1,0,252,1,190,0.0005
613,1,0,635,1,22,0.0115
614,1,0,228,1,42,0.0085
615,1,0,20,7,255,0.053
616,1,0,15,7,239,0.054
617,1,0,119,1,445,0.0
618,1,0,637,5,644,0.0785
619,1,0,33,6,443,0.112
620,1,0,5,2,889,0.198
621,1,0,630,1,512,0.0005
622,1,0,45,3,107,0.576
623,1,0,23,1,42,0.0
624,1,0,166,3,410,0.066
625,1,0,26,1,69,0.0015
626,1,0,43,1,932,0.0065
627,1,0,2,1,934,0.0015
628,1,0,17,4,457,0.322
629,1,0,127,1,702,0.0
630,1,0,57,3,599,0.8285
631,1,0,55,1,289,0.021
632,1,1,1,1,632,0.0005
633,1,1,5,5,357,0.276
634,1,0,8,1,426,0.0165
635,1,0,209,15,660,0.0525
636,1,0,599,2,293,0.1415
637,1,0,954,2,300,0.2115
638,1,0,269,6,497,0.2005
639,1,0,391,1,510,0.0105
640,1,0,606,9,598,0.0905
641,1,0,39,1,553,0.0
642,1,0,6,1,914,0.0
643,1,0,15,3,348,0.4575
644,1,0,164,1,586,0.001
645,1,0,355,4,50,0.0775
646,1,1,3,3,597,0.3685
647,1,0,102,5,875,0.064
648,1,0,993,1,389,0.0
649,1,0,14,1,556,0.002
650,1,0,24,1,779,0.0135
651,1,0,569,15,211,0.076
652,1,0,3,1,191,0.0
653,1,0,259,4,850,0.05
654,1,0,23,3,437,0.1235
655,1,1,1,1,655,0.0015
656,1,0,5,2,233,0.236
657,1,1,1,1,657,0.0
658,1,1,2,2,822,0.0865
659,1,0,341,3,934,0.4745
660,1,1,2,3,269,0.0865
661,1,0,15,3,526,0.0855
662,1,0,65,6,259,0.212
663,1,0,367,3,505,0.075
664,1,0,56,1,226,0.0025
665,1,0,12,2,148,0.0755
666,1,0,166,1,191,0.0
667,1,0,9,2,712,0.0705
668,1,0,41,1,71,0.0285
669,1,0,2,1,98,0.0
670,1,0,979,1,154,0.0
671,1,0,162,2,68,0.0565
672,1,0,115,2,694,0.2455
673,1,0,58,2,850,0.2115
674,1,0,628,5,895,0.1015
675,1,0,108,1,745,0.0
676,1,0,40,1,671,0.0015
677,1,0,294,3,216,0.1995
678,1,0,11,3,512,0.4425
679,1,0,3,1,297,0.0155
680,1,0,8,2,421,0.726
681,1,0,51,1,307,0.0
682,1,0,494,2,510,0.794
683,1,0,64,2,948,0.0785
684,1,0,69,1,702,0.0005
685,1,0,115,2,231,0.1805
686,1,0,64,2,269,0.053
687,1,1,1,1,687,0.0005
688,1,0,347,3,317,0.223
689,1,0,210,3,102,0.3845
690,1,0,972,1,928,0.0015
691,1,0,71,2,717,0.641
692,1,0,45,1,902,0.0
693,1,0,490,2,741,0.2355
694,1,1,2,8,772,0.1265
695,1,1,1,3,695,0.276
696,1,1,2,2,914,0.1035
697,1,0,174,8,913,0.094
698,1,0,514,1,519,0.0005
699,1,0,828,1,555,0.0005
700,1,1,3,3,783,0.0825
701,1,0,721,2,336,0.116
702,1,1,1,3,702,0.054
703,1,0,310,3,337,0.886
704,1,0,10,1,130,0.0
705,1,0,168,1,183,0.0155
706,1,0,249,2,597,0.372
707,1,0,154,3,241,0.157
708,1,1,6,6,931,0.309
709,1,0,277,2,307,0.5225
710,1,0,17,3,565,0.0575
711,1,0,95,1,772,0.0
712,1,0,10,6,302,0.064
713,1,0,3,1,597,0.0
714,1,0,717,10,641,0.283
715,1,0,27,1,54,0.0425
716,1,0,175,1,197,0.016
717,1,1,1,2,717,0.08
718,1,0,11,3,966,0.8
719,1,0,196,10,441,0.1315
720,1,0,96,2,220,0.259
721,1,0,164,3,781,0.0865
722,1,0,219,1,934,0.003
723,1,0,251,6,204,0.107
724,1,1,1,1,724,0.0005
725,1,0,6,2,50,0.3905
726,1,0,86,10,625,0.269
727,1,0,9,2,220,0.0535
728,1,1,4,5,443,0.092
729,1,0,59,2,889,0.1115
730,1,0,369,1,134,0.0
731,1,0,25,1,320,0.0
732,1,0,10,2,663,0.3935
733,1,0,358,4,728,0.1415
734,1,0,418,3,273,0.359
735,1,0,21,1,692,0.0135
736,1,1,1,6,736,0.055
737,1,0,877,4,137,0.106
738,1,0,140,4,142,0.0635
739,1,0,28,1,461,0.001
740,1,0,29,1,717,0.0
741,1,0,7,3,117,0.253
742,1,0,67,2,750,0.2325
743,1,0,494,9,450,0.0685
744,1,0,591,1,850,0.0415
745,1,0,235,2,430,0.507
746,1,0,21,2,515,0.1085
747,1,1,5,7,588,0.708
748,1,0,88,1,439,0.0255
749,1,1,1,2,749,0.6605
750,1,1,1,3,750,0.3275
751,1,0,11,6,538,0.08
752,1,0,21,1,792,0.0015
753,1,0,627,2,105,0.143
754,1,0,11,1,454,0.0
755,1,0,516,1,673,0.0
756,1,1,9,9,902,0.0835
757,1,0,96,4,479,0.084
758,1,0,300,5,348,0.1465
759,1,0,69,8,247,0.0515
760,1,0,534,1,512,0.0
761,1,1,3,3,947,0.388
762,1,0,62,7,193,0.193
763,1,0,133,3,231,0.1585
764,1,0,12,4,863,0.2405
765,1,0,312,1,410,0.0
766,1,0,398,8,226,0.05
767,1,0,31,4,833,0.1015
768,1,1,1,2,768,0.082
769,1,0,20,1,620,0.0015
770,1,0,13,2,597,0.179
771,1,0,530,3,554,0.584
772,1,0,9,2,142,0.7075
773,1,0,6,1,437,0.0
774,1,0,12,5,107,0.1035
775,1,0,146,2,620,0.0615
776,1,0,94,3,863,0.2225
777,1,0,19,2,437,0.274
778,1,0,137,2,320,0.105
779,1,0,37,8,231,0.1725
780,1,0,34,5,914,0.1165
781,1,0,5,3,799,0.6105
782,1,0,29,5,510,0.1055
783,1,1,1,4,783,0.0645
784,1,0,70,1,878,0.0075
785,1,0,605,1,799,0.0
786,1,0,66,2,614,0.8855
787,1,0,164,1,46,0.0
788,1,0,74,3,430,0.4985
789,1,1,1,5,789,0.1
790,1,0,388,2,733,0.1935
791,1,0,11,3,71,0.1625
792,1,1,2,2,718,0.7945
793,1,0,227,4,320,0.061
794,1,0,223,7,145,0.0655
795,1,0,359,3,139,0.131
796,1,1,8,8,773,0.074
797,1,0,13,1,910,0.0005
798,1,0,39,1,692,0.02
799,1,1,1,1,799,0.0
800,1,0,13,4,934,0.055
801,1,0,28,3,356,0.269
802,1,0,17,4,874,0.2575
803,1,0,22,1,226,0.0
804,1,0,181,1,620,0.0
805,1,0,6,1,620,0.0015
806,1,0,61,2,597,0.475
807,1,0,37,3,555,0.844
808,1,1,4,6,266,0.8625
809,1,0,18,1,414,0.0
810,1,0,3,1,461,0.0235
811,1,1,1,2,811,0.126
812,1,0,179,1,328,0.0005
813,1,0,81,3,328,0.109
814,1,0,310,6,423,0.0715
815,1,0,236,14,193,0.056
816,1,1,1,1,816,0.0
817,1,0,48,8,171,0.069
818,1,0,10,9,69,0.13
819,1,0,556,2,795,0.0505
820,1,0,41,1,914,0.0
821,1,0,227,5,231,0.0585
822,1,0,187,8,855,0.05
823,1,0,128,1,603,0.0
824,1,0,17,4,191,0.3085
825,1,1,7,8,879,0.0915
826,1,0,78,4,696,0.075
827,1,0,15,1,902,0.004
828,1,0,8,2,470,0.392
829,1,0,428,2,8,0.546
830,1,0,742,1,189,0.001
831,1,0,53,5,614,0.92
832,1,1,3,3,356,0.184
833,1,0,17,1,966,0.002
834,1,0,222,2,902,0.076
835,1,0,794,3,935,0.098
836,1,0,633,9,76,0.0625
837,1,0,640,9,432,0.0755
838,1,0,396,4,725,0.19
839,1,0,138,7,557,0.0705
840,1,0,89,4,643,0.0785
841,1,0,103,1,191,0.0
842,1,0,9,4,188,0.0535
843,1,0,252,1,410,0.013
844,1,0,66,1,689,0.0265
845,1,0,456,1,745,0.0
846,1,0,590,5,363,0.054
847,1,0,162,6,357,0.4285
848,1,0,41,4,439,0.061
849,1,0,143,4,832,0.1895
850,1,0,66,3,597,0.682
851,1,0,13,2,71,0.1295
852,1,0,124,2,117,0.479
853,1,0,39,7,736,0.1695
854,1,0,323,1,353,0.001
855,1,1,1,1,855,0.026
856,1,0,6,4,83,0.0965
857,1,0,372,7,750,0.0715
858,1,0,544,16,482,0.0865
859,1,0,30,1,285,0.0195
860,1,0,10,1,98,0.0025
861,1,1,3,7,204,0.0885
862,1,0,52,1,410,0.0
863,1,0,4,3,914,0.052
864,1,0,627,8,44,0.234
865,1,0,475,2,614,0.9735
866,1,0,316,4,240,0.559
867,1,0,34,1,145,0.0115
868,1,0,4,1,860,0.014
869,1,0,854,1,522,0.0
870,1,0,957,1,868,0.005
871,1,0,9,1,914,0.007
872,1,0,9,4,891,0.099
873,1,0,195,1,822,0.0135
874,1,0,28,2,410,0.058
875,1,0,16,2,850,0.661
876,1,1,2,4,875,0.1315
877,1,0,275,4,87,0.25
878,1,0,3,2,439,0.0545
879,1,0,24,1,889,0.0
880,1,0,190,5,439,0.0795
881,1,0,391,1,337,0.0085
882,1,0,237,4,31,0.0945
883,1,0,252,4,687,0.11
884,1,0,30,2,117,0.0715
885,1,0,125,3,263,0.146
886,1,0,201,5,694,0.058
887,1,0,63,8,26,0.0595
888,1,0,760,8,556,0.0915
889,1,1,1,1,889,0.002
890,1,0,561,13,675,0.0855
891,1,0,13,7,749,0.1095
892,1,0,166,2,470,0.2685
893,1,0,401,1,31,0.022
894,1,0,200,2,961,0.072
895,1,1,1,1,895,0.0
896,1,0,380,3,889,0.233
897,1,0,4,2,231,0.168
898,1,0,302,5,720,0.292
899,1,0,94,3,832,0.0815
900,1,0,30,4,932,0.054
901,1,0,23,4,920,0.317
902,1,1,1,3,902,0.089
903,1,0,677,2,139,0.451
904,1,0,219,9,156,0.062
905,1,1,1,1,905,0.046
906,1,0,48,3,717,0.89
907,1,1,1,1,907,0.0
908,1,1,1,1,908,0.024
909,1,0,677,1,76,0.002
910,1,0,546,1,191,0.0
911,1,0,33,1,914,0.0135
912,1,0,268,4,779,0.085
913,1,0,21,2,526,0.636
914,1,1,1,1,914,0.027
915,1,0,126,1,620,0.024
916,1,0,50,6,249,0.301
917,1,0,7,5,410,0.252
918,1,0,28,2,868,0.0625
919,1,0,338,3,678,0.055
920,1,0,12,3,749,0.15
921,1,0,458,6,643,0.107
922,1,0,5,1,946,0.007
923,1,0,233,1,226,0.0
924,1,1,1,1,924,0.0
925,1,0,30,1,643,0.001
926,1,0,15,1,88,0.015
927,1,0,796,4,264,0.248
928,1,0,49,3,783,0.176
929,1,0,71,4,799,0.298
930,1,0,16,1,889,0.0005
931,1,0,9,3,148,0.06
932,1,1,1,1,932,0.0005
933,1,0,20,5,575,0.105
934,1,0,2,1,749,0.021
935,1,0,124,1,875,0.0465
936,1,0,607,3,555,0.703
937,1,0,162,1,519,0.0
938,1,0,15,6,851,0.1675
939,1,0,521,3,647,0.94
940,1,0,7,2,992,0.7915
941,1,0,90,1,692,0.0355
942,1,0,35,2,572,0.0955
943,1,0,247,1,241,0.009
944,1,0,282,2,204,0.161
945,1,0,620,4,264,0.2425
946,1,0,6,3,430,0.213
947,1,0,24,1,935,0.0
948,1,0,3,1,231,0.0315
949,1,0,386,3,26,0.521
950,1,0,219,8,31,0.1545
951,1,0,354,2,191,0.942
952,1,0,474,7,220,0.308
953,1,0,738,1,687,0.0
954,1,0,19,2,357,0.362
955,1,0,400,3,642,0.6555
956,1,0,50,7,963,0.0605
957,1,1,1,1,957,0.0
958,1,0,75,1,681,0.0
959,1,0,78,2,8,0.221
960,1,0,598,9,438,0.067
961,1,1,8,7,795,0.126
962,1,0,77,6,672,0.054
963,1,0,92,2,145,0.3955
964,1,0,108,2,31,0.56
965,1,0,72,1,427,0.0
966,1,1,1,1,966,0.0
967,1,0,62,1,695,0.0235
968,1,1,19,20,798,0.0755
969,1,0,59,1,948,0.0205
970,1,0,10,1,356,0.0365
971,1,0,126,1,410,0.0285
972,1,0,282,2,31,0.1585
973,1,0,145,1,673,0.0
974,1,1,3,4,117,0.0745
975,1,0,84,1,934,0.0
976,1,0,47,12,197,0.0705
977,1,0,899,1,672,0.0495
978,1,0,25,1,131,0.0455
979,1,0,48,2,620,0.8445
980,1,0,73,6,675,0.1155
981,1,0,798,1,652,0.0
982,1,0,356,2,50,0.0595
983,1,0,516,6,874,0.0625
984,1,0,38,2,175,0.1305
985,1,0,418,6,547,0.053
986,1,0,70,8,793,0.0665
987,1,0,629,1,875,0.0
988,1,0,477,1,875,0.0
989,1,0,131,3,261,0.099
990,1,0,276,1,83,0.0
991,1,0,271,2,337,0.43
992,1,0,19,2,192,0.1085
993,1,0,10,2,828,0.435
994,1,0,26,2,911,0.0585
995,1,0,200,4,620,0.0765
996,1,0,378,4,187,0.1085
997,1,0,205,1,357,0.031
998,1,0,19,2,889,0.352
999,1,0,171,11,667,0.115
1000,1,0,452,12,875,0.061
